ISO-10303-21;
HEADER;
FILE_DESCRIPTION (( 'STEP AP214' ),
    '1' );
FILE_NAME ('Z250B-1-7A工作台板.STEP',
    '2026-04-20T06:32:35',
    ( '' ),
    ( '' ),
    'SwSTEP 2.0',
    'SolidWorks 2016',
    '' );
FILE_SCHEMA (( 'AUTOMOTIVE_DESIGN' ));
ENDSEC;

DATA;
#1 = AXIS2_PLACEMENT_3D ( 'NONE', #1738, #210, #2895 ) ;
#2 = ORIENTED_EDGE ( 'NONE', *, *, #1550, .F. ) ;
#3 =( NAMED_UNIT ( * ) SI_UNIT ( $, .STERADIAN. ) SOLID_ANGLE_UNIT ( ) );
#4 = EDGE_CURVE ( 'NONE', #1850, #191, #4176, .T. ) ;
#5 = FACE_OUTER_BOUND ( 'NONE', #2699, .T. ) ;
#6 = VERTEX_POINT ( 'NONE', #145 ) ;
#7 = DIRECTION ( 'NONE',  ( -0.0000000000000000000, -1.000000000000000000, -0.0000000000000000000 ) ) ;
#8 = CARTESIAN_POINT ( 'NONE',  ( 57.50000000000018500, 13.99999999999999600, 700.0000000000000000 ) ) ;
#9 = DIRECTION ( 'NONE',  ( 0.0000000000000000000, 0.0000000000000000000, 1.000000000000000000 ) ) ;
#10 = AXIS2_PLACEMENT_3D ( 'NONE', #4166, #1227, #1176 ) ;
#11 = CARTESIAN_POINT ( 'NONE',  ( 39.50000000000015600, 22.99999999999999600, 700.0000000000000000 ) ) ;
#12 =( BOUNDED_CURVE ( )  B_SPLINE_CURVE ( 3, ( #2294, #4466, #3448, #1553 ),
 .UNSPECIFIED., .F., .F. ) 
 B_SPLINE_CURVE_WITH_KNOTS ( ( 4, 4 ),
 ( 1.782371286552992600, 1.802874009657610100 ),
 .UNSPECIFIED. ) 
 CURVE ( )  GEOMETRIC_REPRESENTATION_ITEM ( )  RATIONAL_B_SPLINE_CURVE ( ( 1.000000000000000000, 0.9999649701688844200, 0.9999649701688844200, 1.000000000000000000 ) ) 
 REPRESENTATION_ITEM ( '' )  );
#13 = EDGE_CURVE ( 'NONE', #4922, #2297, #1111, .T. ) ;
#14 = ORIENTED_EDGE ( 'NONE', *, *, #1352, .T. ) ;
#15 = PLANE ( 'NONE',  #2100 ) ;
#16 = CARTESIAN_POINT ( 'NONE',  ( 87.50000000000000000, -417.5000000000001100, 700.0000000000000000 ) ) ;
#17 = ADVANCED_FACE ( 'NONE', ( #3476 ), #2819, .F. ) ;
#18 = LINE ( 'NONE', #2439, #1920 ) ;
#19 = ORIENTED_EDGE ( 'NONE', *, *, #2094, .T. ) ;
#20 = ORIENTED_EDGE ( 'NONE', *, *, #21, .F. ) ;
#21 = EDGE_CURVE ( 'NONE', #2086, #4410, #2716, .T. ) ;
#22 = CARTESIAN_POINT ( 'NONE',  ( -15.00000000000004100, -240.0000000000000000, -660.0000000000000000 ) ) ;
#23 = DIRECTION ( 'NONE',  ( -1.000000000000000000, 0.0000000000000000000, 0.0000000000000000000 ) ) ;
#24 = ORIENTED_EDGE ( 'NONE', *, *, #759, .F. ) ;
#25 = CARTESIAN_POINT ( 'NONE',  ( 86.49911572757862600, 14.49911572757875600, 99.95391547137876400 ) ) ;
#26 = ORIENTED_EDGE ( 'NONE', *, *, #1594, .T. ) ;
#27 = DIRECTION ( 'NONE',  ( 0.0000000000000000000, 0.0000000000000000000, -1.000000000000000000 ) ) ;
#28 = ORIENTED_EDGE ( 'NONE', *, *, #4243, .F. ) ;
#29 = DIRECTION ( 'NONE',  ( -3.412570772413390000E-016, 1.000000000000000000, -0.0000000000000000000 ) ) ;
#30 = AXIS2_PLACEMENT_3D ( 'NONE', #978, #3286, #3236 ) ;
#31 = CARTESIAN_POINT ( 'NONE',  ( 86.00000000000031300, -13.99999999999999800, 700.0000000000000000 ) ) ;
#32 = CARTESIAN_POINT ( 'NONE',  ( -32.49999999999998600, -393.7500000000000000, -595.0000000000000000 ) ) ;
#33 = VERTEX_POINT ( 'NONE', #4342 ) ;
#34 = ORIENTED_EDGE ( 'NONE', *, *, #4446, .T. ) ;
#35 = EDGE_CURVE ( 'NONE', #2280, #3484, #1637, .T. ) ;
#36 = LINE ( 'NONE', #3238, #638 ) ;
#37 = FILL_AREA_STYLE_COLOUR ( '', #2339 ) ;
#38 = ADVANCED_FACE ( 'NONE', ( #558 ), #2150, .F. ) ;
#39 = CARTESIAN_POINT ( 'NONE',  ( 87.50000000000005700, -284.5000000000000000, -700.0000000000000000 ) ) ;
#40 = CARTESIAN_POINT ( 'NONE',  ( 86.00000000000031300, -13.99999999999999800, -700.0000000000000000 ) ) ;
#41 = DIRECTION ( 'NONE',  ( 4.649058915617843000E-015, 1.000000000000000000, 0.0000000000000000000 ) ) ;
#42 = DIRECTION ( 'NONE',  ( 0.0000000000000000000, 0.0000000000000000000, -1.000000000000000000 ) ) ;
#43 = ORIENTED_EDGE ( 'NONE', *, *, #890, .F. ) ;
#44 = ORIENTED_EDGE ( 'NONE', *, *, #994, .T. ) ;
#45 = LINE ( 'NONE', #2161, #2376 ) ;
#46 = CARTESIAN_POINT ( 'NONE',  ( 37.50000000000011400, -170.9999999999999700, 700.0000000000000000 ) ) ;
#47 = VECTOR ( 'NONE', #552, 1000.000000000000000 ) ;
#48 = CARTESIAN_POINT ( 'NONE',  ( 39.50000000000015600, -22.99999999999999600, 700.0000000000000000 ) ) ;
#49 = DIRECTION ( 'NONE',  ( -0.5150380749100554900, 0.0000000000000000000, 0.8571673007021115600 ) ) ;
#50 = COLOUR_RGB ( '',0.6470588235294118000, 0.6196078431372549200, 0.5882352941176470800 ) ;
#51 = DIRECTION ( 'NONE',  ( 0.7071067811865474600, -0.7071067811865474600, -0.0000000000000000000 ) ) ;
#52 = VECTOR ( 'NONE', #3122, 1000.000000000000100 ) ;
#53 = DIRECTION ( 'NONE',  ( 1.000000000000000000, -0.0000000000000000000, -0.0000000000000000000 ) ) ;
#54 = SURFACE_STYLE_FILL_AREA ( #3334 ) ;
#55 = EDGE_CURVE ( 'NONE', #4410, #4584, #3574, .T. ) ;
#56 = CARTESIAN_POINT ( 'NONE',  ( 57.50000000000011400, -171.9999999999998900, 700.0000000000000000 ) ) ;
#57 = VECTOR ( 'NONE', #3036, 1000.000000000000100 ) ;
#58 = ORIENTED_EDGE ( 'NONE', *, *, #4285, .T. ) ;
#59 = DIRECTION ( 'NONE',  ( -1.000000000000000000, -0.0000000000000000000, -0.0000000000000000000 ) ) ;
#60 = AXIS2_PLACEMENT_3D ( 'NONE', #1103, #3421, #1816 ) ;
#61 = ADVANCED_FACE ( 'NONE', ( #3866 ), #4122, .F. ) ;
#62 = ORIENTED_EDGE ( 'NONE', *, *, #926, .T. ) ;
#63 = EDGE_CURVE ( 'NONE', #4087, #795, #4790, .T. ) ;
#64 = EDGE_CURVE ( 'NONE', #3759, #3057, #502, .T. ) ;
#65 = LINE ( 'NONE', #1199, #1973 ) ;
#66 = DIRECTION ( 'NONE',  ( -0.5150380749100554900, 1.049727191138617700E-016, -0.8571673007021115600 ) ) ;
#67 = DIRECTION ( 'NONE',  ( -1.000000000000000000, -0.0000000000000000000, -0.0000000000000000000 ) ) ;
#68 = DIRECTION ( 'NONE',  ( -0.0000000000000000000, -1.000000000000000000, -0.0000000000000000000 ) ) ;
#69 = DIRECTION ( 'NONE',  ( 1.000000000000000000, -0.0000000000000000000, -0.0000000000000000000 ) ) ;
#70 =( BOUNDED_CURVE ( )  B_SPLINE_CURVE ( 3, ( #394, #4175, #4556, #1513 ),
 .UNSPECIFIED., .F., .T. ) 
 B_SPLINE_CURVE_WITH_KNOTS ( ( 4, 4 ),
 ( 4.934203450881485200, 4.944466663247403000 ),
 .UNSPECIFIED. ) 
 CURVE ( )  GEOMETRIC_REPRESENTATION_ITEM ( )  RATIONAL_B_SPLINE_CURVE ( ( 1.000000000000000000, 0.9999912222252567200, 0.9999912222252567200, 1.000000000000000000 ) ) 
 REPRESENTATION_ITEM ( '' )  );
#71 = PRESENTATION_STYLE_ASSIGNMENT (( #2873 ) ) ;
#72 = CARTESIAN_POINT ( 'NONE',  ( -87.50000000000004300, -240.0000000000000000, -673.2500000000000000 ) ) ;
#73 = VECTOR ( 'NONE', #2639, 1000.000000000000000 ) ;
#74 = CARTESIAN_POINT ( 'NONE',  ( 56.50000000000022000, -127.0000000000000000, 700.0000000000000000 ) ) ;
#75 = FACE_BOUND ( 'NONE', #1685, .T. ) ;
#76 = EDGE_CURVE ( 'NONE', #3396, #2536, #4238, .T. ) ;
#77 = VECTOR ( 'NONE', #2238, 1000.000000000000000 ) ;
#78 = CARTESIAN_POINT ( 'NONE',  ( 37.50000000000014900, 22.99999999999999600, 700.0000000000000000 ) ) ;
#79 = ORIENTED_EDGE ( 'NONE', *, *, #267, .F. ) ;
#80 = CARTESIAN_POINT ( 'NONE',  ( 56.50000000000022000, -127.0000000000000000, -700.0000000000000000 ) ) ;
#81 = ORIENTED_EDGE ( 'NONE', *, *, #331, .T. ) ;
#82 = CYLINDRICAL_SURFACE ( 'NONE', #2295, 3.399999999999958600 ) ;
#83 = ORIENTED_EDGE ( 'NONE', *, *, #2459, .T. ) ;
#84 = ORIENTED_EDGE ( 'NONE', *, *, #732, .F. ) ;
#85 = CONICAL_SURFACE ( 'NONE', #1521, 3.399999999999958600, 1.029744258676654100 ) ;
#86 = ADVANCED_FACE ( 'NONE', ( #3687 ), #2415, .F. ) ;
#87 = EDGE_CURVE ( 'NONE', #3073, #692, #804, .T. ) ;
#88 = DIRECTION ( 'NONE',  ( 1.000000000000000000, -4.625929269271481400E-015, 0.0000000000000000000 ) ) ;
#89 = EDGE_CURVE ( 'NONE', #2360, #4045, #3056, .T. ) ;
#90 = ORIENTED_EDGE ( 'NONE', *, *, #3853, .F. ) ;
#91 = VERTEX_POINT ( 'NONE', #1705 ) ;
#92 = AXIS2_PLACEMENT_3D ( 'NONE', #3617, #965, #2489 ) ;
#93 = CARTESIAN_POINT ( 'NONE',  ( 87.50000000000005700, -315.5000000000000000, 700.0000000000000000 ) ) ;
#94 = EDGE_LOOP ( 'NONE', ( #4244, #193, #4298 ) ) ;
#95 = DIRECTION ( 'NONE',  ( 1.000000000000000000, -0.0000000000000000000, -0.0000000000000000000 ) ) ;
#96 = ORIENTED_EDGE ( 'NONE', *, *, #1683, .T. ) ;
#97 =( GEOMETRIC_REPRESENTATION_CONTEXT ( 3 ) GLOBAL_UNCERTAINTY_ASSIGNED_CONTEXT ( ( #3525 ) ) GLOBAL_UNIT_ASSIGNED_CONTEXT ( ( #4710, #144, #2817 ) ) REPRESENTATION_CONTEXT ( 'NONE', 'WORKASPACE' ) );
#98 = EDGE_LOOP ( 'NONE', ( #4721, #1203, #928, #1690 ) ) ;
#99 = VERTEX_POINT ( 'NONE', #2450 ) ;
#100 = VERTEX_POINT ( 'NONE', #2466 ) ;
#101 = SURFACE_STYLE_USAGE ( .BOTH. , #4224 ) ;
#102 = LINE ( 'NONE', #3661, #2615 ) ;
#103 = CONICAL_SURFACE ( 'NONE', #3849, 3.399999999999958600, 1.029744258676654100 ) ;
#104 = PLANE ( 'NONE',  #4472 ) ;
#105 = CONICAL_SURFACE ( 'NONE', #3128, 3.399999999999958600, 1.029744258676654100 ) ;
#106 = EDGE_LOOP ( 'NONE', ( #4102, #2602, #4813 ) ) ;
#107 = VERTEX_POINT ( 'NONE', #553 ) ;
#108 = DIRECTION ( 'NONE',  ( 0.7071067811865474600, -0.7071067811865474600, 0.0000000000000000000 ) ) ;
#109 = FACE_OUTER_BOUND ( 'NONE', #2454, .T. ) ;
#110 = ADVANCED_FACE ( 'NONE', ( #2883 ), #3242, .T. ) ;
#111 = PRESENTATION_STYLE_ASSIGNMENT (( #4424 ) ) ;
#112 = VECTOR ( 'NONE', #2734, 1000.000000000000000 ) ;
#113 = EDGE_CURVE ( 'NONE', #2097, #761, #1384, .T. ) ;
#114 = ORIENTED_EDGE ( 'NONE', *, *, #1025, .F. ) ;
#115 = AXIS2_PLACEMENT_3D ( 'NONE', #2545, #190, #3997 ) ;
#116 = LINE ( 'NONE', #2762, #52 ) ;
#117 = CARTESIAN_POINT ( 'NONE',  ( -15.00000000000004100, 240.0000000000000000, -646.7500000000000000 ) ) ;
#118 = FILL_AREA_STYLE ('',( #147 ) ) ;
#119 = ORIENTED_EDGE ( 'NONE', *, *, #2659, .T. ) ;
#120 = ORIENTED_EDGE ( 'NONE', *, *, #2391, .F. ) ;
#121 = CARTESIAN_POINT ( 'NONE',  ( 57.50000000000009900, -286.0000000000000600, 700.0000000000000000 ) ) ;
#122 = DIRECTION ( 'NONE',  ( 0.0000000000000000000, -0.5150380749100544900, -0.8571673007021121100 ) ) ;
#123 = CARTESIAN_POINT ( 'NONE',  ( 39.50000000000009200, 277.0000000000000000, -700.0000000000000000 ) ) ;
#124 = AXIS2_PLACEMENT_3D ( 'NONE', #4398, #4784, #4346 ) ;
#125 = ORIENTED_EDGE ( 'NONE', *, *, #1547, .F. ) ;
#126 = EDGE_CURVE ( 'NONE', #3942, #3906, #918, .T. ) ;
#127 = LINE ( 'NONE', #4017, #182 ) ;
#128 = ORIENTED_EDGE ( 'NONE', *, *, #1844, .T. ) ;
#129 = ADVANCED_FACE ( 'NONE', ( #3307 ), #3621, .F. ) ;
#130 = EDGE_LOOP ( 'NONE', ( #2148, #1998, #2190, #2647 ) ) ;
#131 = DIRECTION ( 'NONE',  ( 0.0000000000000000000, 0.0000000000000000000, 1.000000000000000000 ) ) ;
#132 = ORIENTED_EDGE ( 'NONE', *, *, #1434, .T. ) ;
#133 = EDGE_CURVE ( 'NONE', #405, #2960, #3682, .T. ) ;
#134 = LINE ( 'NONE', #1110, #3174 ) ;
#135 = DIRECTION ( 'NONE',  ( 1.000000000000000000, -0.0000000000000000000, -0.0000000000000000000 ) ) ;
#136 = ORIENTED_EDGE ( 'NONE', *, *, #267, .T. ) ;
#137 = CARTESIAN_POINT ( 'NONE',  ( 85.99999999999987200, 13.99999999999999800, -99.52009847262000600 ) ) ;
#138 = EDGE_LOOP ( 'NONE', ( #1939, #4712, #785, #2609 ) ) ;
#139 = CIRCLE ( 'NONE', #4775, 100.0000000000000000 ) ;
#140 = DIRECTION ( 'NONE',  ( 0.0000000000000000000, 0.0000000000000000000, -1.000000000000000000 ) ) ;
#141 = AXIS2_PLACEMENT_3D ( 'NONE', #2293, #3824, #837 ) ;
#142 = EDGE_LOOP ( 'NONE', ( #2118, #725, #2191, #3198 ) ) ;
#143 = DIRECTION ( 'NONE',  ( -0.0000000000000000000, -1.000000000000000000, -0.0000000000000000000 ) ) ;
#144 =( NAMED_UNIT ( * ) PLANE_ANGLE_UNIT ( ) SI_UNIT ( $, .RADIAN. ) );
#145 = CARTESIAN_POINT ( 'NONE',  ( 85.99999999999987200, 13.99999999999999800, 700.0000000000000000 ) ) ;
#146 = ORIENTED_EDGE ( 'NONE', *, *, #2281, .F. ) ;
#147 = FILL_AREA_STYLE_COLOUR ( '', #867 ) ;
#148 = VECTOR ( 'NONE', #3684, 1000.000000000000000 ) ;
#149 = ORIENTED_EDGE ( 'NONE', *, *, #2224, .T. ) ;
#150 = AXIS2_PLACEMENT_3D ( 'NONE', #1359, #3982, #2507 ) ;
#151 = ORIENTED_EDGE ( 'NONE', *, *, #4430, .T. ) ;
#152 = ORIENTED_EDGE ( 'NONE', *, *, #3697, .T. ) ;
#153 = EDGE_CURVE ( 'NONE', #4112, #2017, #2704, .T. ) ;
#154 = DIRECTION ( 'NONE',  ( 3.412570772413391000E-016, -1.000000000000000000, 0.0000000000000000000 ) ) ;
#155 = DIRECTION ( 'NONE',  ( 0.0000000000000000000, -0.7071067811865475700, 0.7071067811865475700 ) ) ;
#156 = ADVANCED_FACE ( 'NONE', ( #1688 ), #612, .F. ) ;
#157 = LINE ( 'NONE', #3492, #4188 ) ;
#158 = EDGE_LOOP ( 'NONE', ( #1986, #1657, #4531, #4064 ) ) ;
#159 = CONICAL_SURFACE ( 'NONE', #1441, 3.399999999999958600, 1.029744258676654100 ) ;
#160 = DIRECTION ( 'NONE',  ( 1.049727191138618400E-016, -0.5150380749100544900, 0.8571673007021121100 ) ) ;
#161 = FACE_OUTER_BOUND ( 'NONE', #1161, .T. ) ;
#162 = DIRECTION ( 'NONE',  ( 0.0000000000000000000, 0.0000000000000000000, 1.000000000000000000 ) ) ;
#163 = ORIENTED_EDGE ( 'NONE', *, *, #322, .F. ) ;
#164 = DIRECTION ( 'NONE',  ( -0.0000000000000000000, 0.0000000000000000000, 1.000000000000000000 ) ) ;
#165 = CARTESIAN_POINT ( 'NONE',  ( -62.49999999999999300, -420.0000000000000000, 684.9999999999998900 ) ) ;
#166 = DIRECTION ( 'NONE',  ( -1.734723475976807800E-016, -1.000000000000000000, 0.0000000000000000000 ) ) ;
#167 = CARTESIAN_POINT ( 'NONE',  ( 37.50000000000014900, 20.99999999999999300, 700.0000000000000000 ) ) ;
#168 = LINE ( 'NONE', #480, #2684 ) ;
#169 = EDGE_LOOP ( 'NONE', ( #4259, #4836, #2186, #1578 ) ) ;
#170 = AXIS2_PLACEMENT_3D ( 'NONE', #1830, #3360, #1100 ) ;
#171 = VECTOR ( 'NONE', #1570, 1000.000000000000000 ) ;
#172 = PRESENTATION_STYLE_ASSIGNMENT (( #4309 ) ) ;
#173 = CARTESIAN_POINT ( 'NONE',  ( 37.50000000000014900, 20.99999999999999300, 700.0000000000000000 ) ) ;
#174 = SURFACE_STYLE_FILL_AREA ( #1951 ) ;
#175 = VECTOR ( 'NONE', #4113, 1000.000000000000100 ) ;
#176 = EDGE_LOOP ( 'NONE', ( #458, #2217, #2140, #1066 ) ) ;
#177 =( GEOMETRIC_REPRESENTATION_CONTEXT ( 3 ) GLOBAL_UNCERTAINTY_ASSIGNED_CONTEXT ( ( #3732 ) ) GLOBAL_UNIT_ASSIGNED_CONTEXT ( ( #3965, #1028, #3980 ) ) REPRESENTATION_CONTEXT ( 'NONE', 'WORKASPACE' ) );
#178 = CARTESIAN_POINT ( 'NONE',  ( 56.49999999999995000, 277.0000000000000000, -700.0000000000000000 ) ) ;
#179 = CARTESIAN_POINT ( 'NONE',  ( 57.50000000000009900, -313.9999999999999400, 700.0000000000000000 ) ) ;
#180 = LINE ( 'NONE', #3958, #2462 ) ;
#181 = ORIENTED_EDGE ( 'NONE', *, *, #3462, .T. ) ;
#182 = VECTOR ( 'NONE', #1341, 1000.000000000000000 ) ;
#183 = STYLED_ITEM ( 'NONE', ( #172 ), #3923 ) ;
#184 = ORIENTED_EDGE ( 'NONE', *, *, #55, .F. ) ;
#185 = CARTESIAN_POINT ( 'NONE',  ( 39.50000000000008500, 277.0000000000000000, 700.0000000000000000 ) ) ;
#186 = ADVANCED_FACE ( 'NONE', ( #869 ), #3415, .F. ) ;
#187 = VERTEX_POINT ( 'NONE', #2887 ) ;
#188 = PLANE ( 'NONE',  #2048 ) ;
#189 = SURFACE_STYLE_FILL_AREA ( #3557 ) ;
#190 = DIRECTION ( 'NONE',  ( -0.7071067811865475700, -0.7071067811865475700, -0.0000000000000000000 ) ) ;
#191 = VERTEX_POINT ( 'NONE', #3274 ) ;
#192 = CARTESIAN_POINT ( 'NONE',  ( 86.99912813379084800, -14.99912813379053800, 100.3856755324213600 ) ) ;
#193 = ORIENTED_EDGE ( 'NONE', *, *, #4747, .T. ) ;
#194 = DIRECTION ( 'NONE',  ( 0.0000000000000000000, 0.0000000000000000000, 1.000000000000000000 ) ) ;
#195 = ADVANCED_FACE ( 'NONE', ( #2529 ), #2765, .F. ) ;
#196 = SURFACE_SIDE_STYLE ('',( #2083 ) ) ;
#197 = DIRECTION ( 'NONE',  ( 0.0000000000000000000, 0.0000000000000000000, 1.000000000000000000 ) ) ;
#198 = CARTESIAN_POINT ( 'NONE',  ( -32.49999999999999300, -393.7500000000000000, -681.6000000000000200 ) ) ;
#199 = ORIENTED_EDGE ( 'NONE', *, *, #2421, .F. ) ;
#200 = ORIENTED_EDGE ( 'NONE', *, *, #2632, .F. ) ;
#201 = ORIENTED_EDGE ( 'NONE', *, *, #3468, .T. ) ;
#202 = ORIENTED_EDGE ( 'NONE', *, *, #3038, .T. ) ;
#203 = AXIS2_PLACEMENT_3D ( 'NONE', #3015, #326, #738 ) ;
#204 = DIRECTION ( 'NONE',  ( 3.412570772413389500E-016, -1.000000000000000000, 0.0000000000000000000 ) ) ;
#205 = ORIENTED_EDGE ( 'NONE', *, *, #2103, .F. ) ;
#206 = CARTESIAN_POINT ( 'NONE',  ( -32.49999999999998600, -420.0000000000000000, -595.0000000000000000 ) ) ;
#207 = CARTESIAN_POINT ( 'NONE',  ( 37.50000000000011400, 170.9999999999999700, 700.0000000000000000 ) ) ;
#208 = ORIENTED_EDGE ( 'NONE', *, *, #479, .T. ) ;
#209 = EDGE_CURVE ( 'NONE', #3797, #1411, #3172, .T. ) ;
#210 = DIRECTION ( 'NONE',  ( -0.0000000000000000000, -1.000000000000000000, -0.0000000000000000000 ) ) ;
#211 =( BOUNDED_CURVE ( )  B_SPLINE_CURVE ( 3, ( #3145, #2010, #1970, #1919 ),
 .UNSPECIFIED., .F., .F. ) 
 B_SPLINE_CURVE_WITH_KNOTS ( ( 4, 4 ),
 ( 1.338718643932183400, 1.348981856298101300 ),
 .UNSPECIFIED. ) 
 CURVE ( )  GEOMETRIC_REPRESENTATION_ITEM ( )  RATIONAL_B_SPLINE_CURVE ( ( 1.000000000000000000, 0.9999912222252567200, 0.9999912222252567200, 1.000000000000000000 ) ) 
 REPRESENTATION_ITEM ( '' )  );
#212 = LINE ( 'NONE', #312, #1122 ) ;
#213 = AXIS2_PLACEMENT_3D ( 'NONE', #1691, #2469, #2841 ) ;
#214 = EDGE_LOOP ( 'NONE', ( #3023, #4117, #4332, #3477 ) ) ;
#215 = LINE ( 'NONE', #454, #4879 ) ;
#216 = EDGE_CURVE ( 'NONE', #520, #4863, #3917, .T. ) ;
#217 = DIRECTION ( 'NONE',  ( -0.0000000000000000000, -0.0000000000000000000, -1.000000000000000000 ) ) ;
#218 = FACE_OUTER_BOUND ( 'NONE', #106, .T. ) ;
#219 = LINE ( 'NONE', #1445, #585 ) ;
#220 = VECTOR ( 'NONE', #4550, 1000.000000000000000 ) ;
#221 = ORIENTED_EDGE ( 'NONE', *, *, #4950, .F. ) ;
#222 = DIRECTION ( 'NONE',  ( -0.0000000000000000000, -1.000000000000000000, -0.0000000000000000000 ) ) ;
#223 = VECTOR ( 'NONE', #1987, 1000.000000000000000 ) ;
#224 = CARTESIAN_POINT ( 'NONE',  ( -32.49999999999999300, -393.7500000000000000, 684.9999999999998900 ) ) ;
#225 = ORIENTED_EDGE ( 'NONE', *, *, #3693, .T. ) ;
#226 = VECTOR ( 'NONE', #540, 1000.000000000000000 ) ;
#227 = EDGE_CURVE ( 'NONE', #761, #33, #914, .T. ) ;
#228 = DIRECTION ( 'NONE',  ( 1.000000000000000000, -0.0000000000000000000, -0.0000000000000000000 ) ) ;
#229 = VERTEX_POINT ( 'NONE', #2155 ) ;
#230 = DIRECTION ( 'NONE',  ( -0.0000000000000000000, -1.000000000000000000, -0.0000000000000000000 ) ) ;
#231 = EDGE_CURVE ( 'NONE', #2879, #4568, #3802, .T. ) ;
#232 = CARTESIAN_POINT ( 'NONE',  ( -6.666666666666613700, 420.8333333333333100, 696.6666666666666300 ) ) ;
#233 = CARTESIAN_POINT ( 'NONE',  ( -87.50000000000000000, -420.0000000000000000, -697.5000000000000000 ) ) ;
#234 = ORIENTED_EDGE ( 'NONE', *, *, #209, .F. ) ;
#235 = PLANE ( 'NONE',  #2721 ) ;
#236 = VERTEX_POINT ( 'NONE', #2612 ) ;
#237 = DIRECTION ( 'NONE',  ( -0.0000000000000000000, -1.000000000000000000, -0.0000000000000000000 ) ) ;
#238 = EDGE_CURVE ( 'NONE', #410, #4096, #866, .T. ) ;
#239 = CARTESIAN_POINT ( 'NONE',  ( -87.50000000000007100, 340.0000000000001100, 700.0000000000000000 ) ) ;
#240 = DIRECTION ( 'NONE',  ( 6.546126324440779700E-016, -1.000000000000000000, 0.0000000000000000000 ) ) ;
#241 = PRESENTATION_STYLE_ASSIGNMENT (( #673 ) ) ;
#242 = EDGE_CURVE ( 'NONE', #2332, #273, #4658, .T. ) ;
#243 = ORIENTED_EDGE ( 'NONE', *, *, #797, .F. ) ;
#244 = SURFACE_STYLE_USAGE ( .BOTH. , #3304 ) ;
#245 = CARTESIAN_POINT ( 'NONE',  ( -32.49999999999998600, -393.7500000000000000, 595.0000000000000000 ) ) ;
#246 = DIRECTION ( 'NONE',  ( 0.0000000000000000000, 1.000000000000000000, 0.0000000000000000000 ) ) ;
#247 = EDGE_CURVE ( 'NONE', #535, #1667, #2353, .T. ) ;
#248 = DIRECTION ( 'NONE',  ( 0.0000000000000000000, 0.7071067811865475700, 0.7071067811865475700 ) ) ;
#249 = VECTOR ( 'NONE', #1573, 1000.000000000000000 ) ;
#250 = VECTOR ( 'NONE', #4794, 1000.000000000000000 ) ;
#251 = CARTESIAN_POINT ( 'NONE',  ( -62.49999999999999300, -393.7500000000000000, 595.0000000000000000 ) ) ;
#252 = CARTESIAN_POINT ( 'NONE',  ( -32.49999999999999300, -420.0000000000000000, -688.3999999999998600 ) ) ;
#253 = CARTESIAN_POINT ( 'NONE',  ( -62.49999999999999300, -420.0000000000000000, -591.6000000000000200 ) ) ;
#254 = AXIS2_PLACEMENT_3D ( 'NONE', #1909, #4607, #4559 ) ;
#255 = ORIENTED_EDGE ( 'NONE', *, *, #2711, .T. ) ;
#256 = DIRECTION ( 'NONE',  ( 0.0000000000000000000, 0.0000000000000000000, -1.000000000000000000 ) ) ;
#257 = CARTESIAN_POINT ( 'NONE',  ( 57.50000000000014900, -136.0000000000000000, -700.0000000000000000 ) ) ;
#258 = EDGE_CURVE ( 'NONE', #2320, #2306, #4284, .T. ) ;
#259 = DIRECTION ( 'NONE',  ( 0.0000000000000000000, 0.0000000000000000000, -1.000000000000000000 ) ) ;
#260 = VERTEX_POINT ( 'NONE', #4094 ) ;
#261 =( NAMED_UNIT ( * ) SI_UNIT ( $, .STERADIAN. ) SOLID_ANGLE_UNIT ( ) );
#262 = DIRECTION ( 'NONE',  ( 0.0000000000000000000, 0.0000000000000000000, -1.000000000000000000 ) ) ;
#263 = CARTESIAN_POINT ( 'NONE',  ( -62.49999999999999300, -393.7500000000000000, -595.0000000000000000 ) ) ;
#264 = DIRECTION ( 'NONE',  ( -1.000000000000000000, -0.0000000000000000000, -0.0000000000000000000 ) ) ;
#265 = ORIENTED_EDGE ( 'NONE', *, *, #1153, .T. ) ;
#266 = ORIENTED_EDGE ( 'NONE', *, *, #568, .T. ) ;
#267 = EDGE_CURVE ( 'NONE', #1042, #4067, #3615, .T. ) ;
#268 = LINE ( 'NONE', #4419, #752 ) ;
#269 = EDGE_LOOP ( 'NONE', ( #3967, #824, #2014 ) ) ;
#270 = EDGE_LOOP ( 'NONE', ( #877, #2603, #2739 ) ) ;
#271 = PLANE ( 'NONE',  #1756 ) ;
#272 = FACE_OUTER_BOUND ( 'NONE', #2729, .T. ) ;
#273 = VERTEX_POINT ( 'NONE', #3002 ) ;
#274 = PLANE ( 'NONE',  #2540 ) ;
#275 = DIRECTION ( 'NONE',  ( 4.625929269271481400E-015, -1.000000000000000000, -0.0000000000000000000 ) ) ;
#276 = EDGE_CURVE ( 'NONE', #3942, #229, #2521, .T. ) ;
#277 = LINE ( 'NONE', #3295, #3581 ) ;
#278 = VECTOR ( 'NONE', #4197, 1000.000000000000000 ) ;
#279 = DIRECTION ( 'NONE',  ( 0.0000000000000000000, -0.0000000000000000000, -1.000000000000000000 ) ) ;
#280 = ORIENTED_EDGE ( 'NONE', *, *, #4132, .F. ) ;
#281 = PRESENTATION_STYLE_ASSIGNMENT (( #4890 ) ) ;
#282 = AXIS2_PLACEMENT_3D ( 'NONE', #2355, #4688, #4843 ) ;
#283 = EDGE_CURVE ( 'NONE', #1411, #3287, #1797, .T. ) ;
#284 = FACE_OUTER_BOUND ( 'NONE', #3867, .T. ) ;
#285 = VECTOR ( 'NONE', #3657, 1000.000000000000000 ) ;
#286 = DIRECTION ( 'NONE',  ( -0.0000000000000000000, -0.0000000000000000000, -1.000000000000000000 ) ) ;
#287 = DIRECTION ( 'NONE',  ( -0.7071067811865475700, 0.7071067811865475700, 0.0000000000000000000 ) ) ;
#288 = VECTOR ( 'NONE', #364, 1000.000000000000100 ) ;
#289 = CARTESIAN_POINT ( 'NONE',  ( 85.99999999999982900, 163.9999999999999700, 700.0000000000000000 ) ) ;
#290 = CARTESIAN_POINT ( 'NONE',  ( 39.50000000000015600, 23.00000000000000700, -97.31906288081488300 ) ) ;
#291 =( GEOMETRIC_REPRESENTATION_CONTEXT ( 3 ) GLOBAL_UNCERTAINTY_ASSIGNED_CONTEXT ( ( #684 ) ) GLOBAL_UNIT_ASSIGNED_CONTEXT ( ( #3683, #4073, #4474 ) ) REPRESENTATION_CONTEXT ( 'NONE', 'WORKASPACE' ) );
#292 = VECTOR ( 'NONE', #2539, 1000.000000000000000 ) ;
#293 = EDGE_LOOP ( 'NONE', ( #4911, #2301, #3508, #58 ) ) ;
#294 = DIRECTION ( 'NONE',  ( -5.782411586589363600E-017, -1.000000000000000000, 0.0000000000000000000 ) ) ;
#295 = DIRECTION ( 'NONE',  ( -1.000000000000000000, 0.0000000000000000000, 0.0000000000000000000 ) ) ;
#296 = VECTOR ( 'NONE', #509, 1000.000000000000000 ) ;
#297 = DIRECTION ( 'NONE',  ( -1.000000000000000000, 3.412570772413389500E-016, 0.0000000000000000000 ) ) ;
#298 = DIRECTION ( 'NONE',  ( 1.000000000000000000, 0.0000000000000000000, 0.0000000000000000000 ) ) ;
#299 = DIRECTION ( 'NONE',  ( 0.0000000000000000000, 0.0000000000000000000, -1.000000000000000000 ) ) ;
#300 = CARTESIAN_POINT ( 'NONE',  ( 186.0000000000000300, 186.0000000000000300, 700.0000000000000000 ) ) ;
#301 = FACE_OUTER_BOUND ( 'NONE', #3891, .T. ) ;
#302 = VERTEX_POINT ( 'NONE', #3400 ) ;
#303 = FACE_OUTER_BOUND ( 'NONE', #811, .T. ) ;
#304 = CARTESIAN_POINT ( 'NONE',  ( -15.00000000000004100, -240.0000000000000000, 660.0000000000000000 ) ) ;
#305 = EDGE_LOOP ( 'NONE', ( #2036, #333, #2843, #2478 ) ) ;
#306 = CARTESIAN_POINT ( 'NONE',  ( 87.50000000000005700, -286.0000000000000600, 700.0000000000000000 ) ) ;
#307 = CARTESIAN_POINT ( 'NONE',  ( 57.50000000000014200, 22.00000000000011400, -97.54998718605757800 ) ) ;
#308 = CARTESIAN_POINT ( 'NONE',  ( 86.00000000000027000, -163.9999999999999700, -700.0000000000000000 ) ) ;
#309 = LINE ( 'NONE', #3679, #3105 ) ;
#310 = DIRECTION ( 'NONE',  ( -1.000000000000000000, -0.0000000000000000000, -0.0000000000000000000 ) ) ;
#311 = UNCERTAINTY_MEASURE_WITH_UNIT (LENGTH_MEASURE( 1.000000000000000100E-005 ), #1890, 'distance_accuracy_value', 'NONE');
#312 = CARTESIAN_POINT ( 'NONE',  ( -15.00000000000004100, -240.0000000000000000, -646.7500000000000000 ) ) ;
#313 = CARTESIAN_POINT ( 'NONE',  ( 87.50000000000005700, -313.9999999999999400, 700.0000000000000000 ) ) ;
#314 = ADVANCED_FACE ( 'NONE', ( #2697 ), #4458, .F. ) ;
#315 = EDGE_LOOP ( 'NONE', ( #1841, #2884, #1237, #4123 ) ) ;
#316 = EDGE_CURVE ( 'NONE', #4922, #187, #3510, .T. ) ;
#317 = VERTEX_POINT ( 'NONE', #4106 ) ;
#318 =( GEOMETRIC_REPRESENTATION_CONTEXT ( 3 ) GLOBAL_UNCERTAINTY_ASSIGNED_CONTEXT ( ( #380 ) ) GLOBAL_UNIT_ASSIGNED_CONTEXT ( ( #323, #1397, #2159 ) ) REPRESENTATION_CONTEXT ( 'NONE', 'WORKASPACE' ) );
#319 = CARTESIAN_POINT ( 'NONE',  ( -32.49999999999999300, -393.7500000000000000, -684.9999999999998900 ) ) ;
#320 = EDGE_CURVE ( 'NONE', #3057, #405, #2593, .T. ) ;
#321 = CARTESIAN_POINT ( 'NONE',  ( 56.50000000000000000, 127.0000000000000000, 700.0000000000000000 ) ) ;
#322 = EDGE_CURVE ( 'NONE', #2097, #3396, #1562, .T. ) ;
#323 =( LENGTH_UNIT ( ) NAMED_UNIT ( * ) SI_UNIT ( .MILLI., .METRE. ) );
#324 = EDGE_CURVE ( 'NONE', #3807, #2781, #1098, .T. ) ;
#325 = ORIENTED_EDGE ( 'NONE', *, *, #3370, .T. ) ;
#326 = DIRECTION ( 'NONE',  ( -1.000000000000000000, -0.0000000000000000000, -0.0000000000000000000 ) ) ;
#327 = AXIS2_PLACEMENT_3D ( 'NONE', #2230, #4151, #4116 ) ;
#328 = VERTEX_POINT ( 'NONE', #1481 ) ;
#329 = DIRECTION ( 'NONE',  ( 0.0000000000000000000, 0.0000000000000000000, 1.000000000000000000 ) ) ;
#330 = ORIENTED_EDGE ( 'NONE', *, *, #499, .F. ) ;
#331 = EDGE_CURVE ( 'NONE', #4173, #1214, #2696, .T. ) ;
#332 = CARTESIAN_POINT ( 'NONE',  ( 86.00000000000000000, -313.9999999999999400, -700.0000000000000000 ) ) ;
#333 = ORIENTED_EDGE ( 'NONE', *, *, #283, .T. ) ;
#334 =( NAMED_UNIT ( * ) PLANE_ANGLE_UNIT ( ) SI_UNIT ( $, .RADIAN. ) );
#335 = VERTEX_POINT ( 'NONE', #2272 ) ;
#336 = CIRCLE ( 'NONE', #1661, 13.24999999999998400 ) ;
#337 = CARTESIAN_POINT ( 'NONE',  ( 57.50000000000014200, 22.00000000000011400, 97.54998718605757800 ) ) ;
#338 = ORIENTED_EDGE ( 'NONE', *, *, #1687, .F. ) ;
#339 = CARTESIAN_POINT ( 'NONE',  ( 57.50000000000006400, 321.9999999999998300, -700.0000000000000000 ) ) ;
#340 = DIRECTION ( 'NONE',  ( -0.7071067811865474600, 0.7071067811865474600, -0.0000000000000000000 ) ) ;
#341 = VECTOR ( 'NONE', #719, 1000.000000000000000 ) ;
#342 = CYLINDRICAL_SURFACE ( 'NONE', #4021, 13.24999999999998400 ) ;
#343 = FACE_OUTER_BOUND ( 'NONE', #3076, .T. ) ;
#344 = ADVANCED_FACE ( 'NONE', ( #4036 ), #379, .F. ) ;
#345 = AXIS2_PLACEMENT_3D ( 'NONE', #1068, #1742, #3655 ) ;
#346 = DIRECTION ( 'NONE',  ( 0.0000000000000000000, 0.0000000000000000000, -1.000000000000000000 ) ) ;
#347 = CARTESIAN_POINT ( 'NONE',  ( -62.49999999999999300, -393.7500000000000000, 684.9999999999998900 ) ) ;
#348 = DIRECTION ( 'NONE',  ( 0.0000000000000000000, 0.0000000000000000000, 1.000000000000000000 ) ) ;
#349 = EDGE_LOOP ( 'NONE', ( #4349, #280, #2774, #3186, #3718, #1106, #2732, #4737, #4441, #2643, #4069, #4343, #4375, #4727, #1249, #3091 ) ) ;
#350 = VECTOR ( 'NONE', #122, 1000.000000000000000 ) ;
#351 = EDGE_CURVE ( 'NONE', #317, #1201, #859, .T. ) ;
#352 = CIRCLE ( 'NONE', #2875, 3.399999999999958600 ) ;
#353 = CARTESIAN_POINT ( 'NONE',  ( 57.50000000000011400, 172.0000000000000900, 700.0000000000000000 ) ) ;
#354 = VERTEX_POINT ( 'NONE', #3775 ) ;
#355 = LINE ( 'NONE', #4824, #1598 ) ;
#356 = MECHANICAL_DESIGN_GEOMETRIC_PRESENTATION_REPRESENTATION (  '', ( #4218 ), #318 ) ;
#357 = VECTOR ( 'NONE', #3028, 1000.000000000000100 ) ;
#358 = ORIENTED_EDGE ( 'NONE', *, *, #3370, .F. ) ;
#359 = DIRECTION ( 'NONE',  ( 4.625929269271481400E-015, -1.000000000000000000, -0.0000000000000000000 ) ) ;
#360 = PLANE ( 'NONE',  #3064 ) ;
#361 = VECTOR ( 'NONE', #3561, 1000.000000000000000 ) ;
#362 = ORIENTED_EDGE ( 'NONE', *, *, #3119, .F. ) ;
#363 = ORIENTED_EDGE ( 'NONE', *, *, #3542, .T. ) ;
#364 = DIRECTION ( 'NONE',  ( 0.7071067811865474600, -0.7071067811865474600, -0.0000000000000000000 ) ) ;
#365 = DIRECTION ( 'NONE',  ( 1.000000000000000000, 1.734723475976808100E-016, -0.0000000000000000000 ) ) ;
#366 = VECTOR ( 'NONE', #3535, 1000.000000000000100 ) ;
#367 = ORIENTED_EDGE ( 'NONE', *, *, #2808, .F. ) ;
#368 = DIRECTION ( 'NONE',  ( -0.0000000000000000000, -1.000000000000000000, -0.0000000000000000000 ) ) ;
#369 = CARTESIAN_POINT ( 'NONE',  ( -87.50000000000004300, -240.0000000000000000, -660.0000000000000000 ) ) ;
#370 = ORIENTED_EDGE ( 'NONE', *, *, #2007, .T. ) ;
#371 = CARTESIAN_POINT ( 'NONE',  ( 57.50000000000018500, 13.99999999999999600, 700.0000000000000000 ) ) ;
#372 = CARTESIAN_POINT ( 'NONE',  ( 87.50000000000009900, -165.4999999999998000, 700.0000000000000000 ) ) ;
#373 = ORIENTED_EDGE ( 'NONE', *, *, #1501, .T. ) ;
#374 = VERTEX_POINT ( 'NONE', #778 ) ;
#375 = PLANE ( 'NONE',  #4344 ) ;
#376 = CARTESIAN_POINT ( 'NONE',  ( 57.50000000000005700, -277.0000000000000000, 700.0000000000000000 ) ) ;
#377 = EDGE_LOOP ( 'NONE', ( #4467, #338, #3680, #2314 ) ) ;
#378 = CARTESIAN_POINT ( 'NONE',  ( 87.50000000000009900, -163.9999999999999700, 700.0000000000000000 ) ) ;
#379 = PLANE ( 'NONE',  #1712 ) ;
#380 = UNCERTAINTY_MEASURE_WITH_UNIT (LENGTH_MEASURE( 1.000000000000000100E-005 ), #323, 'distance_accuracy_value', 'NONE');
#381 = FACE_OUTER_BOUND ( 'NONE', #142, .T. ) ;
#382 = EDGE_CURVE ( 'NONE', #3860, #2297, #1739, .T. ) ;
#383 = AXIS2_PLACEMENT_3D ( 'NONE', #676, #3681, #3373 ) ;
#384 = ORIENTED_EDGE ( 'NONE', *, *, #2399, .T. ) ;
#385 = PRESENTATION_STYLE_ASSIGNMENT (( #4724 ) ) ;
#386 = ORIENTED_EDGE ( 'NONE', *, *, #3227, .T. ) ;
#387 = ORIENTED_EDGE ( 'NONE', *, *, #2646, .F. ) ;
#388 = DIRECTION ( 'NONE',  ( -3.412570772413389500E-016, -1.000000000000000000, 0.0000000000000000000 ) ) ;
#389 = EDGE_CURVE ( 'NONE', #1409, #4878, #70, .T. ) ;
#390 = CARTESIAN_POINT ( 'NONE',  ( 56.50000000000003600, -23.00000000000000000, -700.0000000000000000 ) ) ;
#391 = ORIENTED_EDGE ( 'NONE', *, *, #3872, .T. ) ;
#392 = ADVANCED_FACE ( 'NONE', ( #1443 ), #1922, .T. ) ;
#393 = CARTESIAN_POINT ( 'NONE',  ( 86.00000000000000000, 286.0000000000000600, -700.0000000000000000 ) ) ;
#394 = CARTESIAN_POINT ( 'NONE',  ( 57.50000000000014900, -22.00000000000011400, 97.54998718605756400 ) ) ;
#395 = ORIENTED_EDGE ( 'NONE', *, *, #4577, .T. ) ;
#396 = DIRECTION ( 'NONE',  ( 0.0000000000000000000, 0.0000000000000000000, 1.000000000000000000 ) ) ;
#397 = FACE_OUTER_BOUND ( 'NONE', #4634, .T. ) ;
#398 = DIRECTION ( 'NONE',  ( -1.000000000000000000, 0.0000000000000000000, 0.0000000000000000000 ) ) ;
#399 = ORIENTED_EDGE ( 'NONE', *, *, #3653, .T. ) ;
#400 = ORIENTED_EDGE ( 'NONE', *, *, #2152, .F. ) ;
#401 = EDGE_CURVE ( 'NONE', #520, #452, #18, .T. ) ;
#402 = PRESENTATION_STYLE_ASSIGNMENT (( #4030 ) ) ;
#403 = ORIENTED_EDGE ( 'NONE', *, *, #227, .T. ) ;
#404 = CARTESIAN_POINT ( 'NONE',  ( 87.50000000000000000, -420.0000000000000000, 697.5000000000000000 ) ) ;
#405 = VERTEX_POINT ( 'NONE', #917 ) ;
#406 = CARTESIAN_POINT ( 'NONE',  ( 86.00000000000031300, -13.99999999999999800, 99.52009847262044700 ) ) ;
#407 = VERTEX_POINT ( 'NONE', #3566 ) ;
#408 = DIRECTION ( 'NONE',  ( -0.0000000000000000000, -1.000000000000000000, -0.0000000000000000000 ) ) ;
#409 = FACE_OUTER_BOUND ( 'NONE', #94, .T. ) ;
#410 = VERTEX_POINT ( 'NONE', #4333 ) ;
#411 = DIRECTION ( 'NONE',  ( 0.0000000000000000000, 0.0000000000000000000, 1.000000000000000000 ) ) ;
#412 = ORIENTED_EDGE ( 'NONE', *, *, #4384, .T. ) ;
#413 = STYLED_ITEM ( 'NONE', ( #1776 ), #1219 ) ;
#414 = CYLINDRICAL_SURFACE ( 'NONE', #1994, 3.399999999999958600 ) ;
#415 = EDGE_LOOP ( 'NONE', ( #3429, #79, #3440, #933 ) ) ;
#416 = CARTESIAN_POINT ( 'NONE',  ( 57.50000000000014200, 23.00000000000000000, 700.0000000000000000 ) ) ;
#417 = VECTOR ( 'NONE', #834, 1000.000000000000000 ) ;
#418 = CARTESIAN_POINT ( 'NONE',  ( 39.50000000000008500, 322.9999999999999400, 700.0000000000000000 ) ) ;
#419 = CARTESIAN_POINT ( 'NONE',  ( 36.00000000000015600, 36.00000000000015600, 700.0000000000000000 ) ) ;
#420 = CARTESIAN_POINT ( 'NONE',  ( 86.00000000000000000, 286.0000000000000600, 700.0000000000000000 ) ) ;
#421 = ADVANCED_FACE ( 'NONE', ( #543 ), #1731, .T. ) ;
#422 = ORIENTED_EDGE ( 'NONE', *, *, #4411, .T. ) ;
#423 = FACE_OUTER_BOUND ( 'NONE', #4561, .T. ) ;
#424 = EDGE_CURVE ( 'NONE', #1631, #1050, #438, .T. ) ;
#425 = CARTESIAN_POINT ( 'NONE',  ( 37.50000000000011400, 129.0000000000000000, 700.0000000000000000 ) ) ;
#426 = ORIENTED_EDGE ( 'NONE', *, *, #1618, .T. ) ;
#427 = CARTESIAN_POINT ( 'NONE',  ( -32.49999999999998600, -393.7500000000000000, -595.0000000000000000 ) ) ;
#428 = LINE ( 'NONE', #2929, #3600 ) ;
#429 = AXIS2_PLACEMENT_3D ( 'NONE', #1645, #3277, #4008 ) ;
#430 = LINE ( 'NONE', #1925, #57 ) ;
#431 = DIRECTION ( 'NONE',  ( -0.0000000000000000000, -1.000000000000000000, -0.0000000000000000000 ) ) ;
#432 = CIRCLE ( 'NONE', #614, 3.399999999999958600 ) ;
#433 = CARTESIAN_POINT ( 'NONE',  ( 37.50000000000014900, -9.586629735661305400E-015, 100.0000000000000000 ) ) ;
#434 = DIRECTION ( 'NONE',  ( 0.0000000000000000000, 0.0000000000000000000, -1.000000000000000000 ) ) ;
#435 = LINE ( 'NONE', #4054, #3230 ) ;
#436 = DIRECTION ( 'NONE',  ( 0.0000000000000000000, 0.0000000000000000000, -1.000000000000000000 ) ) ;
#437 = CARTESIAN_POINT ( 'NONE',  ( -32.49999999999999300, -393.7500000000000000, -688.3999999999998600 ) ) ;
#438 = LINE ( 'NONE', #1293, #1793 ) ;
#439 = LINE ( 'NONE', #4864, #1620 ) ;
#440 = EDGE_LOOP ( 'NONE', ( #3995, #4692, #915, #802 ) ) ;
#441 = CARTESIAN_POINT ( 'NONE',  ( -62.49999999999999300, -393.7500000000000000, -684.9999999999998900 ) ) ;
#442 = EDGE_CURVE ( 'NONE', #2519, #1496, #2607, .T. ) ;
#443 = ORIENTED_EDGE ( 'NONE', *, *, #1766, .T. ) ;
#444 = VERTEX_POINT ( 'NONE', #1332 ) ;
#445 = ADVANCED_FACE ( 'NONE', ( #1261 ), #188, .T. ) ;
#446 = FACE_OUTER_BOUND ( 'NONE', #1993, .T. ) ;
#447 = EDGE_CURVE ( 'NONE', #4798, #4173, #3559, .T. ) ;
#448 = VERTEX_POINT ( 'NONE', #542 ) ;
#449 = AXIS2_PLACEMENT_3D ( 'NONE', #32, #4592, #42 ) ;
#450 = CARTESIAN_POINT ( 'NONE',  ( -87.50000000000004300, 240.0000000000000000, -673.2500000000000000 ) ) ;
#451 = CARTESIAN_POINT ( 'NONE',  ( 87.50000000000014200, 15.50000000000027700, -100.8154254070281400 ) ) ;
#452 = VERTEX_POINT ( 'NONE', #3211 ) ;
#453 = AXIS2_PLACEMENT_3D ( 'NONE', #2997, #1901, #3735 ) ;
#454 = CARTESIAN_POINT ( 'NONE',  ( 56.50000000000000000, -173.0000000000000000, -700.0000000000000000 ) ) ;
#455 = VERTEX_POINT ( 'NONE', #937 ) ;
#456 = DIRECTION ( 'NONE',  ( 0.0000000000000000000, 0.0000000000000000000, -1.000000000000000000 ) ) ;
#457 = DIRECTION ( 'NONE',  ( -1.000000000000000000, -0.0000000000000000000, -0.0000000000000000000 ) ) ;
#458 = ORIENTED_EDGE ( 'NONE', *, *, #890, .T. ) ;
#459 = SURFACE_STYLE_FILL_AREA ( #3179 ) ;
#460 = DIRECTION ( 'NONE',  ( 0.0000000000000000000, -1.000000000000000000, 0.0000000000000000000 ) ) ;
#461 = VERTEX_POINT ( 'NONE', #4364 ) ;
#462 = DIRECTION ( 'NONE',  ( -0.0000000000000000000, -1.000000000000000000, -0.0000000000000000000 ) ) ;
#463 = EDGE_LOOP ( 'NONE', ( #3794, #4169, #4514, #2231 ) ) ;
#464 = CIRCLE ( 'NONE', #2894, 3.399999999999958600 ) ;
#465 = FACE_OUTER_BOUND ( 'NONE', #4865, .T. ) ;
#466 = DIRECTION ( 'NONE',  ( 1.000000000000000000, 5.782411586589364800E-017, -0.0000000000000000000 ) ) ;
#467 = ORIENTED_EDGE ( 'NONE', *, *, #4597, .T. ) ;
#468 = ADVANCED_FACE ( 'NONE', ( #1674 ), #1311, .F. ) ;
#469 =( BOUNDED_CURVE ( )  B_SPLINE_CURVE ( 3, ( #707, #2567, #4071, #3356 ),
 .UNSPECIFIED., .F., .T. ) 
 B_SPLINE_CURVE_WITH_KNOTS ( ( 4, 4 ),
 ( 1.782371286552992600, 1.802874009657609200 ),
 .UNSPECIFIED. ) 
 CURVE ( )  GEOMETRIC_REPRESENTATION_ITEM ( )  RATIONAL_B_SPLINE_CURVE ( ( 1.000000000000000000, 0.9999649701688844200, 0.9999649701688844200, 1.000000000000000000 ) ) 
 REPRESENTATION_ITEM ( '' )  );
#470 = LINE ( 'NONE', #2349, #4004 ) ;
#471 = LINE ( 'NONE', #1389, #3266 ) ;
#472 = LINE ( 'NONE', #4153, #2849 ) ;
#473 = DIRECTION ( 'NONE',  ( -0.7071067811865474600, 0.7071067811865474600, -0.0000000000000000000 ) ) ;
#474 = AXIS2_PLACEMENT_3D ( 'NONE', #3789, #1464, #4104 ) ;
#475 = VECTOR ( 'NONE', #4086, 1000.000000000000100 ) ;
#476 = CARTESIAN_POINT ( 'NONE',  ( -87.50000000000004300, 240.0000000000000000, -673.2500000000000000 ) ) ;
#477 = CARTESIAN_POINT ( 'NONE',  ( -15.00000000000004100, 240.0000000000000000, 646.7500000000000000 ) ) ;
#478 = EDGE_LOOP ( 'NONE', ( #565, #234, #862, #573 ) ) ;
#479 = EDGE_CURVE ( 'NONE', #1528, #3258, #677, .T. ) ;
#480 = CARTESIAN_POINT ( 'NONE',  ( -32.49999999999999300, -420.0000000000000000, 688.3999999999998600 ) ) ;
#481 = ORIENTED_EDGE ( 'NONE', *, *, #4662, .T. ) ;
#482 = CARTESIAN_POINT ( 'NONE',  ( -62.49999999999999300, -420.0000000000000000, -598.3999999999999800 ) ) ;
#483 =( GEOMETRIC_REPRESENTATION_CONTEXT ( 3 ) GLOBAL_UNCERTAINTY_ASSIGNED_CONTEXT ( ( #1831 ) ) GLOBAL_UNIT_ASSIGNED_CONTEXT ( ( #1360, #2490, #2885 ) ) REPRESENTATION_CONTEXT ( 'NONE', 'WORKASPACE' ) );
#484 = VECTOR ( 'NONE', #2381, 1000.000000000000100 ) ;
#485 = EDGE_CURVE ( 'NONE', #3163, #2960, #1210, .T. ) ;
#486 = LINE ( 'NONE', #3127, #2023 ) ;
#487 = VECTOR ( 'NONE', #3354, 1000.000000000000100 ) ;
#488 = AXIS2_PLACEMENT_3D ( 'NONE', #792, #411, #1170 ) ;
#489 = ADVANCED_FACE ( 'NONE', ( #4711 ), #4769, .F. ) ;
#490 = VERTEX_POINT ( 'NONE', #2502 ) ;
#491 = DIRECTION ( 'NONE',  ( 1.000000000000000000, -4.625929269271483700E-015, 0.0000000000000000000 ) ) ;
#492 = FACE_BOUND ( 'NONE', #2167, .T. ) ;
#493 = EDGE_CURVE ( 'NONE', #2628, #892, #1091, .T. ) ;
#494 = EDGE_LOOP ( 'NONE', ( #919, #4314 ) ) ;
#495 = EDGE_CURVE ( 'NONE', #832, #3571, #1978, .T. ) ;
#496 = DIRECTION ( 'NONE',  ( 1.000000000000000000, 0.0000000000000000000, 0.0000000000000000000 ) ) ;
#497 = VERTEX_POINT ( 'NONE', #2143 ) ;
#498 = DIRECTION ( 'NONE',  ( -0.0000000000000000000, 1.000000000000000000, -0.0000000000000000000 ) ) ;
#499 = EDGE_CURVE ( 'NONE', #4823, #3856, #309, .T. ) ;
#500 = CARTESIAN_POINT ( 'NONE',  ( 85.66666248187296200, -13.99999999999999800, -99.18347053848474100 ) ) ;
#501 = EDGE_CURVE ( 'NONE', #3073, #3899, #2160, .T. ) ;
#502 = LINE ( 'NONE', #4319, #3813 ) ;
#503 =( NAMED_UNIT ( * ) PLANE_ANGLE_UNIT ( ) SI_UNIT ( $, .RADIAN. ) );
#504 = PRESENTATION_LAYER_ASSIGNMENT (  '', '', ( #4218 ) ) ;
#505 = DIRECTION ( 'NONE',  ( 4.625929269271481400E-015, 1.000000000000000000, 0.0000000000000000000 ) ) ;
#506 = EDGE_CURVE ( 'NONE', #1460, #2536, #1617, .T. ) ;
#507 = DIRECTION ( 'NONE',  ( 0.0000000000000000000, 0.0000000000000000000, -1.000000000000000000 ) ) ;
#508 = VERTEX_POINT ( 'NONE', #4437 ) ;
#509 = DIRECTION ( 'NONE',  ( -0.0000000000000000000, -1.000000000000000000, -0.0000000000000000000 ) ) ;
#510 = ADVANCED_FACE ( 'NONE', ( #4770 ), #4845, .F. ) ;
#511 = ORIENTED_EDGE ( 'NONE', *, *, #835, .T. ) ;
#512 = VERTEX_POINT ( 'NONE', #1759 ) ;
#513 = VECTOR ( 'NONE', #4527, 1000.000000000000000 ) ;
#514 = ORIENTED_EDGE ( 'NONE', *, *, #768, .T. ) ;
#515 = VERTEX_POINT ( 'NONE', #1022 ) ;
#516 = VECTOR ( 'NONE', #29, 1000.000000000000000 ) ;
#517 = FACE_OUTER_BOUND ( 'NONE', #3025, .T. ) ;
#518 =( LENGTH_UNIT ( ) NAMED_UNIT ( * ) SI_UNIT ( .MILLI., .METRE. ) );
#519 = CARTESIAN_POINT ( 'NONE',  ( -87.50000000000007100, 340.0000000000001100, 700.0000000000000000 ) ) ;
#520 = VERTEX_POINT ( 'NONE', #1789 ) ;
#521 = FACE_OUTER_BOUND ( 'NONE', #4498, .T. ) ;
#522 = ORIENTED_EDGE ( 'NONE', *, *, #4271, .T. ) ;
#523 = SURFACE_STYLE_USAGE ( .BOTH. , #2809 ) ;
#524 = DIRECTION ( 'NONE',  ( -1.000000000000000000, 0.0000000000000000000, 0.0000000000000000000 ) ) ;
#525 = EDGE_CURVE ( 'NONE', #3792, #2555, #2275, .T. ) ;
#526 = EDGE_CURVE ( 'NONE', #2340, #407, #1790, .T. ) ;
#527 = VECTOR ( 'NONE', #2078, 1000.000000000000000 ) ;
#528 = ORIENTED_EDGE ( 'NONE', *, *, #2378, .T. ) ;
#529 = LINE ( 'NONE', #4791, #1192 ) ;
#530 = CARTESIAN_POINT ( 'NONE',  ( 86.00000000000000000, 286.0000000000000600, -700.0000000000000000 ) ) ;
#531 = LINE ( 'NONE', #2796, #665 ) ;
#532 = EDGE_CURVE ( 'NONE', #888, #1644, #3610, .T. ) ;
#533 = AXIS2_PLACEMENT_3D ( 'NONE', #4009, #2162, #1387 ) ;
#534 = DIRECTION ( 'NONE',  ( 0.0000000000000000000, 0.0000000000000000000, 1.000000000000000000 ) ) ;
#535 = VERTEX_POINT ( 'NONE', #2165 ) ;
#536 = CARTESIAN_POINT ( 'NONE',  ( 39.50000000000015600, -22.99999999999999600, 97.31906288081492600 ) ) ;
#537 = DIRECTION ( 'NONE',  ( 1.000000000000000000, -5.782411586589363600E-017, 0.0000000000000000000 ) ) ;
#538 = VECTOR ( 'NONE', #1976, 1000.000000000000100 ) ;
#539 = ORIENTED_EDGE ( 'NONE', *, *, #901, .F. ) ;
#540 = DIRECTION ( 'NONE',  ( 0.0000000000000000000, -0.5150380749100544900, -0.8571673007021121100 ) ) ;
#541 = CARTESIAN_POINT ( 'NONE',  ( 57.50000000000014900, 22.00000000000011400, -700.0000000000000000 ) ) ;
#542 = CARTESIAN_POINT ( 'NONE',  ( 56.49999999999995000, -322.9999999999999400, -700.0000000000000000 ) ) ;
#543 = FACE_OUTER_BOUND ( 'NONE', #1004, .T. ) ;
#544 = CARTESIAN_POINT ( 'NONE',  ( 57.50000000000009900, 286.0000000000000600, -700.0000000000000000 ) ) ;
#545 = ORIENTED_EDGE ( 'NONE', *, *, #1718, .F. ) ;
#546 =( NAMED_UNIT ( * ) PLANE_ANGLE_UNIT ( ) SI_UNIT ( $, .RADIAN. ) );
#547 = ORIENTED_EDGE ( 'NONE', *, *, #4446, .F. ) ;
#548 = DIRECTION ( 'NONE',  ( 0.0000000000000000000, 0.0000000000000000000, -1.000000000000000000 ) ) ;
#549 = DIRECTION ( 'NONE',  ( -1.000000000000000000, -0.0000000000000000000, -0.0000000000000000000 ) ) ;
#550 = DIRECTION ( 'NONE',  ( 0.0000000000000000000, 0.0000000000000000000, -1.000000000000000000 ) ) ;
#551 = FACE_OUTER_BOUND ( 'NONE', #2675, .T. ) ;
#552 = DIRECTION ( 'NONE',  ( 0.0000000000000000000, 0.0000000000000000000, 1.000000000000000000 ) ) ;
#553 = CARTESIAN_POINT ( 'NONE',  ( 87.50000000000005700, -315.5000000000000000, -700.0000000000000000 ) ) ;
#554 = ADVANCED_FACE ( 'NONE', ( #301 ), #4212, .F. ) ;
#555 = ORIENTED_EDGE ( 'NONE', *, *, #2590, .T. ) ;
#556 = ORIENTED_EDGE ( 'NONE', *, *, #3910, .T. ) ;
#557 = PRESENTATION_LAYER_ASSIGNMENT (  '', '', ( #413 ) ) ;
#558 = FACE_OUTER_BOUND ( 'NONE', #1777, .T. ) ;
#559 = EDGE_LOOP ( 'NONE', ( #3580, #4253, #3530, #3344 ) ) ;
#560 = PLANE ( 'NONE',  #115 ) ;
#561 = EDGE_CURVE ( 'NONE', #2337, #4099, #1204, .T. ) ;
#562 = DIRECTION ( 'NONE',  ( -1.000000000000000000, -0.0000000000000000000, -0.0000000000000000000 ) ) ;
#563 = ORIENTED_EDGE ( 'NONE', *, *, #324, .F. ) ;
#564 = ADVANCED_FACE ( 'NONE', ( #4033 ), #4032, .F. ) ;
#565 = ORIENTED_EDGE ( 'NONE', *, *, #283, .F. ) ;
#566 = AXIS2_PLACEMENT_3D ( 'NONE', #591, #3968, #3930 ) ;
#567 = EDGE_LOOP ( 'NONE', ( #916, #3328, #1055 ) ) ;
#568 = EDGE_CURVE ( 'NONE', #4317, #4820, #2513, .T. ) ;
#569 = EDGE_CURVE ( 'NONE', #1382, #4190, #2690, .T. ) ;
#570 = EDGE_CURVE ( 'NONE', #4589, #1460, #4831, .T. ) ;
#571 = CARTESIAN_POINT ( 'NONE',  ( -85.49999999999981500, -9.586629735661305400E-015, 0.0000000000000000000 ) ) ;
#572 = SURFACE_STYLE_USAGE ( .BOTH. , #2810 ) ;
#573 = ORIENTED_EDGE ( 'NONE', *, *, #2864, .T. ) ;
#574 = LINE ( 'NONE', #1655, #4428 ) ;
#575 = ORIENTED_EDGE ( 'NONE', *, *, #76, .F. ) ;
#576 =( NAMED_UNIT ( * ) SI_UNIT ( $, .STERADIAN. ) SOLID_ANGLE_UNIT ( ) );
#577 = CARTESIAN_POINT ( 'NONE',  ( -62.49999999999999300, -420.0000000000000000, 688.3999999999998600 ) ) ;
#578 = ORIENTED_EDGE ( 'NONE', *, *, #3173, .F. ) ;
#579 = CARTESIAN_POINT ( 'NONE',  ( -32.49999999999998600, -393.7500000000000000, -598.3999999999999800 ) ) ;
#580 = MECHANICAL_DESIGN_GEOMETRIC_PRESENTATION_REPRESENTATION (  '', ( #2011 ), #847 ) ;
#581 = EDGE_CURVE ( 'NONE', #1262, #3761, #3159, .T. ) ;
#582 = ADVANCED_FACE ( 'NONE', ( #3727 ), #1855, .F. ) ;
#583 = LINE ( 'NONE', #2136, #2128 ) ;
#584 = ORIENTED_EDGE ( 'NONE', *, *, #2459, .F. ) ;
#585 = VECTOR ( 'NONE', #4857, 1000.000000000000000 ) ;
#586 = LINE ( 'NONE', #3750, #955 ) ;
#587 = CARTESIAN_POINT ( 'NONE',  ( 39.50000000000009200, -277.0000000000000000, 700.0000000000000000 ) ) ;
#588 = DIRECTION ( 'NONE',  ( 0.0000000000000000000, 0.0000000000000000000, -1.000000000000000000 ) ) ;
#589 = EDGE_CURVE ( 'NONE', #4077, #497, #2918, .T. ) ;
#590 = LINE ( 'NONE', #4092, #3649 ) ;
#591 = CARTESIAN_POINT ( 'NONE',  ( -62.49999999999999300, -393.7500000000000000, -684.9999999999998900 ) ) ;
#592 = CIRCLE ( 'NONE', #3259, 3.399999999999958600 ) ;
#593 = ORIENTED_EDGE ( 'NONE', *, *, #3886, .T. ) ;
#594 = CARTESIAN_POINT ( 'NONE',  ( 57.50000000000009900, 313.9999999999999400, -700.0000000000000000 ) ) ;
#595 = LINE ( 'NONE', #4291, #716 ) ;
#596 = DIRECTION ( 'NONE',  ( -1.000000000000000000, 0.0000000000000000000, 0.0000000000000000000 ) ) ;
#597 = ORIENTED_EDGE ( 'NONE', *, *, #1213, .F. ) ;
#598 = PRODUCT ( 'Z250B-1-7A工作台板', 'Z250B-1-7A工作台板', '', ( #1544 ) ) ;
#599 = MECHANICAL_DESIGN_GEOMETRIC_PRESENTATION_REPRESENTATION (  '', ( #1866 ), #3564 ) ;
#600 = CARTESIAN_POINT ( 'NONE',  ( 57.50000000000014900, 22.00000000000011000, 700.0000000000000000 ) ) ;
#601 = LINE ( 'NONE', #2335, #112 ) ;
#602 = ADVANCED_FACE ( 'NONE', ( #903 ), #1368, .F. ) ;
#603 = CARTESIAN_POINT ( 'NONE',  ( 86.99912813379084800, -14.99912813379054000, -100.3856755324213600 ) ) ;
#604 = EDGE_CURVE ( 'NONE', #3052, #888, #2806, .T. ) ;
#605 = LINE ( 'NONE', #871, #3841 ) ;
#606 = DIRECTION ( 'NONE',  ( 0.0000000000000000000, 1.000000000000000000, 0.0000000000000000000 ) ) ;
#607 = CIRCLE ( 'NONE', #1750, 13.24999999999998400 ) ;
#608 = ORIENTED_EDGE ( 'NONE', *, *, #3390, .T. ) ;
#609 = PRESENTATION_LAYER_ASSIGNMENT (  '', '', ( #3150 ) ) ;
#610 = CARTESIAN_POINT ( 'NONE',  ( -87.50000000000004300, 240.0000000000000000, 660.0000000000000000 ) ) ;
#611 = CONICAL_SURFACE ( 'NONE', #3829, 13.24999999999998400, 1.029744258676653000 ) ;
#612 = PLANE ( 'NONE',  #1540 ) ;
#613 = CARTESIAN_POINT ( 'NONE',  ( 57.50000000000018500, -13.99999999999999600, -700.0000000000000000 ) ) ;
#614 = AXIS2_PLACEMENT_3D ( 'NONE', #4228, #3847, #3097 ) ;
#615 = CARTESIAN_POINT ( 'NONE',  ( 39.50000000000012100, -127.0000000000000000, 700.0000000000000000 ) ) ;
#616 = DIRECTION ( 'NONE',  ( -1.000000000000000000, 0.0000000000000000000, 0.0000000000000000000 ) ) ;
#617 = DIRECTION ( 'NONE',  ( -1.000000000000000000, -0.0000000000000000000, -0.0000000000000000000 ) ) ;
#618 = EDGE_CURVE ( 'NONE', #1231, #3391, #3506, .T. ) ;
#619 = CARTESIAN_POINT ( 'NONE',  ( 57.50000000000014900, -22.00000000000011400, -700.0000000000000000 ) ) ;
#620 = FACE_OUTER_BOUND ( 'NONE', #4495, .T. ) ;
#621 = PLANE ( 'NONE',  #30 ) ;
#622 = ORIENTED_EDGE ( 'NONE', *, *, #526, .T. ) ;
#623 = PLANE ( 'NONE',  #3408 ) ;
#624 = EDGE_LOOP ( 'NONE', ( #4750, #4167, #1234, #1895 ) ) ;
#625 = DIRECTION ( 'NONE',  ( 0.0000000000000000000, 0.0000000000000000000, -1.000000000000000000 ) ) ;
#626 = FACE_OUTER_BOUND ( 'NONE', #1711, .T. ) ;
#627 = CARTESIAN_POINT ( 'NONE',  ( 39.50000000000015600, -22.99999999999999600, 700.0000000000000000 ) ) ;
#628 = CARTESIAN_POINT ( 'NONE',  ( -62.49999999999999300, -420.0000000000000000, -595.0000000000000000 ) ) ;
#629 = ORIENTED_EDGE ( 'NONE', *, *, #4849, .F. ) ;
#630 = CARTESIAN_POINT ( 'NONE',  ( 86.00000000000027000, -163.9999999999999700, -700.0000000000000000 ) ) ;
#631 = DIRECTION ( 'NONE',  ( -0.0000000000000000000, 1.000000000000000000, -0.0000000000000000000 ) ) ;
#632 = EDGE_CURVE ( 'NONE', #2552, #107, #1668, .T. ) ;
#633 = VERTEX_POINT ( 'NONE', #2261 ) ;
#634 = VERTEX_POINT ( 'NONE', #2215 ) ;
#635 = DIRECTION ( 'NONE',  ( 6.546126324440779700E-016, 1.000000000000000000, -0.0000000000000000000 ) ) ;
#636 = DIRECTION ( 'NONE',  ( -0.0000000000000000000, -1.000000000000000000, -0.0000000000000000000 ) ) ;
#637 = ORIENTED_EDGE ( 'NONE', *, *, #2226, .T. ) ;
#638 = VECTOR ( 'NONE', #1684, 1000.000000000000000 ) ;
#639 = ORIENTED_EDGE ( 'NONE', *, *, #3251, .T. ) ;
#640 = PRESENTATION_STYLE_ASSIGNMENT (( #4948 ) ) ;
#641 = FILL_AREA_STYLE_COLOUR ( '', #50 ) ;
#642 = CARTESIAN_POINT ( 'NONE',  ( 39.50000000000009200, 322.9999999999999400, -700.0000000000000000 ) ) ;
#643 = CARTESIAN_POINT ( 'NONE',  ( -87.50000000000004300, -240.0000000000000000, 660.0000000000000000 ) ) ;
#644 = DIRECTION ( 'NONE',  ( 0.0000000000000000000, 0.0000000000000000000, 1.000000000000000000 ) ) ;
#645 = CIRCLE ( 'NONE', #4227, 13.24999999999998400 ) ;
#646 = AXIS2_PLACEMENT_3D ( 'NONE', #2848, #4366, #3329 ) ;
#647 = LINE ( 'NONE', #3180, #4558 ) ;
#648 = LINE ( 'NONE', #829, #2842 ) ;
#649 = VERTEX_POINT ( 'NONE', #2601 ) ;
#650 = DIRECTION ( 'NONE',  ( -0.0000000000000000000, -1.000000000000000000, -0.0000000000000000000 ) ) ;
#651 = CARTESIAN_POINT ( 'NONE',  ( -7.499999999999992900, 420.0000000000000000, 700.0000000000000000 ) ) ;
#652 = VECTOR ( 'NONE', #817, 1000.000000000000000 ) ;
#653 = CARTESIAN_POINT ( 'NONE',  ( -32.49999999999999300, -420.0000000000000000, -688.3999999999998600 ) ) ;
#654 = ORIENTED_EDGE ( 'NONE', *, *, #2869, .F. ) ;
#655 = FACE_OUTER_BOUND ( 'NONE', #1069, .T. ) ;
#656 = DIRECTION ( 'NONE',  ( 0.0000000000000000000, -0.0000000000000000000, -1.000000000000000000 ) ) ;
#657 = CIRCLE ( 'NONE', #992, 3.399999999999958600 ) ;
#658 = FACE_OUTER_BOUND ( 'NONE', #1155, .T. ) ;
#659 = ORIENTED_EDGE ( 'NONE', *, *, #3131, .T. ) ;
#660 = CARTESIAN_POINT ( 'NONE',  ( 86.00000000000004300, -136.0000000000000000, 700.0000000000000000 ) ) ;
#661 = EDGE_CURVE ( 'NONE', #1233, #4190, #4267, .T. ) ;
#662 = CYLINDRICAL_SURFACE ( 'NONE', #3916, 13.24999999999998400 ) ;
#663 = PLANE ( 'NONE',  #2776 ) ;
#664 = CARTESIAN_POINT ( 'NONE',  ( 37.50000000000014900, 20.99999999999999300, -97.77013859047134800 ) ) ;
#665 = VECTOR ( 'NONE', #2045, 999.9999999999998900 ) ;
#666 = ORIENTED_EDGE ( 'NONE', *, *, #3134, .F. ) ;
#667 = VECTOR ( 'NONE', #3043, 1000.000000000000000 ) ;
#668 = DIRECTION ( 'NONE',  ( -0.0000000000000000000, -1.000000000000000000, -0.0000000000000000000 ) ) ;
#669 = LINE ( 'NONE', #2816, #2266 ) ;
#670 = AXIS2_PLACEMENT_3D ( 'NONE', #4828, #2955, #991 ) ;
#671 = EDGE_LOOP ( 'NONE', ( #3961, #3498, #152, #1252, #4242 ) ) ;
#672 = CARTESIAN_POINT ( 'NONE',  ( 57.50000000000005700, -322.9999999999999400, 700.0000000000000000 ) ) ;
#673 = SURFACE_STYLE_USAGE ( .BOTH. , #3644 ) ;
#674 = ORIENTED_EDGE ( 'NONE', *, *, #389, .T. ) ;
#675 = STYLED_ITEM ( 'NONE', ( #640 ), #2598 ) ;
#676 = CARTESIAN_POINT ( 'NONE',  ( 37.50000000000008500, -322.9999999999999400, 700.0000000000000000 ) ) ;
#677 = LINE ( 'NONE', #1275, #4334 ) ;
#678 = DIRECTION ( 'NONE',  ( -4.628810314515845800E-016, 0.7071067811865474600, 0.7071067811865474600 ) ) ;
#679 = CARTESIAN_POINT ( 'NONE',  ( 87.50000000000005700, 315.5000000000000000, 700.0000000000000000 ) ) ;
#680 = DIRECTION ( 'NONE',  ( 0.0000000000000000000, -0.0000000000000000000, -1.000000000000000000 ) ) ;
#681 = ORIENTED_EDGE ( 'NONE', *, *, #3390, .F. ) ;
#682 = AXIS2_PLACEMENT_3D ( 'NONE', #4512, #1457, #3760 ) ;
#683 = CARTESIAN_POINT ( 'NONE',  ( 87.50000000000009900, 134.4999999999999400, 700.0000000000000000 ) ) ;
#684 = UNCERTAINTY_MEASURE_WITH_UNIT (LENGTH_MEASURE( 1.000000000000000100E-005 ), #3683, 'distance_accuracy_value', 'NONE');
#685 = ORIENTED_EDGE ( 'NONE', *, *, #3542, .F. ) ;
#686 = DIRECTION ( 'NONE',  ( 0.0000000000000000000, 0.0000000000000000000, -1.000000000000000000 ) ) ;
#687 = VECTOR ( 'NONE', #4172, 1000.000000000000000 ) ;
#688 = CARTESIAN_POINT ( 'NONE',  ( -62.49999999999999300, -393.7500000000000000, -595.0000000000000000 ) ) ;
#689 = DIRECTION ( 'NONE',  ( 0.0000000000000000000, 0.0000000000000000000, 1.000000000000000000 ) ) ;
#690 = DIRECTION ( 'NONE',  ( 4.649058915617843000E-015, 1.000000000000000000, 0.0000000000000000000 ) ) ;
#691 = CARTESIAN_POINT ( 'NONE',  ( 87.50000000000009900, -136.0000000000000000, 700.0000000000000000 ) ) ;
#692 = VERTEX_POINT ( 'NONE', #3369 ) ;
#693 = ADVANCED_FACE ( 'NONE', ( #4091 ), #3746, .F. ) ;
#694 = CARTESIAN_POINT ( 'NONE',  ( -7.499999999999992900, 420.0000000000000000, -697.5000000000000000 ) ) ;
#695 = DIRECTION ( 'NONE',  ( 0.0000000000000000000, 0.0000000000000000000, 1.000000000000000000 ) ) ;
#696 = EDGE_LOOP ( 'NONE', ( #4886, #3093, #1520, #4781 ) ) ;
#697 = CARTESIAN_POINT ( 'NONE',  ( 56.50000000000003600, -23.00000000000000000, 700.0000000000000000 ) ) ;
#698 = ORIENTED_EDGE ( 'NONE', *, *, #1900, .F. ) ;
#699 = VECTOR ( 'NONE', #1824, 1000.000000000000100 ) ;
#700 = CARTESIAN_POINT ( 'NONE',  ( 37.50000000000008500, 320.9999999999999400, 700.0000000000000000 ) ) ;
#701 = ORIENTED_EDGE ( 'NONE', *, *, #2532, .T. ) ;
#702 = CARTESIAN_POINT ( 'NONE',  ( -87.50000000000004300, 240.0000000000000000, -660.0000000000000000 ) ) ;
#703 = ORIENTED_EDGE ( 'NONE', *, *, #2870, .T. ) ;
#704 = CIRCLE ( 'NONE', #566, 3.399999999999958600 ) ;
#705 = AXIS2_PLACEMENT_3D ( 'NONE', #2517, #617, #1780 ) ;
#706 = VECTOR ( 'NONE', #631, 1000.000000000000000 ) ;
#707 = CARTESIAN_POINT ( 'NONE',  ( 37.50000000000014900, -21.00000000000000000, -97.77013859047149000 ) ) ;
#708 = DIRECTION ( 'NONE',  ( -0.7071067811865486800, -0.7071067811865464600, -0.0000000000000000000 ) ) ;
#709 = CARTESIAN_POINT ( 'NONE',  ( -62.49999999999999300, -420.0000000000000000, -688.3999999999998600 ) ) ;
#710 = PRESENTATION_LAYER_ASSIGNMENT (  '', '', ( #183 ) ) ;
#711 = LINE ( 'NONE', #4233, #889 ) ;
#712 = ORIENTED_EDGE ( 'NONE', *, *, #2715, .F. ) ;
#713 = VECTOR ( 'NONE', #1403, 1000.000000000000000 ) ;
#714 = ORIENTED_EDGE ( 'NONE', *, *, #2378, .F. ) ;
#715 = EDGE_LOOP ( 'NONE', ( #698, #1323 ) ) ;
#716 = VECTOR ( 'NONE', #4713, 1000.000000000000100 ) ;
#717 = ORIENTED_EDGE ( 'NONE', *, *, #4290, .T. ) ;
#718 = DIRECTION ( 'NONE',  ( 1.000000000000000000, -0.0000000000000000000, -0.0000000000000000000 ) ) ;
#719 = DIRECTION ( 'NONE',  ( -0.0000000000000000000, 1.000000000000000000, -0.0000000000000000000 ) ) ;
#720 = LINE ( 'NONE', #3457, #1200 ) ;
#721 = CARTESIAN_POINT ( 'NONE',  ( 37.50000000000011400, -173.0000000000000000, -700.0000000000000000 ) ) ;
#722 = DIRECTION ( 'NONE',  ( -0.7071067811865474600, 0.7071067811865474600, -0.0000000000000000000 ) ) ;
#723 = VECTOR ( 'NONE', #3407, 1000.000000000000000 ) ;
#724 = ORIENTED_EDGE ( 'NONE', *, *, #2590, .F. ) ;
#725 = ORIENTED_EDGE ( 'NONE', *, *, #4435, .T. ) ;
#726 = DIRECTION ( 'NONE',  ( 1.000000000000000000, -0.0000000000000000000, -0.0000000000000000000 ) ) ;
#727 = CARTESIAN_POINT ( 'NONE',  ( 85.99999999999987200, 13.99999999999999800, 99.52009847262000600 ) ) ;
#728 = ORIENTED_EDGE ( 'NONE', *, *, #799, .F. ) ;
#729 = PRESENTATION_LAYER_ASSIGNMENT (  '', '', ( #1082 ) ) ;
#730 = CARTESIAN_POINT ( 'NONE',  ( 85.83332916966605800, 13.99999999999999800, -99.35178655667918700 ) ) ;
#731 = LINE ( 'NONE', #1794, #4335 ) ;
#732 = EDGE_CURVE ( 'NONE', #3533, #3337, #780, .T. ) ;
#733 = FACE_OUTER_BOUND ( 'NONE', #1812, .T. ) ;
#734 = VECTOR ( 'NONE', #1453, 1000.000000000000000 ) ;
#735 = CARTESIAN_POINT ( 'NONE',  ( -85.49999999999981500, 2.659838255812227500E-015, -100.0000000000000000 ) ) ;
#736 = EDGE_CURVE ( 'NONE', #2124, #2660, #3284, .T. ) ;
#737 = ADVANCED_FACE ( 'NONE', ( #3964 ), #1518, .F. ) ;
#738 = DIRECTION ( 'NONE',  ( 0.0000000000000000000, 0.0000000000000000000, 1.000000000000000000 ) ) ;
#739 = COLOUR_RGB ( '',0.6470588235294118000, 0.6196078431372549200, 0.5882352941176470800 ) ;
#740 = CARTESIAN_POINT ( 'NONE',  ( 37.50000000000008500, -322.9999999999999400, 700.0000000000000000 ) ) ;
#741 = AXIS2_PLACEMENT_3D ( 'NONE', #1773, #4079, #4799 ) ;
#742 =( BOUNDED_CURVE ( )  B_SPLINE_CURVE ( 3, ( #307, #3275, #1381, #4028 ),
 .UNSPECIFIED., .F., .T. ) 
 B_SPLINE_CURVE_WITH_KNOTS ( ( 4, 4 ),
 ( 4.934203450881485200, 4.944466663247403000 ),
 .UNSPECIFIED. ) 
 CURVE ( )  GEOMETRIC_REPRESENTATION_ITEM ( )  RATIONAL_B_SPLINE_CURVE ( ( 1.000000000000000000, 0.9999912222252567200, 0.9999912222252567200, 1.000000000000000000 ) ) 
 REPRESENTATION_ITEM ( '' )  );
#743 = ORIENTED_EDGE ( 'NONE', *, *, #506, .T. ) ;
#744 = EDGE_CURVE ( 'NONE', #3331, #1382, #65, .T. ) ;
#745 = CARTESIAN_POINT ( 'NONE',  ( -62.49999999999999300, -393.7500000000000000, 598.3999999999999800 ) ) ;
#746 = ORIENTED_EDGE ( 'NONE', *, *, #3443, .T. ) ;
#747 = CYLINDRICAL_SURFACE ( 'NONE', #60, 3.399999999999958600 ) ;
#748 = CARTESIAN_POINT ( 'NONE',  ( 56.50000000000000000, 127.0000000000000000, 700.0000000000000000 ) ) ;
#749 = ORIENTED_EDGE ( 'NONE', *, *, #1092, .F. ) ;
#750 = CARTESIAN_POINT ( 'NONE',  ( 87.50000000000005700, -313.9999999999999400, 700.0000000000000000 ) ) ;
#751 = CARTESIAN_POINT ( 'NONE',  ( 87.50000000000014200, -13.99999999999999800, 700.0000000000000000 ) ) ;
#752 = VECTOR ( 'NONE', #4766, 1000.000000000000100 ) ;
#753 = ORIENTED_EDGE ( 'NONE', *, *, #3771, .T. ) ;
#754 = VERTEX_POINT ( 'NONE', #420 ) ;
#755 = ORIENTED_EDGE ( 'NONE', *, *, #4673, .F. ) ;
#756 = EDGE_CURVE ( 'NONE', #634, #2102, #720, .T. ) ;
#757 = PLANE ( 'NONE',  #474 ) ;
#758 = ORIENTED_EDGE ( 'NONE', *, *, #4310, .F. ) ;
#759 = EDGE_CURVE ( 'NONE', #1626, #273, #2509, .T. ) ;
#760 = DIRECTION ( 'NONE',  ( 0.0000000000000000000, 0.0000000000000000000, 1.000000000000000000 ) ) ;
#761 = VERTEX_POINT ( 'NONE', #2364 ) ;
#762 = EDGE_CURVE ( 'NONE', #4099, #1415, #4385, .T. ) ;
#763 = DIRECTION ( 'NONE',  ( -0.7071067811865475700, -0.7071067811865475700, -0.0000000000000000000 ) ) ;
#764 = ADVANCED_FACE ( 'NONE', ( #3603 ), #2336, .F. ) ;
#765 = CONICAL_SURFACE ( 'NONE', #1052, 3.399999999999958600, 1.029744258676654100 ) ;
#766 = EDGE_CURVE ( 'NONE', #892, #3812, #1611, .T. ) ;
#767 = ORIENTED_EDGE ( 'NONE', *, *, #1092, .T. ) ;
#768 = EDGE_CURVE ( 'NONE', #1650, #2340, #601, .T. ) ;
#769 = VECTOR ( 'NONE', #2331, 1000.000000000000000 ) ;
#770 = DIRECTION ( 'NONE',  ( 0.0000000000000000000, 0.0000000000000000000, -1.000000000000000000 ) ) ;
#771 = DIRECTION ( 'NONE',  ( -1.734723475976807800E-016, 1.000000000000000000, 0.0000000000000000000 ) ) ;
#772 = CARTESIAN_POINT ( 'NONE',  ( -87.50000000000004300, -240.0000000000000000, 660.0000000000000000 ) ) ;
#773 = FACE_OUTER_BOUND ( 'NONE', #3974, .T. ) ;
#774 = ORIENTED_EDGE ( 'NONE', *, *, #2882, .F. ) ;
#775 = CARTESIAN_POINT ( 'NONE',  ( 87.50000000000014200, 15.50000000000027700, 700.0000000000000000 ) ) ;
#776 = AXIS2_PLACEMENT_3D ( 'NONE', #702, #310, #3005 ) ;
#777 = ORIENTED_EDGE ( 'NONE', *, *, #2163, .F. ) ;
#778 = CARTESIAN_POINT ( 'NONE',  ( -15.00000000000004100, 240.0000000000000000, 673.2500000000000000 ) ) ;
#779 = DIRECTION ( 'NONE',  ( -0.7071067811865475700, -0.7071067811865475700, 0.0000000000000000000 ) ) ;
#780 = LINE ( 'NONE', #372, #2147 ) ;
#781 = VERTEX_POINT ( 'NONE', #1912 ) ;
#782 = ORIENTED_EDGE ( 'NONE', *, *, #3392, .F. ) ;
#783 = VECTOR ( 'NONE', #852, 1000.000000000000100 ) ;
#784 = DIRECTION ( 'NONE',  ( -0.7071067811865474600, -0.7071067811865474600, -0.0000000000000000000 ) ) ;
#785 = ORIENTED_EDGE ( 'NONE', *, *, #4552, .F. ) ;
#786 = CARTESIAN_POINT ( 'NONE',  ( 87.50000000000014200, 23.00000000000000700, 97.31906288081488300 ) ) ;
#787 = STYLED_ITEM ( 'NONE', ( #3570 ), #86 ) ;
#788 = DIRECTION ( 'NONE',  ( -0.7071067811865474600, 0.7071067811865474600, -0.0000000000000000000 ) ) ;
#789 = ORIENTED_EDGE ( 'NONE', *, *, #2394, .T. ) ;
#790 = DIRECTION ( 'NONE',  ( -1.000000000000000000, 0.0000000000000000000, 0.0000000000000000000 ) ) ;
#791 = VECTOR ( 'NONE', #3250, 1000.000000000000000 ) ;
#792 = CARTESIAN_POINT ( 'NONE',  ( 0.0000000000000000000, 0.0000000000000000000, 0.0000000000000000000 ) ) ;
#793 = ADVANCED_FACE ( 'NONE', ( #4578 ), #3053, .F. ) ;
#794 = VECTOR ( 'NONE', #160, 1000.000000000000000 ) ;
#795 = VERTEX_POINT ( 'NONE', #80 ) ;
#796 = LINE ( 'NONE', #1205, #4653 ) ;
#797 = EDGE_CURVE ( 'NONE', #4178, #2039, #1967, .T. ) ;
#798 = CARTESIAN_POINT ( 'NONE',  ( 87.50000000000009900, -163.9999999999999700, 700.0000000000000000 ) ) ;
#799 = EDGE_CURVE ( 'NONE', #3807, #781, #2578, .T. ) ;
#800 = VERTEX_POINT ( 'NONE', #1160 ) ;
#801 = CARTESIAN_POINT ( 'NONE',  ( -32.49999999999998600, -393.7500000000000000, 595.0000000000000000 ) ) ;
#802 = ORIENTED_EDGE ( 'NONE', *, *, #2141, .F. ) ;
#803 = DIRECTION ( 'NONE',  ( 0.0000000000000000000, 0.0000000000000000000, 1.000000000000000000 ) ) ;
#804 = LINE ( 'NONE', #4728, #1157 ) ;
#805 = SURFACE_STYLE_FILL_AREA ( #3832 ) ;
#806 = CARTESIAN_POINT ( 'NONE',  ( 57.50000000000018500, -13.99999999999999600, 99.01515035589251600 ) ) ;
#807 = DIRECTION ( 'NONE',  ( 1.000000000000000000, -4.625929269271483700E-015, 0.0000000000000000000 ) ) ;
#808 = PLANE ( 'NONE',  #1354 ) ;
#809 = VECTOR ( 'NONE', #4294, 1000.000000000000000 ) ;
#810 = ORIENTED_EDGE ( 'NONE', *, *, #4215, .F. ) ;
#811 = EDGE_LOOP ( 'NONE', ( #3762, #3903, #3742, #4678 ) ) ;
#812 = PLANE ( 'NONE',  #4090 ) ;
#813 = CARTESIAN_POINT ( 'NONE',  ( -62.49999999999999300, -420.0000000000000000, -684.9999999999998900 ) ) ;
#814 = CARTESIAN_POINT ( 'NONE',  ( 86.00000000000031300, -13.99999999999999800, 700.0000000000000000 ) ) ;
#815 = ORIENTED_EDGE ( 'NONE', *, *, #1848, .F. ) ;
#816 = DIRECTION ( 'NONE',  ( 0.7071067811865474600, 0.7071067811865474600, -0.0000000000000000000 ) ) ;
#817 = DIRECTION ( 'NONE',  ( -1.000000000000000000, 0.0000000000000000000, 0.0000000000000000000 ) ) ;
#818 = DIRECTION ( 'NONE',  ( 0.0000000000000000000, 0.0000000000000000000, -1.000000000000000000 ) ) ;
#819 = VERTEX_POINT ( 'NONE', #2351 ) ;
#820 = ADVANCED_FACE ( 'NONE', ( #3096 ), #1586, .F. ) ;
#821 = LINE ( 'NONE', #40, #3194 ) ;
#822 = COLOUR_RGB ( '',0.6470588235294118000, 0.6196078431372549200, 0.5882352941176470800 ) ;
#823 = DIRECTION ( 'NONE',  ( -0.0000000000000000000, -1.000000000000000000, -0.0000000000000000000 ) ) ;
#824 = ORIENTED_EDGE ( 'NONE', *, *, #4219, .T. ) ;
#825 = FILL_AREA_STYLE_COLOUR ( '', #739 ) ;
#826 = PLANE ( 'NONE',  #4445 ) ;
#827 = VECTOR ( 'NONE', #275, 1000.000000000000000 ) ;
#828 = AXIS2_PLACEMENT_3D ( 'NONE', #121, #4279, #2761 ) ;
#829 = CARTESIAN_POINT ( 'NONE',  ( 86.00000000000027000, -163.9999999999999700, 700.0000000000000000 ) ) ;
#830 = LINE ( 'NONE', #39, #2494 ) ;
#831 = LINE ( 'NONE', #450, #2131 ) ;
#832 = VERTEX_POINT ( 'NONE', #56 ) ;
#833 = LINE ( 'NONE', #185, #4621 ) ;
#834 = DIRECTION ( 'NONE',  ( 0.0000000000000000000, -0.0000000000000000000, -1.000000000000000000 ) ) ;
#835 = EDGE_CURVE ( 'NONE', #354, #3807, #1081, .T. ) ;
#836 = VERTEX_POINT ( 'NONE', #451 ) ;
#837 = DIRECTION ( 'NONE',  ( 0.0000000000000000000, 0.0000000000000000000, -1.000000000000000000 ) ) ;
#838 = AXIS2_PLACEMENT_3D ( 'NONE', #4127, #368, #4141 ) ;
#839 = EDGE_CURVE ( 'NONE', #2950, #2801, #430, .T. ) ;
#840 = EDGE_CURVE ( 'NONE', #2976, #1767, #2975, .T. ) ;
#841 = B_SPLINE_CURVE_WITH_KNOTS ( 'NONE', 3,
 ( #3529, #500, #2770, #1697 ),
 .UNSPECIFIED., .F., .F.,
 ( 4, 4 ),
 ( 0.0000000000000000000, 0.0007106142417566726600 ),
 .UNSPECIFIED. ) ;
#842 = LINE ( 'NONE', #3920, #3214 ) ;
#843 = VECTOR ( 'NONE', #2899, 1000.000000000000000 ) ;
#844 = VERTEX_POINT ( 'NONE', #4590 ) ;
#845 = CARTESIAN_POINT ( 'NONE',  ( 57.50000000000018500, -13.99999999999999600, 700.0000000000000000 ) ) ;
#846 = CARTESIAN_POINT ( 'NONE',  ( 87.50000000000000000, -417.5000000000000600, 700.0000000000000000 ) ) ;
#847 =( GEOMETRIC_REPRESENTATION_CONTEXT ( 3 ) GLOBAL_UNCERTAINTY_ASSIGNED_CONTEXT ( ( #895 ) ) GLOBAL_UNIT_ASSIGNED_CONTEXT ( ( #1774, #2158, #4822 ) ) REPRESENTATION_CONTEXT ( 'NONE', 'WORKASPACE' ) );
#848 = ORIENTED_EDGE ( 'NONE', *, *, #3853, .T. ) ;
#849 = DIRECTION ( 'NONE',  ( -0.7071067811865474600, 0.7071067811865474600, -0.0000000000000000000 ) ) ;
#850 = ADVANCED_FACE ( 'NONE', ( #4637 ), #2312, .F. ) ;
#851 = LINE ( 'NONE', #289, #1363 ) ;
#852 = DIRECTION ( 'NONE',  ( 0.7071067811865474600, -0.7071067811865474600, 0.0000000000000000000 ) ) ;
#853 = ORIENTED_EDGE ( 'NONE', *, *, #113, .F. ) ;
#854 = EDGE_CURVE ( 'NONE', #2660, #4878, #2627, .T. ) ;
#855 = ORIENTED_EDGE ( 'NONE', *, *, #247, .F. ) ;
#856 = LINE ( 'NONE', #173, #2344 ) ;
#857 = CARTESIAN_POINT ( 'NONE',  ( 37.50000000000011400, 129.0000000000000000, 700.0000000000000000 ) ) ;
#858 = DIRECTION ( 'NONE',  ( -0.7071067811865474600, 0.7071067811865474600, -0.0000000000000000000 ) ) ;
#859 = LINE ( 'NONE', #1158, #4160 ) ;
#860 = EDGE_LOOP ( 'NONE', ( #1665, #3642, #3160 ) ) ;
#861 =( GEOMETRIC_REPRESENTATION_CONTEXT ( 3 ) GLOBAL_UNCERTAINTY_ASSIGNED_CONTEXT ( ( #3818 ) ) GLOBAL_UNIT_ASSIGNED_CONTEXT ( ( #4059, #999, #4394 ) ) REPRESENTATION_CONTEXT ( 'NONE', 'WORKASPACE' ) );
#862 = ORIENTED_EDGE ( 'NONE', *, *, #4115, .T. ) ;
#863 = LINE ( 'NONE', #1493, #3411 ) ;
#864 = ORIENTED_EDGE ( 'NONE', *, *, #76, .T. ) ;
#865 = EDGE_CURVE ( 'NONE', #302, #4656, #1361, .T. ) ;
#866 = LINE ( 'NONE', #2948, #734 ) ;
#867 = COLOUR_RGB ( '',0.6470588235294118000, 0.6196078431372549200, 0.5882352941176470800 ) ;
#868 = VERTEX_POINT ( 'NONE', #1271 ) ;
#869 = FACE_OUTER_BOUND ( 'NONE', #2921, .T. ) ;
#870 = DIRECTION ( 'NONE',  ( -0.7071067811865868700, -0.7071067811865081600, -0.0000000000000000000 ) ) ;
#871 = CARTESIAN_POINT ( 'NONE',  ( -87.50000000000000000, -420.0000000000000000, -697.5000000000000000 ) ) ;
#872 = ADVANCED_FACE ( 'NONE', ( #4139 ), #1961, .F. ) ;
#873 = EDGE_LOOP ( 'NONE', ( #3071, #1671, #90, #945 ) ) ;
#874 = AXIS2_PLACEMENT_3D ( 'NONE', #3155, #885, #4632 ) ;
#875 = ORIENTED_EDGE ( 'NONE', *, *, #1254, .F. ) ;
#876 = EDGE_CURVE ( 'NONE', #836, #4949, #2452, .T. ) ;
#877 = ORIENTED_EDGE ( 'NONE', *, *, #4919, .F. ) ;
#878 = PLANE ( 'NONE',  #4084 ) ;
#879 = CARTESIAN_POINT ( 'NONE',  ( -32.49999999999998600, -420.0000000000000000, 595.0000000000000000 ) ) ;
#880 = ORIENTED_EDGE ( 'NONE', *, *, #4372, .T. ) ;
#881 = ORIENTED_EDGE ( 'NONE', *, *, #2934, .T. ) ;
#882 = CARTESIAN_POINT ( 'NONE',  ( -32.49999999999999300, -393.7500000000000000, -684.9999999999998900 ) ) ;
#883 = ORIENTED_EDGE ( 'NONE', *, *, #276, .T. ) ;
#884 = CARTESIAN_POINT ( 'NONE',  ( 87.50000000000005700, 315.5000000000000000, 700.0000000000000000 ) ) ;
#885 = DIRECTION ( 'NONE',  ( 0.7071067811865475700, -0.7071067811865475700, 0.0000000000000000000 ) ) ;
#886 = FACE_OUTER_BOUND ( 'NONE', #4871, .T. ) ;
#887 = LINE ( 'NONE', #1322, #1169 ) ;
#888 = VERTEX_POINT ( 'NONE', #4682 ) ;
#889 = VECTOR ( 'NONE', #53, 1000.000000000000000 ) ;
#890 = EDGE_CURVE ( 'NONE', #633, #3092, #2800, .T. ) ;
#891 = ADVANCED_FACE ( 'NONE', ( #3503 ), #1989, .F. ) ;
#892 = VERTEX_POINT ( 'NONE', #2773 ) ;
#893 = LINE ( 'NONE', #4374, #1664 ) ;
#894 = ORIENTED_EDGE ( 'NONE', *, *, #3341, .T. ) ;
#895 = UNCERTAINTY_MEASURE_WITH_UNIT (LENGTH_MEASURE( 1.000000000000000100E-005 ), #1774, 'distance_accuracy_value', 'NONE');
#896 = FILL_AREA_STYLE_COLOUR ( '', #2072 ) ;
#897 = CARTESIAN_POINT ( 'NONE',  ( 37.50000000000008500, -320.9999999999999400, 700.0000000000000000 ) ) ;
#898 = CARTESIAN_POINT ( 'NONE',  ( 87.50000000000009900, 163.9999999999999700, 700.0000000000000000 ) ) ;
#899 =( GEOMETRIC_REPRESENTATION_CONTEXT ( 3 ) GLOBAL_UNCERTAINTY_ASSIGNED_CONTEXT ( ( #4412 ) ) GLOBAL_UNIT_ASSIGNED_CONTEXT ( ( #2834, #503, #3919 ) ) REPRESENTATION_CONTEXT ( 'NONE', 'WORKASPACE' ) );
#900 = LINE ( 'NONE', #482, #967 ) ;
#901 = EDGE_CURVE ( 'NONE', #844, #2337, #531, .T. ) ;
#902 = VECTOR ( 'NONE', #4518, 1000.000000000000000 ) ;
#903 = FACE_OUTER_BOUND ( 'NONE', #1878, .T. ) ;
#904 = ORIENTED_EDGE ( 'NONE', *, *, #2107, .F. ) ;
#905 = CARTESIAN_POINT ( 'NONE',  ( 57.50000000000010700, 173.0000000000000000, 700.0000000000000000 ) ) ;
#906 = ORIENTED_EDGE ( 'NONE', *, *, #4834, .F. ) ;
#907 = DIRECTION ( 'NONE',  ( 4.625929269271483700E-015, -1.000000000000000000, -0.0000000000000000000 ) ) ;
#908 = CARTESIAN_POINT ( 'NONE',  ( 57.50000000000018500, -13.99999999999999600, 700.0000000000000000 ) ) ;
#909 = CARTESIAN_POINT ( 'NONE',  ( 37.50000000000011400, 173.0000000000000000, 700.0000000000000000 ) ) ;
#910 = SURFACE_STYLE_USAGE ( .BOTH. , #2015 ) ;
#911 = EDGE_CURVE ( 'NONE', #1048, #1201, #1193, .T. ) ;
#912 = CARTESIAN_POINT ( 'NONE',  ( -7.499999999999992900, 420.0000000000000000, -697.5000000000000000 ) ) ;
#913 = DIRECTION ( 'NONE',  ( -1.000000000000000000, -0.0000000000000000000, -0.0000000000000000000 ) ) ;
#914 = LINE ( 'NONE', #1379, #2877 ) ;
#915 = ORIENTED_EDGE ( 'NONE', *, *, #3227, .F. ) ;
#916 = ORIENTED_EDGE ( 'NONE', *, *, #87, .F. ) ;
#917 = CARTESIAN_POINT ( 'NONE',  ( -62.49999999999999300, -393.7500000000000000, 681.6000000000000200 ) ) ;
#918 = LINE ( 'NONE', #4749, #1566 ) ;
#919 = ORIENTED_EDGE ( 'NONE', *, *, #3893, .F. ) ;
#920 = DIRECTION ( 'NONE',  ( -1.000000000000000000, -0.0000000000000000000, -0.0000000000000000000 ) ) ;
#921 = DIRECTION ( 'NONE',  ( -1.000000000000000000, -0.0000000000000000000, -0.0000000000000000000 ) ) ;
#922 = EDGE_LOOP ( 'NONE', ( #1682, #1289, #4841, #4483 ) ) ;
#923 = CARTESIAN_POINT ( 'NONE',  ( 37.50000000000014900, -21.00000000000000000, -97.77013859047149000 ) ) ;
#924 = ORIENTED_EDGE ( 'NONE', *, *, #736, .T. ) ;
#925 = MECHANICAL_DESIGN_GEOMETRIC_PRESENTATION_REPRESENTATION (  '', ( #675 ), #1118 ) ;
#926 = EDGE_CURVE ( 'NONE', #4739, #4261, #842, .T. ) ;
#927 = CARTESIAN_POINT ( 'NONE',  ( 86.49911572757891100, -14.49911572757860900, 99.95391547137907700 ) ) ;
#928 = ORIENTED_EDGE ( 'NONE', *, *, #2328, .F. ) ;
#929 = CARTESIAN_POINT ( 'NONE',  ( 57.50000000000005700, -322.9999999999999400, -700.0000000000000000 ) ) ;
#930 = ORIENTED_EDGE ( 'NONE', *, *, #3693, .F. ) ;
#931 = AXIS2_PLACEMENT_3D ( 'NONE', #1228, #3852, #1640 ) ;
#932 = ORIENTED_EDGE ( 'NONE', *, *, #3473, .T. ) ;
#933 = ORIENTED_EDGE ( 'NONE', *, *, #401, .F. ) ;
#934 = ORIENTED_EDGE ( 'NONE', *, *, #2646, .T. ) ;
#935 = LINE ( 'NONE', #1886, #513 ) ;
#936 = ORIENTED_EDGE ( 'NONE', *, *, #4748, .T. ) ;
#937 = CARTESIAN_POINT ( 'NONE',  ( 39.50000000000009200, 277.0000000000000000, 700.0000000000000000 ) ) ;
#938 = PLANE ( 'NONE',  #3858 ) ;
#939 = ADVANCED_FACE ( 'NONE', ( #2576 ), #4646, .F. ) ;
#940 = LINE ( 'NONE', #3791, #278 ) ;
#941 = EDGE_CURVE ( 'NONE', #1850, #1670, #595, .T. ) ;
#942 = CONICAL_SURFACE ( 'NONE', #3796, 102.0000000000003300, 0.7853981633974864700 ) ;
#943 = SURFACE_SIDE_STYLE ('',( #4027 ) ) ;
#944 = DIRECTION ( 'NONE',  ( -1.095614826932720100E-016, 1.000000000000000000, 0.0000000000000000000 ) ) ;
#945 = ORIENTED_EDGE ( 'NONE', *, *, #581, .F. ) ;
#946 = CARTESIAN_POINT ( 'NONE',  ( 37.50000000000014900, -21.00000000000000000, 97.77013859047149000 ) ) ;
#947 = CARTESIAN_POINT ( 'NONE',  ( -32.49999999999999300, -420.0000000000000000, 684.9999999999998900 ) ) ;
#948 = FACE_OUTER_BOUND ( 'NONE', #2024, .T. ) ;
#949 = ORIENTED_EDGE ( 'NONE', *, *, #2571, .F. ) ;
#950 = FACE_OUTER_BOUND ( 'NONE', #3048, .T. ) ;
#951 = DIRECTION ( 'NONE',  ( -0.0000000000000000000, -1.000000000000000000, -0.0000000000000000000 ) ) ;
#952 = DIRECTION ( 'NONE',  ( 1.000000000000000000, -0.0000000000000000000, -0.0000000000000000000 ) ) ;
#953 = LINE ( 'NONE', #2730, #769 ) ;
#954 = ORIENTED_EDGE ( 'NONE', *, *, #3443, .F. ) ;
#955 = VECTOR ( 'NONE', #2298, 1000.000000000000000 ) ;
#956 = ADVANCED_FACE ( 'NONE', ( #5 ), #1256, .F. ) ;
#957 = VECTOR ( 'NONE', #3721, 1000.000000000000000 ) ;
#958 = FACE_OUTER_BOUND ( 'NONE', #1337, .T. ) ;
#959 = CARTESIAN_POINT ( 'NONE',  ( 37.50000000000014900, -21.00000000000000000, -700.0000000000000000 ) ) ;
#960 = EDGE_CURVE ( 'NONE', #407, #2803, #168, .T. ) ;
#961 = MECHANICAL_DESIGN_GEOMETRIC_PRESENTATION_REPRESENTATION (  '', ( #3515 ), #2425 ) ;
#962 = DIRECTION ( 'NONE',  ( 0.0000000000000000000, 0.0000000000000000000, -1.000000000000000000 ) ) ;
#963 = DIRECTION ( 'NONE',  ( 0.0000000000000000000, 0.0000000000000000000, -1.000000000000000000 ) ) ;
#964 = LINE ( 'NONE', #2183, #2333 ) ;
#965 = DIRECTION ( 'NONE',  ( 1.000000000000000000, 4.625929269271483700E-015, -0.0000000000000000000 ) ) ;
#966 =( BOUNDED_CURVE ( )  B_SPLINE_CURVE ( 3, ( #4119, #1413, #3733, #337 ),
 .UNSPECIFIED., .F., .T. ) 
 B_SPLINE_CURVE_WITH_KNOTS ( ( 4, 4 ),
 ( 1.338718643932184300, 1.348981856298101300 ),
 .UNSPECIFIED. ) 
 CURVE ( )  GEOMETRIC_REPRESENTATION_ITEM ( )  RATIONAL_B_SPLINE_CURVE ( ( 1.000000000000000000, 0.9999912222252567200, 0.9999912222252567200, 1.000000000000000000 ) ) 
 REPRESENTATION_ITEM ( '' )  );
#967 = VECTOR ( 'NONE', #4265, 1000.000000000000000 ) ;
#968 = ORIENTED_EDGE ( 'NONE', *, *, #4926, .F. ) ;
#969 = CARTESIAN_POINT ( 'NONE',  ( 37.50000000000011400, -170.9999999999999700, 700.0000000000000000 ) ) ;
#970 = ADVANCED_FACE ( 'NONE', ( #3548 ), #4952, .F. ) ;
#971 = CYLINDRICAL_SURFACE ( 'NONE', #1146, 3.399999999999958600 ) ;
#972 = FACE_OUTER_BOUND ( 'NONE', #2970, .T. ) ;
#973 = CARTESIAN_POINT ( 'NONE',  ( 37.50000000000011400, 129.0000000000000000, 700.0000000000000000 ) ) ;
#974 = VECTOR ( 'NONE', #1746, 1000.000000000000100 ) ;
#975 = ORIENTED_EDGE ( 'NONE', *, *, #4411, .F. ) ;
#976 = FACE_BOUND ( 'NONE', #4522, .T. ) ;
#977 = LINE ( 'NONE', #530, #2636 ) ;
#978 = CARTESIAN_POINT ( 'NONE',  ( 56.50000000000003600, -23.00000000000000000, 700.0000000000000000 ) ) ;
#979 = ORIENTED_EDGE ( 'NONE', *, *, #3613, .T. ) ;
#980 = CARTESIAN_POINT ( 'NONE',  ( -32.49999999999999300, -420.0000000000000000, -684.9999999999998900 ) ) ;
#981 = ORIENTED_EDGE ( 'NONE', *, *, #2369, .T. ) ;
#982 = DIRECTION ( 'NONE',  ( 0.0000000000000000000, 0.0000000000000000000, 1.000000000000000000 ) ) ;
#983 = DIRECTION ( 'NONE',  ( 1.000000000000000000, -0.0000000000000000000, -0.0000000000000000000 ) ) ;
#984 = VECTOR ( 'NONE', #4134, 1000.000000000000000 ) ;
#985 = ADVANCED_FACE ( 'NONE', ( #3089 ), #2680, .F. ) ;
#986 = ORIENTED_EDGE ( 'NONE', *, *, #756, .T. ) ;
#987 = CARTESIAN_POINT ( 'NONE',  ( 87.50000000000014200, -9.586629735661305400E-015, 100.0000000000000000 ) ) ;
#988 = CARTESIAN_POINT ( 'NONE',  ( 57.50000000000014900, 136.0000000000000000, 700.0000000000000000 ) ) ;
#989 = ORIENTED_EDGE ( 'NONE', *, *, #35, .F. ) ;
#990 = CARTESIAN_POINT ( 'NONE',  ( -7.038596797884863100, -240.0000000000000300, -660.0000000000000000 ) ) ;
#991 = DIRECTION ( 'NONE',  ( 0.0000000000000000000, 0.0000000000000000000, 1.000000000000000000 ) ) ;
#992 = AXIS2_PLACEMENT_3D ( 'NONE', #251, #2915, #4415 ) ;
#993 = FILL_AREA_STYLE ('',( #641 ) ) ;
#994 = EDGE_CURVE ( 'NONE', #2116, #3774, #1536, .T. ) ;
#995 = VERTEX_POINT ( 'NONE', #969 ) ;
#996 = MECHANICAL_DESIGN_GEOMETRIC_PRESENTATION_REPRESENTATION (  '', ( #1588 ), #483 ) ;
#997 = EDGE_CURVE ( 'NONE', #3310, #1612, #2067, .T. ) ;
#998 = EDGE_CURVE ( 'NONE', #4444, #2662, #1404, .T. ) ;
#999 =( NAMED_UNIT ( * ) PLANE_ANGLE_UNIT ( ) SI_UNIT ( $, .RADIAN. ) );
#1000 = DIRECTION ( 'NONE',  ( -6.546126324440779700E-016, 1.000000000000000000, -0.0000000000000000000 ) ) ;
#1001 = ORIENTED_EDGE ( 'NONE', *, *, #1999, .T. ) ;
#1002 = PLANE ( 'NONE',  #3864 ) ;
#1003 = ORIENTED_EDGE ( 'NONE', *, *, #797, .T. ) ;
#1004 = EDGE_LOOP ( 'NONE', ( #1887, #24, #774, #1489 ) ) ;
#1005 = AXIS2_PLACEMENT_3D ( 'NONE', #3280, #1758, #4402 ) ;
#1006 = DIRECTION ( 'NONE',  ( 1.000000000000000000, -4.625929269271481400E-015, 0.0000000000000000000 ) ) ;
#1007 = EDGE_LOOP ( 'NONE', ( #2181, #3877, #2795, #3133 ) ) ;
#1008 = DIRECTION ( 'NONE',  ( 0.0000000000000000000, 0.0000000000000000000, 1.000000000000000000 ) ) ;
#1009 = ORIENTED_EDGE ( 'NONE', *, *, #4659, .T. ) ;
#1010 = LINE ( 'NONE', #3801, #4811 ) ;
#1011 = CARTESIAN_POINT ( 'NONE',  ( 87.50000000000014200, 23.00000000000000700, -97.31906288081488300 ) ) ;
#1012 = EDGE_CURVE ( 'NONE', #1344, #4034, #2260, .T. ) ;
#1013 = CARTESIAN_POINT ( 'NONE',  ( -87.50000000000004300, -9.586629735661305400E-015, 102.0000000000002600 ) ) ;
#1014 = CIRCLE ( 'NONE', #254, 3.399999999999958600 ) ;
#1015 = EDGE_LOOP ( 'NONE', ( #3884, #3969, #2303, #3216 ) ) ;
#1016 = CARTESIAN_POINT ( 'NONE',  ( 57.50000000000009900, -286.0000000000000600, 700.0000000000000000 ) ) ;
#1017 = CARTESIAN_POINT ( 'NONE',  ( 57.50000000000005700, 322.9999999999999400, 700.0000000000000000 ) ) ;
#1018 = AXIS2_PLACEMENT_3D ( 'NONE', #233, #248, #3736 ) ;
#1019 = LINE ( 'NONE', #1339, #2069 ) ;
#1020 = CARTESIAN_POINT ( 'NONE',  ( 57.50000000000009900, -313.9999999999999400, 700.0000000000000000 ) ) ;
#1021 = CARTESIAN_POINT ( 'NONE',  ( 56.50000000000003600, -23.00000000000000000, -700.0000000000000000 ) ) ;
#1022 = CARTESIAN_POINT ( 'NONE',  ( 56.50000000000003600, -23.00000000000000700, -97.31906288081489700 ) ) ;
#1023 = EDGE_CURVE ( 'NONE', #1415, #4922, #3209, .T. ) ;
#1024 = FACE_OUTER_BOUND ( 'NONE', #1468, .T. ) ;
#1025 = EDGE_CURVE ( 'NONE', #3759, #405, #1477, .T. ) ;
#1026 = VECTOR ( 'NONE', #3726, 1000.000000000000000 ) ;
#1027 = AXIS2_PLACEMENT_3D ( 'NONE', #909, #4640, #3543 ) ;
#1028 =( NAMED_UNIT ( * ) PLANE_ANGLE_UNIT ( ) SI_UNIT ( $, .RADIAN. ) );
#1029 = CARTESIAN_POINT ( 'NONE',  ( 57.50000000000009900, 313.9999999999999400, 700.0000000000000000 ) ) ;
#1030 = EDGE_CURVE ( 'NONE', #2767, #4953, #893, .T. ) ;
#1031 = EDGE_LOOP ( 'NONE', ( #1828, #4029, #3565, #1761 ) ) ;
#1032 = DIRECTION ( 'NONE',  ( -0.7071067811865475700, 0.7071067811865475700, 0.0000000000000000000 ) ) ;
#1033 = DIRECTION ( 'NONE',  ( -0.7071067811865474600, -0.7071067811865474600, -0.0000000000000000000 ) ) ;
#1034 = EDGE_CURVE ( 'NONE', #1439, #1502, #4322, .T. ) ;
#1035 = COLOUR_RGB ( '',0.6470588235294118000, 0.6196078431372549200, 0.5882352941176470800 ) ;
#1036 = DIRECTION ( 'NONE',  ( 0.7071067811865475700, -0.7071067811865475700, 0.0000000000000000000 ) ) ;
#1037 = AXIS2_PLACEMENT_3D ( 'NONE', #1515, #2211, #1104 ) ;
#1038 = ORIENTED_EDGE ( 'NONE', *, *, #4849, .T. ) ;
#1039 = CARTESIAN_POINT ( 'NONE',  ( 39.50000000000009200, -277.0000000000000000, -700.0000000000000000 ) ) ;
#1040 = ORIENTED_EDGE ( 'NONE', *, *, #2622, .T. ) ;
#1041 = CARTESIAN_POINT ( 'NONE',  ( 87.50000000000000000, 420.0000000000000000, 700.0000000000000000 ) ) ;
#1042 = VERTEX_POINT ( 'NONE', #3273 ) ;
#1043 = CARTESIAN_POINT ( 'NONE',  ( -32.49999999999998600, -393.7500000000000000, 591.6000000000000200 ) ) ;
#1044 = VECTOR ( 'NONE', #217, 1000.000000000000000 ) ;
#1045 = DIRECTION ( 'NONE',  ( 0.0000000000000000000, 0.0000000000000000000, 1.000000000000000000 ) ) ;
#1046 = DIRECTION ( 'NONE',  ( -0.0000000000000000000, -1.000000000000000000, -0.0000000000000000000 ) ) ;
#1047 = DIRECTION ( 'NONE',  ( -1.000000000000000000, -0.0000000000000000000, -0.0000000000000000000 ) ) ;
#1048 = VERTEX_POINT ( 'NONE', #1364 ) ;
#1049 = DIRECTION ( 'NONE',  ( -4.625929269271483700E-015, -1.000000000000000000, 0.0000000000000000000 ) ) ;
#1050 = VERTEX_POINT ( 'NONE', #2822 ) ;
#1051 = DIRECTION ( 'NONE',  ( 0.0000000000000000000, 0.0000000000000000000, 1.000000000000000000 ) ) ;
#1052 = AXIS2_PLACEMENT_3D ( 'NONE', #319, #3317, #4440 ) ;
#1053 = VERTEX_POINT ( 'NONE', #1752 ) ;
#1054 = SURFACE_STYLE_FILL_AREA ( #1724 ) ;
#1055 = ORIENTED_EDGE ( 'NONE', *, *, #3628, .T. ) ;
#1056 = CYLINDRICAL_SURFACE ( 'NONE', #4408, 3.399999999999958600 ) ;
#1057 = CARTESIAN_POINT ( 'NONE',  ( 86.00000000000000000, 313.9999999999999400, -700.0000000000000000 ) ) ;
#1058 = ORIENTED_EDGE ( 'NONE', *, *, #525, .T. ) ;
#1059 = CARTESIAN_POINT ( 'NONE',  ( 87.50000000000009900, -134.4999999999999400, 700.0000000000000000 ) ) ;
#1060 = SURFACE_SIDE_STYLE ('',( #54 ) ) ;
#1061 = CARTESIAN_POINT ( 'NONE',  ( 56.49999999999995000, -322.9999999999999400, 700.0000000000000000 ) ) ;
#1062 = PLANE ( 'NONE',  #3764 ) ;
#1063 = VECTOR ( 'NONE', #4547, 1000.000000000000000 ) ;
#1064 = PRESENTATION_LAYER_ASSIGNMENT (  '', '', ( #2867 ) ) ;
#1065 = VERTEX_POINT ( 'NONE', #594 ) ;
#1066 = ORIENTED_EDGE ( 'NONE', *, *, #2483, .T. ) ;
#1067 = DIRECTION ( 'NONE',  ( 0.0000000000000000000, 0.0000000000000000000, 1.000000000000000000 ) ) ;
#1068 = CARTESIAN_POINT ( 'NONE',  ( 87.50000000000005700, 313.9999999999999400, 700.0000000000000000 ) ) ;
#1069 = EDGE_LOOP ( 'NONE', ( #777, #1482, #4564, #2722 ) ) ;
#1070 = VECTOR ( 'NONE', #1596, 1000.000000000000000 ) ;
#1071 = FACE_OUTER_BOUND ( 'NONE', #349, .T. ) ;
#1072 = DIRECTION ( 'NONE',  ( 0.0000000000000000000, -1.000000000000000000, 0.0000000000000000000 ) ) ;
#1073 = LINE ( 'NONE', #1197, #1295 ) ;
#1074 = ORIENTED_EDGE ( 'NONE', *, *, #4246, .T. ) ;
#1075 = VECTOR ( 'NONE', #2121, 999.9999999999998900 ) ;
#1076 = VERTEX_POINT ( 'NONE', #4002 ) ;
#1077 = CARTESIAN_POINT ( 'NONE',  ( 86.00000000000031300, -13.99999999999999800, 700.0000000000000000 ) ) ;
#1078 = CARTESIAN_POINT ( 'NONE',  ( 87.50000000000005700, -284.5000000000000000, -700.0000000000000000 ) ) ;
#1079 = VECTOR ( 'NONE', #2945, 1000.000000000000000 ) ;
#1080 = CARTESIAN_POINT ( 'NONE',  ( 57.50000000000014200, 23.00000000000000000, -700.0000000000000000 ) ) ;
#1081 = LINE ( 'NONE', #4234, #538 ) ;
#1082 = STYLED_ITEM ( 'NONE', ( #4891 ), #970 ) ;
#1083 = CARTESIAN_POINT ( 'NONE',  ( -32.49999999999998600, -420.0000000000000000, -595.0000000000000000 ) ) ;
#1084 = LINE ( 'NONE', #1171, #3039 ) ;
#1085 = ORIENTED_EDGE ( 'NONE', *, *, #1848, .T. ) ;
#1086 = FACE_OUTER_BOUND ( 'NONE', #4535, .T. ) ;
#1087 = DIRECTION ( 'NONE',  ( -0.5150380749100554900, 0.0000000000000000000, 0.8571673007021115600 ) ) ;
#1088 = VECTOR ( 'NONE', #2561, 1000.000000000000000 ) ;
#1089 = EDGE_CURVE ( 'NONE', #1952, #3797, #4819, .T. ) ;
#1090 = PRESENTATION_LAYER_ASSIGNMENT (  '', '', ( #3185 ) ) ;
#1091 = LINE ( 'NONE', #2859, #2987 ) ;
#1092 = EDGE_CURVE ( 'NONE', #1822, #1065, #1248, .T. ) ;
#1093 = DIRECTION ( 'NONE',  ( 0.0000000000000000000, 0.0000000000000000000, 1.000000000000000000 ) ) ;
#1094 = EDGE_CURVE ( 'NONE', #4785, #3192, #4014, .T. ) ;
#1095 = EDGE_CURVE ( 'NONE', #692, #2430, #3896, .T. ) ;
#1096 = VECTOR ( 'NONE', #2583, 1000.000000000000100 ) ;
#1097 = ADVANCED_FACE ( 'NONE', ( #773 ), #2379, .F. ) ;
#1098 = LINE ( 'NONE', #1440, #2758 ) ;
#1099 = ORIENTED_EDGE ( 'NONE', *, *, #1809, .T. ) ;
#1100 = DIRECTION ( 'NONE',  ( 0.0000000000000000000, 0.0000000000000000000, -1.000000000000000000 ) ) ;
#1101 = MECHANICAL_DESIGN_GEOMETRIC_PRESENTATION_REPRESENTATION (  '', ( #2372 ), #1603 ) ;
#1102 = FACE_OUTER_BOUND ( 'NONE', #3480, .T. ) ;
#1103 = CARTESIAN_POINT ( 'NONE',  ( -32.49999999999998600, -420.0000000000000000, 595.0000000000000000 ) ) ;
#1104 = DIRECTION ( 'NONE',  ( 0.0000000000000000000, 0.0000000000000000000, 1.000000000000000000 ) ) ;
#1105 = VECTOR ( 'NONE', #2446, 1000.000000000000000 ) ;
#1106 = ORIENTED_EDGE ( 'NONE', *, *, #2362, .F. ) ;
#1107 = EDGE_CURVE ( 'NONE', #1076, #819, #657, .T. ) ;
#1108 = CARTESIAN_POINT ( 'NONE',  ( 56.50000000000025600, 23.00000000000000000, -700.0000000000000000 ) ) ;
#1109 = DIRECTION ( 'NONE',  ( 0.0000000000000000000, 1.000000000000000000, 0.0000000000000000000 ) ) ;
#1110 = CARTESIAN_POINT ( 'NONE',  ( -39.00000000000007100, 39.00000000000007100, 700.0000000000000000 ) ) ;
#1111 = LINE ( 'NONE', #3904, #3006 ) ;
#1112 = ORIENTED_EDGE ( 'NONE', *, *, #3977, .F. ) ;
#1113 = EDGE_CURVE ( 'NONE', #2332, #3792, #4439, .T. ) ;
#1114 = EDGE_CURVE ( 'NONE', #3287, #800, #3144, .T. ) ;
#1115 = ORIENTED_EDGE ( 'NONE', *, *, #3861, .T. ) ;
#1116 = DIRECTION ( 'NONE',  ( 0.0000000000000000000, 0.0000000000000000000, 1.000000000000000000 ) ) ;
#1117 = CARTESIAN_POINT ( 'NONE',  ( 56.50000000000003600, -23.00000000000000000, 700.0000000000000000 ) ) ;
#1118 =( GEOMETRIC_REPRESENTATION_CONTEXT ( 3 ) GLOBAL_UNCERTAINTY_ASSIGNED_CONTEXT ( ( #1465 ) ) GLOBAL_UNIT_ASSIGNED_CONTEXT ( ( #2658, #4877, #4463 ) ) REPRESENTATION_CONTEXT ( 'NONE', 'WORKASPACE' ) );
#1119 = ADVANCED_FACE ( 'NONE', ( #1131 ), #4431, .T. ) ;
#1120 = VERTEX_POINT ( 'NONE', #1377 ) ;
#1121 = CARTESIAN_POINT ( 'NONE',  ( 37.50000000000011400, -173.0000000000000000, 700.0000000000000000 ) ) ;
#1122 = VECTOR ( 'NONE', #1087, 1000.000000000000000 ) ;
#1123 = CIRCLE ( 'NONE', #705, 13.24999999999998400 ) ;
#1124 = VECTOR ( 'NONE', #3196, 1000.000000000000000 ) ;
#1125 = MECHANICAL_DESIGN_GEOMETRIC_PRESENTATION_REPRESENTATION (  '', ( #3897 ), #1273 ) ;
#1126 = VECTOR ( 'NONE', #3778, 1000.000000000000000 ) ;
#1127 = DIRECTION ( 'NONE',  ( -0.7071067811866260700, -0.7071067811864690800, -0.0000000000000000000 ) ) ;
#1128 = EDGE_CURVE ( 'NONE', #1864, #1990, #1723, .T. ) ;
#1129 = VECTOR ( 'NONE', #2710, 1000.000000000000000 ) ;
#1130 = DIRECTION ( 'NONE',  ( 0.0000000000000000000, 0.0000000000000000000, -1.000000000000000000 ) ) ;
#1131 = FACE_OUTER_BOUND ( 'NONE', #2811, .T. ) ;
#1132 = DIRECTION ( 'NONE',  ( -1.000000000000000000, 6.546126324440779700E-016, 0.0000000000000000000 ) ) ;
#1133 = ORIENTED_EDGE ( 'NONE', *, *, #3915, .T. ) ;
#1134 = CARTESIAN_POINT ( 'NONE',  ( 56.50000000000000000, 127.0000000000000000, 700.0000000000000000 ) ) ;
#1135 = VERTEX_POINT ( 'NONE', #3654 ) ;
#1136 = PLANE ( 'NONE',  #4186 ) ;
#1137 = DIRECTION ( 'NONE',  ( 0.0000000000000000000, 1.000000000000000000, -0.0000000000000000000 ) ) ;
#1138 = VECTOR ( 'NONE', #69, 1000.000000000000000 ) ;
#1139 = CARTESIAN_POINT ( 'NONE',  ( 87.50000000000014200, -15.49999999999983300, 700.0000000000000000 ) ) ;
#1140 = ORIENTED_EDGE ( 'NONE', *, *, #661, .F. ) ;
#1141 = ADVANCED_FACE ( 'NONE', ( #2009 ), #2851, .F. ) ;
#1142 = DIRECTION ( 'NONE',  ( -0.7071067811865475700, 0.7071067811865475700, 0.0000000000000000000 ) ) ;
#1143 = CARTESIAN_POINT ( 'NONE',  ( 86.00000000000031300, -13.99999999999999800, -99.52009847262044700 ) ) ;
#1144 = FACE_OUTER_BOUND ( 'NONE', #2743, .T. ) ;
#1145 = ORIENTED_EDGE ( 'NONE', *, *, #4165, .F. ) ;
#1146 = AXIS2_PLACEMENT_3D ( 'NONE', #4328, #143, #1636 ) ;
#1147 = CARTESIAN_POINT ( 'NONE',  ( 37.50000000000008500, -320.9999999999999400, 700.0000000000000000 ) ) ;
#1148 = FACE_OUTER_BOUND ( 'NONE', #2196, .T. ) ;
#1149 = CARTESIAN_POINT ( 'NONE',  ( 57.50000000000014900, -163.9999999999999700, -700.0000000000000000 ) ) ;
#1150 = CARTESIAN_POINT ( 'NONE',  ( 57.50000000000010700, -173.0000000000000000, 700.0000000000000000 ) ) ;
#1151 = CARTESIAN_POINT ( 'NONE',  ( 114.7500000000001000, 114.7500000000001000, -700.0000000000000000 ) ) ;
#1152 = ORIENTED_EDGE ( 'NONE', *, *, #4565, .T. ) ;
#1153 = EDGE_CURVE ( 'NONE', #4077, #448, #3594, .T. ) ;
#1154 = DIRECTION ( 'NONE',  ( -0.7071067811865475700, 0.7071067811865475700, 0.0000000000000000000 ) ) ;
#1155 = EDGE_LOOP ( 'NONE', ( #4140, #4105, #3290, #2368 ) ) ;
#1156 = PLANE ( 'NONE',  #3452 ) ;
#1157 = VECTOR ( 'NONE', #4714, 1000.000000000000000 ) ;
#1158 = CARTESIAN_POINT ( 'NONE',  ( -7.499999999999992900, 420.0000000000000000, 700.0000000000000000 ) ) ;
#1159 = DIRECTION ( 'NONE',  ( -1.734723475976807800E-016, 1.000000000000000000, 0.0000000000000000000 ) ) ;
#1160 = CARTESIAN_POINT ( 'NONE',  ( -32.49999999999998600, -420.0000000000000000, 591.6000000000000200 ) ) ;
#1161 = EDGE_LOOP ( 'NONE', ( #758, #3555, #362, #2308 ) ) ;
#1162 = ADVANCED_FACE ( 'NONE', ( #109 ), #1813, .F. ) ;
#1163 = EDGE_CURVE ( 'NONE', #374, #1934, #1601, .T. ) ;
#1164 = ORIENTED_EDGE ( 'NONE', *, *, #2878, .T. ) ;
#1165 = DIRECTION ( 'NONE',  ( -0.7071067811865426900, 8.659560562354993300E-017, -0.7071067811865524600 ) ) ;
#1166 = CARTESIAN_POINT ( 'NONE',  ( 39.74999999999374000, -39.75000000000256500, -700.0000000000000000 ) ) ;
#1167 = SURFACE_STYLE_FILL_AREA ( #4717 ) ;
#1168 = ORIENTED_EDGE ( 'NONE', *, *, #1326, .F. ) ;
#1169 = VECTOR ( 'NONE', #3218, 1000.000000000000000 ) ;
#1170 = DIRECTION ( 'NONE',  ( 1.000000000000000000, 0.0000000000000000000, 0.0000000000000000000 ) ) ;
#1171 = CARTESIAN_POINT ( 'NONE',  ( 87.50000000000014200, 13.99999999999999800, -99.01515035589251600 ) ) ;
#1172 = ORIENTED_EDGE ( 'NONE', *, *, #3431, .F. ) ;
#1173 = AXIS2_PLACEMENT_3D ( 'NONE', #4318, #3183, #154 ) ;
#1174 = CARTESIAN_POINT ( 'NONE',  ( -9.999999999999939600, 417.5000000000000600, -700.0000000000000000 ) ) ;
#1175 = FACE_OUTER_BOUND ( 'NONE', #2657, .T. ) ;
#1176 = DIRECTION ( 'NONE',  ( -1.000000000000000000, -5.782411586589363600E-017, 0.0000000000000000000 ) ) ;
#1177 = DIRECTION ( 'NONE',  ( -1.000000000000000000, -0.0000000000000000000, -0.0000000000000000000 ) ) ;
#1178 = EDGE_CURVE ( 'NONE', #91, #4087, #4947, .T. ) ;
#1179 = VECTOR ( 'NONE', #3624, 1000.000000000000000 ) ;
#1180 = LINE ( 'NONE', #3008, #2123 ) ;
#1181 = AXIS2_PLACEMENT_3D ( 'NONE', #4534, #3804, #2253 ) ;
#1182 = EDGE_CURVE ( 'NONE', #2340, #2798, #590, .T. ) ;
#1183 = FACE_OUTER_BOUND ( 'NONE', #3342, .T. ) ;
#1184 = LINE ( 'NONE', #4381, #3201 ) ;
#1185 = LINE ( 'NONE', #2105, #2909 ) ;
#1186 = DIRECTION ( 'NONE',  ( -1.000000000000000000, 5.782411586589364800E-017, 0.0000000000000000000 ) ) ;
#1187 = VECTOR ( 'NONE', #3970, 1000.000000000000000 ) ;
#1188 = AXIS2_PLACEMENT_3D ( 'NONE', #4575, #1551, #41 ) ;
#1189 = DIRECTION ( 'NONE',  ( 0.0000000000000000000, 0.0000000000000000000, 1.000000000000000000 ) ) ;
#1190 = ADVANCED_FACE ( 'NONE', ( #1350 ), #1658, .F. ) ;
#1191 = FACE_OUTER_BOUND ( 'NONE', #4939, .T. ) ;
#1192 = VECTOR ( 'NONE', #228, 1000.000000000000000 ) ;
#1193 = LINE ( 'NONE', #912, #4701 ) ;
#1194 = FILL_AREA_STYLE_COLOUR ( '', #1035 ) ;
#1195 = CARTESIAN_POINT ( 'NONE',  ( 39.50000000000015600, 22.99999999999999600, -700.0000000000000000 ) ) ;
#1196 = PRESENTATION_STYLE_ASSIGNMENT (( #4485 ) ) ;
#1197 = CARTESIAN_POINT ( 'NONE',  ( 57.50000000000018500, 13.99999999999999600, 700.0000000000000000 ) ) ;
#1198 = FACE_OUTER_BOUND ( 'NONE', #4616, .T. ) ;
#1199 = CARTESIAN_POINT ( 'NONE',  ( -62.49999999999999300, -393.7500000000000000, -591.6000000000000200 ) ) ;
#1200 = VECTOR ( 'NONE', #818, 1000.000000000000000 ) ;
#1201 = VERTEX_POINT ( 'NONE', #694 ) ;
#1202 = CARTESIAN_POINT ( 'NONE',  ( -87.50000000000007100, 340.0000000000001100, -700.0000000000000000 ) ) ;
#1203 = ORIENTED_EDGE ( 'NONE', *, *, #3819, .F. ) ;
#1204 = LINE ( 'NONE', #2591, #2151 ) ;
#1205 = CARTESIAN_POINT ( 'NONE',  ( 57.50000000000010700, 173.0000000000000000, -700.0000000000000000 ) ) ;
#1206 = CARTESIAN_POINT ( 'NONE',  ( -32.49999999999999300, -420.0000000000000000, -684.9999999999998900 ) ) ;
#1207 = EDGE_LOOP ( 'NONE', ( #2476, #201, #2692 ) ) ;
#1208 = LINE ( 'NONE', #929, #4159 ) ;
#1209 = DIRECTION ( 'NONE',  ( -1.000000000000000000, -0.0000000000000000000, -0.0000000000000000000 ) ) ;
#1210 = CIRCLE ( 'NONE', #2888, 3.399999999999958600 ) ;
#1211 = CARTESIAN_POINT ( 'NONE',  ( -62.49999999999999300, -393.7500000000000000, -591.6000000000000200 ) ) ;
#1212 = CIRCLE ( 'NONE', #2900, 3.399999999999958600 ) ;
#1213 = EDGE_CURVE ( 'NONE', #1619, #508, #2904, .T. ) ;
#1214 = VERTEX_POINT ( 'NONE', #4928 ) ;
#1215 = FACE_OUTER_BOUND ( 'NONE', #4306, .T. ) ;
#1216 = CARTESIAN_POINT ( 'NONE',  ( 87.50000000000014200, -9.586629735661305400E-015, 0.0000000000000000000 ) ) ;
#1217 = ORIENTED_EDGE ( 'NONE', *, *, #4438, .F. ) ;
#1218 = CARTESIAN_POINT ( 'NONE',  ( 56.49999999999995000, -277.0000000000000000, 700.0000000000000000 ) ) ;
#1219 = ADVANCED_FACE ( 'NONE', ( #4629 ), #414, .F. ) ;
#1220 = LINE ( 'NONE', #4288, #2471 ) ;
#1221 = VERTEX_POINT ( 'NONE', #1532 ) ;
#1222 = ORIENTED_EDGE ( 'NONE', *, *, #4706, .T. ) ;
#1223 = DIRECTION ( 'NONE',  ( 1.000000000000000000, 0.0000000000000000000, 0.0000000000000000000 ) ) ;
#1224 = DIRECTION ( 'NONE',  ( 1.000000000000000000, 0.0000000000000000000, 0.0000000000000000000 ) ) ;
#1225 = ORIENTED_EDGE ( 'NONE', *, *, #4925, .T. ) ;
#1226 = CARTESIAN_POINT ( 'NONE',  ( 37.50000000000011400, 170.9999999999999700, -700.0000000000000000 ) ) ;
#1227 = DIRECTION ( 'NONE',  ( -5.782411586589363600E-017, 1.000000000000000000, 0.0000000000000000000 ) ) ;
#1228 = CARTESIAN_POINT ( 'NONE',  ( -87.50000000000004300, -9.586629735661305400E-015, 0.0000000000000000000 ) ) ;
#1229 = DIRECTION ( 'NONE',  ( 1.000000000000000000, -1.734723475976807800E-016, 0.0000000000000000000 ) ) ;
#1230 = DIRECTION ( 'NONE',  ( 0.0000000000000000000, -0.5150380749100544900, -0.8571673007021121100 ) ) ;
#1231 = VERTEX_POINT ( 'NONE', #393 ) ;
#1232 = ORIENTED_EDGE ( 'NONE', *, *, #2864, .F. ) ;
#1233 = VERTEX_POINT ( 'NONE', #1904 ) ;
#1234 = ORIENTED_EDGE ( 'NONE', *, *, #231, .T. ) ;
#1235 = ORIENTED_EDGE ( 'NONE', *, *, #2107, .T. ) ;
#1236 = ADVANCED_FACE ( 'NONE', ( #950 ), #1156, .F. ) ;
#1237 = ORIENTED_EDGE ( 'NONE', *, *, #3124, .T. ) ;
#1238 = EDGE_CURVE ( 'NONE', #4663, #2718, #4881, .T. ) ;
#1239 = ORIENTED_EDGE ( 'NONE', *, *, #3977, .T. ) ;
#1240 = DIRECTION ( 'NONE',  ( 0.0000000000000000000, -1.000000000000000000, 0.0000000000000000000 ) ) ;
#1241 = CARTESIAN_POINT ( 'NONE',  ( 57.50000000000018500, -13.99999999999999600, -99.01515035589251600 ) ) ;
#1242 = AXIS2_PLACEMENT_3D ( 'NONE', #2652, #790, #4554 ) ;
#1243 = LINE ( 'NONE', #78, #223 ) ;
#1244 = ORIENTED_EDGE ( 'NONE', *, *, #525, .F. ) ;
#1245 = COLOUR_RGB ( '',0.6470588235294118000, 0.6196078431372549200, 0.5882352941176470800 ) ;
#1246 = EDGE_CURVE ( 'NONE', #2941, #512, #3374, .T. ) ;
#1247 = EDGE_CURVE ( 'NONE', #3782, #3102, #2440, .T. ) ;
#1248 = LINE ( 'NONE', #4393, #4136 ) ;
#1249 = ORIENTED_EDGE ( 'NONE', *, *, #1023, .T. ) ;
#1250 = CARTESIAN_POINT ( 'NONE',  ( 37.50000000000014900, 22.99999999999999600, -700.0000000000000000 ) ) ;
#1251 = CARTESIAN_POINT ( 'NONE',  ( -15.00000000000004100, -240.0000000000000000, -646.7500000000000000 ) ) ;
#1252 = ORIENTED_EDGE ( 'NONE', *, *, #1494, .F. ) ;
#1253 = DIRECTION ( 'NONE',  ( -0.0000000000000000000, -1.000000000000000000, -0.0000000000000000000 ) ) ;
#1254 = EDGE_CURVE ( 'NONE', #374, #4410, #1592, .T. ) ;
#1255 = B_SPLINE_CURVE_WITH_KNOTS ( 'NONE', 3,
 ( #2274, #4109, #3004, #727 ),
 .UNSPECIFIED., .F., .F.,
 ( 4, 4 ),
 ( 0.0000000000000000000, 0.0007106142417560348200 ),
 .UNSPECIFIED. ) ;
#1256 = PLANE ( 'NONE',  #2558 ) ;
#1257 = CARTESIAN_POINT ( 'NONE',  ( 57.50000000000018500, 13.99999999999999800, -99.01515035589251600 ) ) ;
#1258 = ADVANCED_FACE ( 'NONE', ( #2006 ), #103, .F. ) ;
#1259 = LINE ( 'NONE', #4812, #2153 ) ;
#1260 = VECTOR ( 'NONE', #3336, 1000.000000000000100 ) ;
#1261 = FACE_OUTER_BOUND ( 'NONE', #4609, .T. ) ;
#1262 = VERTEX_POINT ( 'NONE', #4174 ) ;
#1263 = AXIS2_PLACEMENT_3D ( 'NONE', #347, #1885, #4125 ) ;
#1264 = CARTESIAN_POINT ( 'NONE',  ( 86.99912813379070500, 14.99912813379083200, 100.3856755324211700 ) ) ;
#1265 = VECTOR ( 'NONE', #2551, 1000.000000000000100 ) ;
#1266 = EDGE_CURVE ( 'NONE', #3450, #1053, #4316, .T. ) ;
#1267 = CARTESIAN_POINT ( 'NONE',  ( -32.50000000000000000, -391.7070738953062800, -684.9999999999998900 ) ) ;
#1268 = ORIENTED_EDGE ( 'NONE', *, *, #3901, .T. ) ;
#1269 = AXIS2_PLACEMENT_3D ( 'NONE', #2852, #562, #982 ) ;
#1270 = VECTOR ( 'NONE', #2174, 1000.000000000000000 ) ;
#1271 = CARTESIAN_POINT ( 'NONE',  ( 39.50000000000015600, 22.99999999999999600, 700.0000000000000000 ) ) ;
#1272 = CARTESIAN_POINT ( 'NONE',  ( 87.50000000000000000, 417.5000000000000600, 700.0000000000000000 ) ) ;
#1273 =( GEOMETRIC_REPRESENTATION_CONTEXT ( 3 ) GLOBAL_UNCERTAINTY_ASSIGNED_CONTEXT ( ( #311 ) ) GLOBAL_UNIT_ASSIGNED_CONTEXT ( ( #1890, #4951, #3708 ) ) REPRESENTATION_CONTEXT ( 'NONE', 'WORKASPACE' ) );
#1274 = ORIENTED_EDGE ( 'NONE', *, *, #3187, .F. ) ;
#1275 = CARTESIAN_POINT ( 'NONE',  ( 186.0000000000000300, -186.0000000000000300, 700.0000000000000000 ) ) ;
#1276 = CARTESIAN_POINT ( 'NONE',  ( 87.50000000000014200, 15.50000000000027700, 100.8154254070281400 ) ) ;
#1277 = EDGE_LOOP ( 'NONE', ( #3399, #136, #4133, #2383 ) ) ;
#1278 = ADVANCED_FACE ( 'NONE', ( #1071 ), #4365, .F. ) ;
#1279 = EDGE_LOOP ( 'NONE', ( #1306, #4603, #4605, #2200 ) ) ;
#1280 = CARTESIAN_POINT ( 'NONE',  ( 37.50000000000014900, 2.659838255812227500E-015, -100.0000000000000000 ) ) ;
#1281 = DIRECTION ( 'NONE',  ( 0.0000000000000000000, 0.0000000000000000000, -1.000000000000000000 ) ) ;
#1282 = PRESENTATION_STYLE_ASSIGNMENT (( #4741 ) ) ;
#1283 = VECTOR ( 'NONE', #2605, 1000.000000000000000 ) ;
#1284 = CARTESIAN_POINT ( 'NONE',  ( 57.50000000000014200, -23.00000000000000000, 700.0000000000000000 ) ) ;
#1285 = FILL_AREA_STYLE_COLOUR ( '', #1692 ) ;
#1286 = ORIENTED_EDGE ( 'NONE', *, *, #1335, .T. ) ;
#1287 = COLOUR_RGB ( '',0.6470588235294118000, 0.6196078431372549200, 0.5882352941176470800 ) ;
#1288 = LINE ( 'NONE', #2741, #2787 ) ;
#1289 = ORIENTED_EDGE ( 'NONE', *, *, #4220, .F. ) ;
#1290 = AXIS2_PLACEMENT_3D ( 'NONE', #4162, #1905, #3047 ) ;
#1291 = LINE ( 'NONE', #1936, #3773 ) ;
#1292 = VECTOR ( 'NONE', #4842, 999.9999999999998900 ) ;
#1293 = CARTESIAN_POINT ( 'NONE',  ( 57.50000000000011400, -127.9999999999998900, -700.0000000000000000 ) ) ;
#1294 = DIRECTION ( 'NONE',  ( 0.0000000000000000000, 0.0000000000000000000, 1.000000000000000000 ) ) ;
#1295 = VECTOR ( 'NONE', #3495, 1000.000000000000000 ) ;
#1296 = CARTESIAN_POINT ( 'NONE',  ( 37.50000000000008500, 322.9999999999999400, -700.0000000000000000 ) ) ;
#1297 = FILL_AREA_STYLE_COLOUR ( '', #3313 ) ;
#1298 = CARTESIAN_POINT ( 'NONE',  ( 57.50000000000014200, -23.00000000000000000, 700.0000000000000000 ) ) ;
#1299 = PRESENTATION_STYLE_ASSIGNMENT (( #1818 ) ) ;
#1300 = ORIENTED_EDGE ( 'NONE', *, *, #231, .F. ) ;
#1301 = ADVANCED_FACE ( 'NONE', ( #4195 ), #4525, .F. ) ;
#1302 = CIRCLE ( 'NONE', #4158, 100.0000000000000000 ) ;
#1303 = FACE_BOUND ( 'NONE', #2187, .T. ) ;
#1304 = VECTOR ( 'NONE', #2833, 1000.000000000000000 ) ;
#1305 = CARTESIAN_POINT ( 'NONE',  ( 86.00000000000000000, -286.0000000000000600, -700.0000000000000000 ) ) ;
#1306 = ORIENTED_EDGE ( 'NONE', *, *, #4170, .T. ) ;
#1307 = CARTESIAN_POINT ( 'NONE',  ( 0.0000000000000000000, 0.0000000000000000000, 700.0000000000000000 ) ) ;
#1308 = VECTOR ( 'NONE', #1189, 1000.000000000000000 ) ;
#1309 = CARTESIAN_POINT ( 'NONE',  ( 57.50000000000006400, 321.9999999999998300, 700.0000000000000000 ) ) ;
#1310 = ADVANCED_FACE ( 'NONE', ( #4500 ), #757, .T. ) ;
#1311 = CONICAL_SURFACE ( 'NONE', #2323, 13.24999999999998400, 1.029744258676653000 ) ;
#1312 = EDGE_LOOP ( 'NONE', ( #3734, #514, #622 ) ) ;
#1313 = VECTOR ( 'NONE', #1765, 1000.000000000000100 ) ;
#1314 = CARTESIAN_POINT ( 'NONE',  ( -32.49999999999998600, -393.7500000000000000, 591.6000000000000200 ) ) ;
#1315 = DIRECTION ( 'NONE',  ( 0.0000000000000000000, 0.0000000000000000000, 1.000000000000000000 ) ) ;
#1316 = DIRECTION ( 'NONE',  ( 0.0000000000000000000, 0.0000000000000000000, -1.000000000000000000 ) ) ;
#1317 = ORIENTED_EDGE ( 'NONE', *, *, #3403, .F. ) ;
#1318 = ORIENTED_EDGE ( 'NONE', *, *, #4142, .T. ) ;
#1319 = CARTESIAN_POINT ( 'NONE',  ( 86.00000000000031300, -13.99999999999999800, -99.52009847262044700 ) ) ;
#1320 = ADVANCED_FACE ( 'NONE', ( #161 ), #3430, .T. ) ;
#1321 = ORIENTED_EDGE ( 'NONE', *, *, #840, .T. ) ;
#1322 = CARTESIAN_POINT ( 'NONE',  ( 57.50000000000014900, 136.0000000000000000, 700.0000000000000000 ) ) ;
#1323 = ORIENTED_EDGE ( 'NONE', *, *, #3662, .F. ) ;
#1324 = AXIS2_PLACEMENT_3D ( 'NONE', #2771, #4311, #3933 ) ;
#1325 = EDGE_CURVE ( 'NONE', #2984, #3092, #830, .T. ) ;
#1326 = EDGE_CURVE ( 'NONE', #761, #4484, #2127, .T. ) ;
#1327 = EDGE_CURVE ( 'NONE', #3102, #455, #1288, .T. ) ;
#1328 = AXIS2_PLACEMENT_3D ( 'NONE', #628, #237, #256 ) ;
#1329 = ADVANCED_FACE ( 'NONE', ( #4493 ), #2611, .F. ) ;
#1330 = VERTEX_POINT ( 'NONE', #74 ) ;
#1331 = ORIENTED_EDGE ( 'NONE', *, *, #1937, .T. ) ;
#1332 = CARTESIAN_POINT ( 'NONE',  ( -87.50000000000007100, 340.0000000000001100, -700.0000000000000000 ) ) ;
#1333 = CARTESIAN_POINT ( 'NONE',  ( 87.50000000000005700, 286.0000000000000600, 700.0000000000000000 ) ) ;
#1334 = UNCERTAINTY_MEASURE_WITH_UNIT (LENGTH_MEASURE( 1.000000000000000100E-005 ), #4016, 'distance_accuracy_value', 'NONE');
#1335 = EDGE_CURVE ( 'NONE', #2803, #2798, #3767, .T. ) ;
#1336 = FACE_OUTER_BOUND ( 'NONE', #2956, .T. ) ;
#1337 = EDGE_LOOP ( 'NONE', ( #2604, #3184, #1764, #930 ) ) ;
#1338 = LINE ( 'NONE', #1061, #2309 ) ;
#1339 = CARTESIAN_POINT ( 'NONE',  ( -32.49999999999999300, -393.7500000000000000, 688.3999999999998600 ) ) ;
#1340 = ORIENTED_EDGE ( 'NONE', *, *, #4643, .F. ) ;
#1341 = DIRECTION ( 'NONE',  ( 1.000000000000000000, 0.0000000000000000000, 0.0000000000000000000 ) ) ;
#1342 = EDGE_CURVE ( 'NONE', #3484, #1856, #157, .T. ) ;
#1343 = ORIENTED_EDGE ( 'NONE', *, *, #4539, .F. ) ;
#1344 = VERTEX_POINT ( 'NONE', #3850 ) ;
#1345 = FACE_OUTER_BOUND ( 'NONE', #1385, .T. ) ;
#1346 = CARTESIAN_POINT ( 'NONE',  ( -15.00000000000004100, -240.0000000000000000, 660.0000000000000000 ) ) ;
#1347 = CARTESIAN_POINT ( 'NONE',  ( 87.50000000000014200, -13.99999999999999800, 700.0000000000000000 ) ) ;
#1348 = CARTESIAN_POINT ( 'NONE',  ( -62.49999999999999300, -420.0000000000000000, -595.0000000000000000 ) ) ;
#1349 = AXIS2_PLACEMENT_3D ( 'NONE', #4797, #1046, #2535 ) ;
#1350 = FACE_OUTER_BOUND ( 'NONE', #860, .T. ) ;
#1351 = DIRECTION ( 'NONE',  ( 0.0000000000000000000, 0.0000000000000000000, 1.000000000000000000 ) ) ;
#1352 = EDGE_CURVE ( 'NONE', #1631, #4571, #1769, .T. ) ;
#1353 = PRESENTATION_STYLE_ASSIGNMENT (( #1472 ) ) ;
#1354 = AXIS2_PLACEMENT_3D ( 'NONE', #46, #4668, #2008 ) ;
#1355 = VECTOR ( 'NONE', #3293, 1000.000000000000000 ) ;
#1356 = DIRECTION ( 'NONE',  ( -0.0000000000000000000, -1.000000000000000000, -0.0000000000000000000 ) ) ;
#1357 = ORIENTED_EDGE ( 'NONE', *, *, #876, .F. ) ;
#1358 = DIRECTION ( 'NONE',  ( 1.000000000000000000, 4.625929269271483700E-015, -0.0000000000000000000 ) ) ;
#1359 = CARTESIAN_POINT ( 'NONE',  ( 57.50000000000009900, 313.9999999999999400, 700.0000000000000000 ) ) ;
#1360 =( LENGTH_UNIT ( ) NAMED_UNIT ( * ) SI_UNIT ( .MILLI., .METRE. ) );
#1361 = LINE ( 'NONE', #857, #366 ) ;
#1362 = ORIENTED_EDGE ( 'NONE', *, *, #506, .F. ) ;
#1363 = VECTOR ( 'NONE', #1396, 1000.000000000000000 ) ;
#1364 = CARTESIAN_POINT ( 'NONE',  ( 87.50000000000000000, 420.0000000000000000, -697.5000000000000000 ) ) ;
#1365 = DIRECTION ( 'NONE',  ( -0.7071067811865475700, -0.7071067811865475700, 0.0000000000000000000 ) ) ;
#1366 = CARTESIAN_POINT ( 'NONE',  ( 87.50000000000000000, 420.0000000000000000, 700.0000000000000000 ) ) ;
#1367 = AXIS2_PLACEMENT_3D ( 'NONE', #4847, #1431, #3669 ) ;
#1368 = CONICAL_SURFACE ( 'NONE', #2520, 102.0000000000003300, 0.7853981633974864700 ) ;
#1369 = PLANE ( 'NONE',  #533 ) ;
#1370 = PRODUCT_DEFINITION_SHAPE ( 'NONE', 'NONE',  #3524 ) ;
#1371 = EDGE_CURVE ( 'NONE', #4949, #4484, #3645, .T. ) ;
#1372 = CONICAL_SURFACE ( 'NONE', #4647, 3.399999999999958600, 1.029744258676654100 ) ;
#1373 = DIRECTION ( 'NONE',  ( 1.000000000000000000, -0.0000000000000000000, -0.0000000000000000000 ) ) ;
#1374 = ORIENTED_EDGE ( 'NONE', *, *, #744, .T. ) ;
#1375 = DIRECTION ( 'NONE',  ( -0.5150380749100554900, 1.049727191138617700E-016, -0.8571673007021115600 ) ) ;
#1376 = VERTEX_POINT ( 'NONE', #1174 ) ;
#1377 = CARTESIAN_POINT ( 'NONE',  ( 39.50000000000009200, -322.9999999999999400, -700.0000000000000000 ) ) ;
#1378 = EDGE_LOOP ( 'NONE', ( #4619, #3066, #1164, #1642, #3544 ) ) ;
#1379 = CARTESIAN_POINT ( 'NONE',  ( 87.50000000000009900, 136.0000000000000000, -700.0000000000000000 ) ) ;
#1380 = DIRECTION ( 'NONE',  ( 0.0000000000000000000, 0.0000000000000000000, 1.000000000000000000 ) ) ;
#1381 = CARTESIAN_POINT ( 'NONE',  ( 56.83293686442709000, 22.66706313557314800, -97.39774785429430900 ) ) ;
#1382 = VERTEX_POINT ( 'NONE', #1211 ) ;
#1383 = FILL_AREA_STYLE_COLOUR ( '', #3481 ) ;
#1384 = LINE ( 'NONE', #2916, #2537 ) ;
#1385 = EDGE_LOOP ( 'NONE', ( #4892, #3132, #1085 ) ) ;
#1386 = CARTESIAN_POINT ( 'NONE',  ( 87.50000000000000000, -417.5000000000000600, -700.0000000000000000 ) ) ;
#1387 = DIRECTION ( 'NONE',  ( 0.0000000000000000000, 0.0000000000000000000, -1.000000000000000000 ) ) ;
#1388 = EDGE_CURVE ( 'NONE', #3310, #3099, #3940, .T. ) ;
#1389 = CARTESIAN_POINT ( 'NONE',  ( 87.50000000000014200, -13.99999999999999800, -99.01515035589251600 ) ) ;
#1390 = CARTESIAN_POINT ( 'NONE',  ( 57.50000000000011400, 128.0000000000001100, 700.0000000000000000 ) ) ;
#1391 = AXIS2_PLACEMENT_3D ( 'NONE', #4201, #7, #770 ) ;
#1392 = EDGE_LOOP ( 'NONE', ( #3549, #2926, #3110, #3934 ) ) ;
#1393 = LINE ( 'NONE', #1166, #2042 ) ;
#1394 = CARTESIAN_POINT ( 'NONE',  ( 56.49999999999995000, 322.9999999999999400, -700.0000000000000000 ) ) ;
#1395 = DIRECTION ( 'NONE',  ( -3.412570772413390000E-016, 1.000000000000000000, -0.0000000000000000000 ) ) ;
#1396 = DIRECTION ( 'NONE',  ( 0.0000000000000000000, 0.0000000000000000000, 1.000000000000000000 ) ) ;
#1397 =( NAMED_UNIT ( * ) PLANE_ANGLE_UNIT ( ) SI_UNIT ( $, .RADIAN. ) );
#1398 = EDGE_LOOP ( 'NONE', ( #114, #1876, #3022 ) ) ;
#1399 = ORIENTED_EDGE ( 'NONE', *, *, #3901, .F. ) ;
#1400 = CARTESIAN_POINT ( 'NONE',  ( -62.49999999999999300, -393.7500000000000000, 684.9999999999998900 ) ) ;
#1401 = VERTEX_POINT ( 'NONE', #476 ) ;
#1402 = ORIENTED_EDGE ( 'NONE', *, *, #2988, .T. ) ;
#1403 = DIRECTION ( 'NONE',  ( -1.000000000000000000, -0.0000000000000000000, -0.0000000000000000000 ) ) ;
#1404 = B_SPLINE_CURVE_WITH_KNOTS ( 'NONE', 3,
 ( #3955, #192, #927, #4765 ),
 .UNSPECIFIED., .F., .F.,
 ( 4, 4 ),
 ( 2.145734436807299000E-017, 0.002485532511757051200 ),
 .UNSPECIFIED. ) ;
#1405 = DIRECTION ( 'NONE',  ( 0.0000000000000000000, -1.000000000000000000, 0.0000000000000000000 ) ) ;
#1406 = EDGE_LOOP ( 'NONE', ( #1436, #2826, #3318 ) ) ;
#1407 = FACE_OUTER_BOUND ( 'NONE', #3740, .T. ) ;
#1408 = LINE ( 'NONE', #4449, #285 ) ;
#1409 = VERTEX_POINT ( 'NONE', #2327 ) ;
#1410 = VECTOR ( 'NONE', #635, 1000.000000000000000 ) ;
#1411 = VERTEX_POINT ( 'NONE', #2726 ) ;
#1412 = LINE ( 'NONE', #3425, #2377 ) ;
#1413 = CARTESIAN_POINT ( 'NONE',  ( 56.83293686442714700, 22.66706313557309500, 97.39774785429432300 ) ) ;
#1414 = CARTESIAN_POINT ( 'NONE',  ( 39.50000000000012100, 173.0000000000000000, -700.0000000000000000 ) ) ;
#1415 = VERTEX_POINT ( 'NONE', #433 ) ;
#1416 = FILL_AREA_STYLE_COLOUR ( '', #1287 ) ;
#1417 = VECTOR ( 'NONE', #434, 1000.000000000000000 ) ;
#1418 = ORIENTED_EDGE ( 'NONE', *, *, #876, .T. ) ;
#1419 = ORIENTED_EDGE ( 'NONE', *, *, #4423, .T. ) ;
#1420 = FILL_AREA_STYLE_COLOUR ( '', #1803 ) ;
#1421 = CARTESIAN_POINT ( 'NONE',  ( 37.50000000000014900, -21.00000000000000000, -700.0000000000000000 ) ) ;
#1422 = SURFACE_STYLE_FILL_AREA ( #3758 ) ;
#1423 = EDGE_LOOP ( 'NONE', ( #2717, #3081, #4327, #1300 ) ) ;
#1424 = VECTOR ( 'NONE', #1763, 1000.000000000000000 ) ;
#1425 = DIRECTION ( 'NONE',  ( 4.625929269271481400E-015, 1.000000000000000000, 0.0000000000000000000 ) ) ;
#1426 = ORIENTED_EDGE ( 'NONE', *, *, #63, .T. ) ;
#1427 =( LENGTH_UNIT ( ) NAMED_UNIT ( * ) SI_UNIT ( .MILLI., .METRE. ) );
#1428 = FACE_OUTER_BOUND ( 'NONE', #1702, .T. ) ;
#1429 = EDGE_CURVE ( 'NONE', #3450, #2628, #648, .T. ) ;
#1430 =( GEOMETRIC_REPRESENTATION_CONTEXT ( 3 ) GLOBAL_UNCERTAINTY_ASSIGNED_CONTEXT ( ( #2968 ) ) GLOBAL_UNIT_ASSIGNED_CONTEXT ( ( #3143, #1966, #4620 ) ) REPRESENTATION_CONTEXT ( 'NONE', 'WORKASPACE' ) );
#1431 = DIRECTION ( 'NONE',  ( 1.000000000000000000, -4.625929269271481400E-015, 0.0000000000000000000 ) ) ;
#1432 = DIRECTION ( 'NONE',  ( -1.000000000000000000, -0.0000000000000000000, -0.0000000000000000000 ) ) ;
#1433 = DIRECTION ( 'NONE',  ( 1.000000000000000000, -0.0000000000000000000, -0.0000000000000000000 ) ) ;
#1434 = EDGE_CURVE ( 'NONE', #819, #1864, #1583, .T. ) ;
#1435 = FACE_OUTER_BOUND ( 'NONE', #2893, .T. ) ;
#1436 = ORIENTED_EDGE ( 'NONE', *, *, #1844, .F. ) ;
#1437 = ADVANCED_FACE ( 'NONE', ( #2433 ), #3836, .F. ) ;
#1438 = DIRECTION ( 'NONE',  ( 0.0000000000000000000, 0.0000000000000000000, 1.000000000000000000 ) ) ;
#1439 = VERTEX_POINT ( 'NONE', #4260 ) ;
#1440 = CARTESIAN_POINT ( 'NONE',  ( 87.50000000000014200, -13.99999999999999800, 700.0000000000000000 ) ) ;
#1441 = AXIS2_PLACEMENT_3D ( 'NONE', #2099, #222, #3895 ) ;
#1442 = CYLINDRICAL_SURFACE ( 'NONE', #4815, 100.0000000000000000 ) ;
#1443 = FACE_OUTER_BOUND ( 'NONE', #214, .T. ) ;
#1444 = VECTOR ( 'NONE', #2506, 1000.000000000000000 ) ;
#1445 = CARTESIAN_POINT ( 'NONE',  ( 57.50000000000009900, 286.0000000000000600, 700.0000000000000000 ) ) ;
#1446 = VECTOR ( 'NONE', #722, 1000.000000000000100 ) ;
#1447 = ORIENTED_EDGE ( 'NONE', *, *, #2407, .T. ) ;
#1448 = CARTESIAN_POINT ( 'NONE',  ( -87.50000000000007100, 340.0000000000001100, -700.0000000000000000 ) ) ;
#1449 = CARTESIAN_POINT ( 'NONE',  ( 87.50000000000014200, -9.586629735661305400E-015, 0.0000000000000000000 ) ) ;
#1450 = CARTESIAN_POINT ( 'NONE',  ( -62.49999999999999300, -420.0000000000000000, 681.6000000000000200 ) ) ;
#1451 = EDGE_LOOP ( 'NONE', ( #4670, #3041, #3364 ) ) ;
#1452 = FILL_AREA_STYLE_COLOUR ( '', #1533 ) ;
#1453 = DIRECTION ( 'NONE',  ( 0.0000000000000000000, 0.0000000000000000000, -1.000000000000000000 ) ) ;
#1454 = ORIENTED_EDGE ( 'NONE', *, *, #3468, .F. ) ;
#1455 = PLANE ( 'NONE',  #4513 ) ;
#1456 = EDGE_CURVE ( 'NONE', #100, #515, #3485, .T. ) ;
#1457 = DIRECTION ( 'NONE',  ( -0.0000000000000000000, -1.000000000000000000, -0.0000000000000000000 ) ) ;
#1458 = ADVANCED_FACE ( 'NONE', ( #4308 ), #3902, .F. ) ;
#1459 = CARTESIAN_POINT ( 'NONE',  ( -32.50000000000000000, -391.7070738953062800, 684.9999999999998900 ) ) ;
#1460 = VERTEX_POINT ( 'NONE', #4286 ) ;
#1461 = MECHANICAL_DESIGN_GEOMETRIC_PRESENTATION_REPRESENTATION (  '', ( #183 ), #97 ) ;
#1462 = EDGE_LOOP ( 'NONE', ( #986, #1555, #1418, #2104, #4280, #4225 ) ) ;
#1463 = VERTEX_POINT ( 'NONE', #117 ) ;
#1464 = DIRECTION ( 'NONE',  ( -0.7071067811865475700, -0.7071067811865475700, 0.0000000000000000000 ) ) ;
#1465 = UNCERTAINTY_MEASURE_WITH_UNIT (LENGTH_MEASURE( 1.000000000000000100E-005 ), #2658, 'distance_accuracy_value', 'NONE');
#1466 = CYLINDRICAL_SURFACE ( 'NONE', #327, 13.24999999999998400 ) ;
#1467 = DIRECTION ( 'NONE',  ( 1.000000000000000000, -0.0000000000000000000, -0.0000000000000000000 ) ) ;
#1468 = EDGE_LOOP ( 'NONE', ( #3260, #2448, #373, #3466 ) ) ;
#1469 = CARTESIAN_POINT ( 'NONE',  ( 56.49999999999995000, 322.9999999999999400, 700.0000000000000000 ) ) ;
#1470 = ORIENTED_EDGE ( 'NONE', *, *, #3793, .T. ) ;
#1471 = CARTESIAN_POINT ( 'NONE',  ( 37.50000000000014900, 22.99999999999999600, 700.0000000000000000 ) ) ;
#1472 = SURFACE_STYLE_USAGE ( .BOTH. , #4473 ) ;
#1473 = VERTEX_POINT ( 'NONE', #1280 ) ;
#1474 = LINE ( 'NONE', #4499, #475 ) ;
#1475 = DIRECTION ( 'NONE',  ( 4.628810314515845800E-016, 0.7071067811865474600, -0.7071067811865474600 ) ) ;
#1476 = DIRECTION ( 'NONE',  ( 0.0000000000000000000, 0.0000000000000000000, 1.000000000000000000 ) ) ;
#1477 = LINE ( 'NONE', #2495, #2134 ) ;
#1478 = ADVANCED_FACE ( 'NONE', ( #3822 ), #3887, .T. ) ;
#1479 = VECTOR ( 'NONE', #3909, 1000.000000000000000 ) ;
#1480 = SURFACE_SIDE_STYLE ('',( #3268 ) ) ;
#1481 = CARTESIAN_POINT ( 'NONE',  ( 87.50000000000005700, 284.5000000000000000, 700.0000000000000000 ) ) ;
#1482 = ORIENTED_EDGE ( 'NONE', *, *, #4145, .T. ) ;
#1483 = AXIS2_PLACEMENT_3D ( 'NONE', #2935, #3338, #4459 ) ;
#1484 = LINE ( 'NONE', #3857, #484 ) ;
#1485 = VECTOR ( 'NONE', #1223, 1000.000000000000000 ) ;
#1486 = DIRECTION ( 'NONE',  ( 4.625929269271481400E-015, -1.000000000000000000, -0.0000000000000000000 ) ) ;
#1487 = DIRECTION ( 'NONE',  ( 0.0000000000000000000, 0.0000000000000000000, -1.000000000000000000 ) ) ;
#1488 = VECTOR ( 'NONE', #3009, 1000.000000000000000 ) ;
#1489 = ORIENTED_EDGE ( 'NONE', *, *, #4373, .F. ) ;
#1490 = EDGE_CURVE ( 'NONE', #4045, #2519, #841, .T. ) ;
#1491 = CARTESIAN_POINT ( 'NONE',  ( 37.50000000000011400, 173.0000000000000000, -700.0000000000000000 ) ) ;
#1492 = AXIS2_PLACEMENT_3D ( 'NONE', #3095, #4600, #4157 ) ;
#1493 = CARTESIAN_POINT ( 'NONE',  ( 87.50000000000000000, -420.0000000000000600, -697.4999999999998900 ) ) ;
#1494 = EDGE_CURVE ( 'NONE', #4861, #1907, #1710, .T. ) ;
#1495 = CARTESIAN_POINT ( 'NONE',  ( -87.50000000000004300, 240.0000000000000000, -646.7500000000000000 ) ) ;
#1496 = VERTEX_POINT ( 'NONE', #3929 ) ;
#1497 = COLOUR_RGB ( '',0.6470588235294118000, 0.6196078431372549200, 0.5882352941176470800 ) ;
#1498 = DIRECTION ( 'NONE',  ( -1.000000000000000000, 0.0000000000000000000, 0.0000000000000000000 ) ) ;
#1499 = DIRECTION ( 'NONE',  ( 0.0000000000000000000, 1.000000000000000000, 0.0000000000000000000 ) ) ;
#1500 = PRODUCT_DEFINITION_FORMATION_WITH_SPECIFIED_SOURCE ( '任何', '', #598, .NOT_KNOWN. ) ;
#1501 = EDGE_CURVE ( 'NONE', #4096, #2555, #3197, .T. ) ;
#1502 = VERTEX_POINT ( 'NONE', #4339 ) ;
#1503 = CARTESIAN_POINT ( 'NONE',  ( 86.00000000000000000, -313.9999999999999400, -700.0000000000000000 ) ) ;
#1504 = DIRECTION ( 'NONE',  ( 0.7071067811865474600, 0.7071067811865474600, -0.0000000000000000000 ) ) ;
#1505 = ORIENTED_EDGE ( 'NONE', *, *, #2990, .F. ) ;
#1506 = ADVANCED_FACE ( 'NONE', ( #1407 ), #878, .F. ) ;
#1507 = EDGE_CURVE ( 'NONE', #1053, #892, #2959, .T. ) ;
#1508 = SURFACE_STYLE_USAGE ( .BOTH. , #3763 ) ;
#1509 = ORIENTED_EDGE ( 'NONE', *, *, #2264, .F. ) ;
#1510 = VECTOR ( 'NONE', #67, 1000.000000000000000 ) ;
#1511 = ORIENTED_EDGE ( 'NONE', *, *, #4082, .F. ) ;
#1512 = AXIS2_PLACEMENT_3D ( 'NONE', #801, #3839, #1938 ) ;
#1513 = CARTESIAN_POINT ( 'NONE',  ( 56.50000000000003600, -23.00000000000000700, 97.31906288081489700 ) ) ;
#1514 = VERTEX_POINT ( 'NONE', #1251 ) ;
#1515 = CARTESIAN_POINT ( 'NONE',  ( -87.50000000000004300, 240.0000000000000000, -660.0000000000000000 ) ) ;
#1516 = COLOUR_RGB ( '',0.6470588235294118000, 0.6196078431372549200, 0.5882352941176470800 ) ;
#1517 = LINE ( 'NONE', #232, #1648 ) ;
#1518 = PLANE ( 'NONE',  #2025 ) ;
#1519 = ORIENTED_EDGE ( 'NONE', *, *, #2407, .F. ) ;
#1520 = ORIENTED_EDGE ( 'NONE', *, *, #2808, .T. ) ;
#1521 = AXIS2_PLACEMENT_3D ( 'NONE', #3379, #408, #1541 ) ;
#1522 = ORIENTED_EDGE ( 'NONE', *, *, #2152, .T. ) ;
#1523 = LINE ( 'NONE', #3865, #1580 ) ;
#1524 = VECTOR ( 'NONE', #4639, 1000.000000000000000 ) ;
#1525 = DIRECTION ( 'NONE',  ( -4.625929269271481400E-015, 1.000000000000000000, 0.0000000000000000000 ) ) ;
#1526 = CARTESIAN_POINT ( 'NONE',  ( 86.00000000000031300, -13.99999999999999800, 99.52009847262044700 ) ) ;
#1527 = CIRCLE ( 'NONE', #3384, 3.399999999999958600 ) ;
#1528 = VERTEX_POINT ( 'NONE', #3147 ) ;
#1529 = ORIENTED_EDGE ( 'NONE', *, *, #1749, .T. ) ;
#1530 = ADVANCED_FACE ( 'NONE', ( #284 ), #971, .F. ) ;
#1531 = VECTOR ( 'NONE', #2667, 1000.000000000000000 ) ;
#1532 = CARTESIAN_POINT ( 'NONE',  ( -7.038596797884863100, 239.9999999999999700, -660.0000000000000000 ) ) ;
#1533 = COLOUR_RGB ( '',0.6470588235294118000, 0.6196078431372549200, 0.5882352941176470800 ) ;
#1534 = VERTEX_POINT ( 'NONE', #1267 ) ;
#1535 = FACE_OUTER_BOUND ( 'NONE', #4386, .T. ) ;
#1536 = LINE ( 'NONE', #3240, #1187 ) ;
#1537 = CARTESIAN_POINT ( 'NONE',  ( 56.50000000000025600, 23.00000000000000000, 700.0000000000000000 ) ) ;
#1538 = CARTESIAN_POINT ( 'NONE',  ( 57.50000000000006400, -322.0000000000000600, -700.0000000000000000 ) ) ;
#1539 = DIRECTION ( 'NONE',  ( -1.000000000000000000, -1.734723475976807800E-016, 0.0000000000000000000 ) ) ;
#1540 = AXIS2_PLACEMENT_3D ( 'NONE', #1347, #294, #3322 ) ;
#1541 = DIRECTION ( 'NONE',  ( 0.0000000000000000000, 0.0000000000000000000, -1.000000000000000000 ) ) ;
#1542 = FACE_BOUND ( 'NONE', #2393, .T. ) ;
#1543 = VECTOR ( 'NONE', #4263, 1000.000000000000000 ) ;
#1544 = PRODUCT_CONTEXT ( 'NONE', #1930, 'mechanical' ) ;
#1545 = CARTESIAN_POINT ( 'NONE',  ( -87.50000000000004300, 240.0000000000000000, 660.0000000000000000 ) ) ;
#1546 = PRESENTATION_STYLE_ASSIGNMENT (( #4196 ) ) ;
#1547 = EDGE_CURVE ( 'NONE', #4444, #2781, #669, .T. ) ;
#1548 = SURFACE_STYLE_FILL_AREA ( #2940 ) ;
#1549 = EDGE_LOOP ( 'NONE', ( #1112, #3472, #3074, #3279 ) ) ;
#1550 = EDGE_CURVE ( 'NONE', #1822, #2179, #2847, .T. ) ;
#1551 = DIRECTION ( 'NONE',  ( 1.000000000000000000, -4.625929269271483700E-015, 0.0000000000000000000 ) ) ;
#1552 = CARTESIAN_POINT ( 'NONE',  ( 37.50000000000014900, -9.586629735661305400E-015, 0.0000000000000000000 ) ) ;
#1553 = CARTESIAN_POINT ( 'NONE',  ( 39.50000000000015600, 23.00000000000000700, 97.31906288081488300 ) ) ;
#1554 = ADVANCED_FACE ( 'NONE', ( #1144 ), #662, .F. ) ;
#1555 = ORIENTED_EDGE ( 'NONE', *, *, #3226, .T. ) ;
#1556 = UNCERTAINTY_MEASURE_WITH_UNIT (LENGTH_MEASURE( 1.000000000000000100E-005 ), #3805, 'distance_accuracy_value', 'NONE');
#1557 = FACE_BOUND ( 'NONE', #4630, .T. ) ;
#1558 = ORIENTED_EDGE ( 'NONE', *, *, #3291, .T. ) ;
#1559 = AXIS2_PLACEMENT_3D ( 'NONE', #3397, #2635, #1525 ) ;
#1560 = VECTOR ( 'NONE', #4850, 1000.000000000000000 ) ;
#1561 = DIRECTION ( 'NONE',  ( -0.7071067811865474600, 0.7071067811865474600, -0.0000000000000000000 ) ) ;
#1562 = LINE ( 'NONE', #4508, #77 ) ;
#1563 = PLANE ( 'NONE',  #1242 ) ;
#1564 = DIRECTION ( 'NONE',  ( 0.0000000000000000000, -0.0000000000000000000, -1.000000000000000000 ) ) ;
#1565 = DIRECTION ( 'NONE',  ( 0.0000000000000000000, 0.0000000000000000000, -1.000000000000000000 ) ) ;
#1566 = VECTOR ( 'NONE', #4448, 1000.000000000000000 ) ;
#1567 = EDGE_LOOP ( 'NONE', ( #3116, #3140, #34, #2472 ) ) ;
#1568 = CARTESIAN_POINT ( 'NONE',  ( -62.49999999999999300, -420.0000000000000000, -595.0000000000000000 ) ) ;
#1569 = CARTESIAN_POINT ( 'NONE',  ( 57.50000000000014900, 22.00000000000011000, 700.0000000000000000 ) ) ;
#1570 = DIRECTION ( 'NONE',  ( -4.625929269271481400E-015, -1.000000000000000000, 0.0000000000000000000 ) ) ;
#1571 = ORIENTED_EDGE ( 'NONE', *, *, #4597, .F. ) ;
#1572 = ORIENTED_EDGE ( 'NONE', *, *, #3124, .F. ) ;
#1573 = DIRECTION ( 'NONE',  ( -0.0000000000000000000, -0.0000000000000000000, -1.000000000000000000 ) ) ;
#1574 = CARTESIAN_POINT ( 'NONE',  ( -32.49999999999998600, -420.0000000000000000, -598.3999999999999800 ) ) ;
#1575 = CARTESIAN_POINT ( 'NONE',  ( 57.50000000000014900, -136.0000000000000000, 700.0000000000000000 ) ) ;
#1576 = ORIENTED_EDGE ( 'NONE', *, *, #1325, .F. ) ;
#1577 = ADVANCED_FACE ( 'NONE', ( #958 ), #560, .F. ) ;
#1578 = ORIENTED_EDGE ( 'NONE', *, *, #911, .F. ) ;
#1579 = DIRECTION ( 'NONE',  ( 0.7071067811865474600, -0.7071067811865474600, -0.0000000000000000000 ) ) ;
#1580 = VECTOR ( 'NONE', #2943, 1000.000000000000000 ) ;
#1581 = VECTOR ( 'NONE', #2203, 1000.000000000000000 ) ;
#1582 = DIRECTION ( 'NONE',  ( -3.412570772413391000E-016, 1.000000000000000000, -0.0000000000000000000 ) ) ;
#1583 = LINE ( 'NONE', #3098, #4429 ) ;
#1584 = CARTESIAN_POINT ( 'NONE',  ( 85.99999999999982900, 163.9999999999999700, -700.0000000000000000 ) ) ;
#1585 = EDGE_CURVE ( 'NONE', #91, #1330, #529, .T. ) ;
#1586 = PLANE ( 'NONE',  #141 ) ;
#1587 = CARTESIAN_POINT ( 'NONE',  ( 37.50000000000008500, 279.0000000000000000, 700.0000000000000000 ) ) ;
#1588 = STYLED_ITEM ( 'NONE', ( #3413 ), #2866 ) ;
#1589 = ORIENTED_EDGE ( 'NONE', *, *, #1646, .F. ) ;
#1590 = FACE_OUTER_BOUND ( 'NONE', #3303, .T. ) ;
#1591 = PLANE ( 'NONE',  #1915 ) ;
#1592 = CIRCLE ( 'NONE', #1676, 13.24999999999998400 ) ;
#1593 = EDGE_CURVE ( 'NONE', #1859, #3876, #2449, .T. ) ;
#1594 = EDGE_CURVE ( 'NONE', #3102, #2950, #3545, .T. ) ;
#1595 = CIRCLE ( 'NONE', #1188, 100.0000000000000000 ) ;
#1596 = DIRECTION ( 'NONE',  ( -1.000000000000000000, 0.0000000000000000000, -0.0000000000000000000 ) ) ;
#1597 = ORIENTED_EDGE ( 'NONE', *, *, #2967, .T. ) ;
#1598 = VECTOR ( 'NONE', #2194, 1000.000000000000000 ) ;
#1599 = CARTESIAN_POINT ( 'NONE',  ( 87.50000000000009900, 134.4999999999999400, 700.0000000000000000 ) ) ;
#1600 = CARTESIAN_POINT ( 'NONE',  ( 87.50000000000014200, -15.49999999999983300, 700.0000000000000000 ) ) ;
#1601 = LINE ( 'NONE', #3674, #2255 ) ;
#1602 = CARTESIAN_POINT ( 'NONE',  ( -32.49999999999998600, -420.0000000000000000, 598.3999999999999800 ) ) ;
#1603 =( GEOMETRIC_REPRESENTATION_CONTEXT ( 3 ) GLOBAL_UNCERTAINTY_ASSIGNED_CONTEXT ( ( #4900 ) ) GLOBAL_UNIT_ASSIGNED_CONTEXT ( ( #3957, #2079, #576 ) ) REPRESENTATION_CONTEXT ( 'NONE', 'WORKASPACE' ) );
#1604 = DIRECTION ( 'NONE',  ( 4.625929269271481400E-015, -1.000000000000000000, -0.0000000000000000000 ) ) ;
#1605 = ORIENTED_EDGE ( 'NONE', *, *, #2056, .F. ) ;
#1606 = EDGE_CURVE ( 'NONE', #1650, #407, #1019, .T. ) ;
#1607 = CARTESIAN_POINT ( 'NONE',  ( -32.49999999999999300, -420.0000000000000000, -681.6000000000000200 ) ) ;
#1608 = EDGE_CURVE ( 'NONE', #3419, #1850, #4635, .T. ) ;
#1609 = FACE_BOUND ( 'NONE', #494, .T. ) ;
#1610 = DIRECTION ( 'NONE',  ( -0.0000000000000000000, -1.000000000000000000, -0.0000000000000000000 ) ) ;
#1611 = LINE ( 'NONE', #1149, #171 ) ;
#1612 = VERTEX_POINT ( 'NONE', #1735 ) ;
#1613 = CARTESIAN_POINT ( 'NONE',  ( 87.50000000000009900, -136.0000000000000000, 700.0000000000000000 ) ) ;
#1614 = ADVANCED_FACE ( 'NONE', ( #3446 ), #621, .T. ) ;
#1615 = VERTEX_POINT ( 'NONE', #587 ) ;
#1616 = DIRECTION ( 'NONE',  ( 0.7071067811865474600, 0.7071067811865474600, -0.0000000000000000000 ) ) ;
#1617 = LINE ( 'NONE', #1390, #3040 ) ;
#1618 = EDGE_CURVE ( 'NONE', #1615, #4067, #4888, .T. ) ;
#1619 = VERTEX_POINT ( 'NONE', #4368 ) ;
#1620 = VECTOR ( 'NONE', #2594, 1000.000000000000000 ) ;
#1621 = DIRECTION ( 'NONE',  ( 0.7071067811865474600, -0.7071067811865474600, -0.0000000000000000000 ) ) ;
#1622 = DIRECTION ( 'NONE',  ( -5.782411586589363600E-017, -1.000000000000000000, 0.0000000000000000000 ) ) ;
#1623 = LINE ( 'NONE', #4056, #1096 ) ;
#1624 = AXIS2_PLACEMENT_3D ( 'NONE', #4941, #3042, #3444 ) ;
#1625 = DIRECTION ( 'NONE',  ( -0.7071067811865474600, 0.7071067811865474600, -0.0000000000000000000 ) ) ;
#1626 = VERTEX_POINT ( 'NONE', #1394 ) ;
#1627 =( BOUNDED_CURVE ( )  B_SPLINE_CURVE ( 3, ( #290, #3651, #2930, #664 ),
 .UNSPECIFIED., .F., .T. ) 
 B_SPLINE_CURVE_WITH_KNOTS ( ( 4, 4 ),
 ( 4.480311297521976300, 4.500814020626593900 ),
 .UNSPECIFIED. ) 
 CURVE ( )  GEOMETRIC_REPRESENTATION_ITEM ( )  RATIONAL_B_SPLINE_CURVE ( ( 1.000000000000000000, 0.9999649701688844200, 0.9999649701688844200, 1.000000000000000000 ) ) 
 REPRESENTATION_ITEM ( '' )  );
#1628 = LINE ( 'NONE', #721, #3560 ) ;
#1629 = ORIENTED_EDGE ( 'NONE', *, *, #3249, .T. ) ;
#1630 = FACE_OUTER_BOUND ( 'NONE', #2350, .T. ) ;
#1631 = VERTEX_POINT ( 'NONE', #4351 ) ;
#1632 = ORIENTED_EDGE ( 'NONE', *, *, #4231, .F. ) ;
#1633 = ORIENTED_EDGE ( 'NONE', *, *, #242, .F. ) ;
#1634 = ADVANCED_FACE ( 'NONE', ( #423 ), #4566, .F. ) ;
#1635 = EDGE_CURVE ( 'NONE', #410, #2530, #2384, .T. ) ;
#1636 = DIRECTION ( 'NONE',  ( 0.0000000000000000000, 0.0000000000000000000, -1.000000000000000000 ) ) ;
#1637 = LINE ( 'NONE', #4779, #2235 ) ;
#1638 = LINE ( 'NONE', #1495, #687 ) ;
#1639 = DIRECTION ( 'NONE',  ( 0.7071067811865464600, -0.7071067811865486800, 0.0000000000000000000 ) ) ;
#1640 = DIRECTION ( 'NONE',  ( -1.360567432138668900E-016, 1.000000000000000000, 0.0000000000000000000 ) ) ;
#1641 = DIRECTION ( 'NONE',  ( -1.734723475976807800E-016, -1.000000000000000000, 0.0000000000000000000 ) ) ;
#1642 = ORIENTED_EDGE ( 'NONE', *, *, #2421, .T. ) ;
#1643 = CARTESIAN_POINT ( 'NONE',  ( -15.00000000000004100, 240.0000000000000000, 660.0000000000000000 ) ) ;
#1644 = VERTEX_POINT ( 'NONE', #1721 ) ;
#1645 = CARTESIAN_POINT ( 'NONE',  ( 56.49999999999995000, -322.9999999999999400, 700.0000000000000000 ) ) ;
#1646 = EDGE_CURVE ( 'NONE', #2767, #444, #1185, .T. ) ;
#1647 = ORIENTED_EDGE ( 'NONE', *, *, #3798, .T. ) ;
#1648 = VECTOR ( 'NONE', #2090, 1000.000000000000000 ) ;
#1649 = CARTESIAN_POINT ( 'NONE',  ( -7.499999999999992900, 417.5000000000000600, 700.0000000000000000 ) ) ;
#1650 = VERTEX_POINT ( 'NONE', #1459 ) ;
#1651 = ORIENTED_EDGE ( 'NONE', *, *, #570, .F. ) ;
#1652 = MECHANICAL_DESIGN_GEOMETRIC_PRESENTATION_REPRESENTATION (  '', ( #1719 ), #4013 ) ;
#1653 = DIRECTION ( 'NONE',  ( -0.0000000000000000000, 1.000000000000000000, -0.0000000000000000000 ) ) ;
#1654 = ORIENTED_EDGE ( 'NONE', *, *, #316, .F. ) ;
#1655 = CARTESIAN_POINT ( 'NONE',  ( -141.7499999999999400, -141.7499999999999400, -700.0000000000000000 ) ) ;
#1656 = DIRECTION ( 'NONE',  ( 0.0000000000000000000, 0.0000000000000000000, 1.000000000000000000 ) ) ;
#1657 = ORIENTED_EDGE ( 'NONE', *, *, #401, .T. ) ;
#1658 = CONICAL_SURFACE ( 'NONE', #3113, 13.24999999999998400, 1.029744258676653000 ) ;
#1659 = ORIENTED_EDGE ( 'NONE', *, *, #941, .T. ) ;
#1660 = DIRECTION ( 'NONE',  ( 1.049727191138618400E-016, -0.5150380749100544900, 0.8571673007021121100 ) ) ;
#1661 = AXIS2_PLACEMENT_3D ( 'NONE', #22, #4154, #2252 ) ;
#1662 = ADVANCED_FACE ( 'NONE', ( #1782 ), #2132, .F. ) ;
#1663 = ORIENTED_EDGE ( 'NONE', *, *, #736, .F. ) ;
#1664 = VECTOR ( 'NONE', #2475, 1000.000000000000000 ) ;
#1665 = ORIENTED_EDGE ( 'NONE', *, *, #1766, .F. ) ;
#1666 = DIRECTION ( 'NONE',  ( -0.0000000000000000000, -1.000000000000000000, -0.0000000000000000000 ) ) ;
#1667 = VERTEX_POINT ( 'NONE', #1108 ) ;
#1668 = LINE ( 'NONE', #332, #487 ) ;
#1669 = EDGE_CURVE ( 'NONE', #4178, #508, #966, .T. ) ;
#1670 = VERTEX_POINT ( 'NONE', #1057 ) ;
#1671 = ORIENTED_EDGE ( 'NONE', *, *, #994, .F. ) ;
#1672 = EDGE_LOOP ( 'NONE', ( #2389, #681, #4899, #3505 ) ) ;
#1673 = CARTESIAN_POINT ( 'NONE',  ( 87.50000000000014200, -15.49999999999983300, -100.8154254070282600 ) ) ;
#1674 = FACE_OUTER_BOUND ( 'NONE', #3208, .T. ) ;
#1675 = EDGE_LOOP ( 'NONE', ( #2049, #2184, #3215, #4776, #975 ) ) ;
#1676 = AXIS2_PLACEMENT_3D ( 'NONE', #2655, #4908, #3753 ) ;
#1677 = DIRECTION ( 'NONE',  ( 0.7071067811865474600, -0.7071067811865474600, -0.0000000000000000000 ) ) ;
#1678 = FACE_OUTER_BOUND ( 'NONE', #1007, .T. ) ;
#1679 = ADVANCED_FACE ( 'NONE', ( #2321 ), #2438, .F. ) ;
#1680 = VECTOR ( 'NONE', #1294, 1000.000000000000000 ) ;
#1681 =( NAMED_UNIT ( * ) SI_UNIT ( $, .STERADIAN. ) SOLID_ANGLE_UNIT ( ) );
#1682 = ORIENTED_EDGE ( 'NONE', *, *, #3872, .F. ) ;
#1683 = EDGE_CURVE ( 'NONE', #4096, #4108, #1474, .T. ) ;
#1684 = DIRECTION ( 'NONE',  ( -1.000000000000000000, 0.0000000000000000000, 0.0000000000000000000 ) ) ;
#1685 = EDGE_LOOP ( 'NONE', ( #2429, #1340 ) ) ;
#1686 = AXIS2_PLACEMENT_3D ( 'NONE', #2062, #2043, #4676 ) ;
#1687 = EDGE_CURVE ( 'NONE', #512, #3519, #4434, .T. ) ;
#1688 = FACE_OUTER_BOUND ( 'NONE', #1378, .T. ) ;
#1689 = CARTESIAN_POINT ( 'NONE',  ( -62.49999999999999300, -393.7500000000000000, -595.0000000000000000 ) ) ;
#1690 = ORIENTED_EDGE ( 'NONE', *, *, #1906, .F. ) ;
#1691 = CARTESIAN_POINT ( 'NONE',  ( -15.00000000000004100, -240.0000000000000000, -660.0000000000000000 ) ) ;
#1692 = COLOUR_RGB ( '',0.6470588235294118000, 0.6196078431372549200, 0.5882352941176470800 ) ;
#1693 = VERTEX_POINT ( 'NONE', #2232 ) ;
#1694 = DIRECTION ( 'NONE',  ( -0.0000000000000000000, -1.000000000000000000, -0.0000000000000000000 ) ) ;
#1695 = PRODUCT_DEFINITION_CONTEXT ( 'detailed design', #2700, 'design' ) ;
#1696 = ORIENTED_EDGE ( 'NONE', *, *, #1547, .T. ) ;
#1697 = CARTESIAN_POINT ( 'NONE',  ( 86.00000000000031300, -13.99999999999999800, -99.52009847262044700 ) ) ;
#1698 = DIRECTION ( 'NONE',  ( 1.000000000000000000, 1.095614826932720100E-016, -0.0000000000000000000 ) ) ;
#1699 = CARTESIAN_POINT ( 'NONE',  ( 87.50000000000005700, -315.5000000000000000, 700.0000000000000000 ) ) ;
#1700 = CARTESIAN_POINT ( 'NONE',  ( 87.50000000000000000, 420.0000000000000000, -700.0000000000000000 ) ) ;
#1701 = CARTESIAN_POINT ( 'NONE',  ( 87.50000000000005700, -313.9999999999999400, -700.0000000000000000 ) ) ;
#1702 = EDGE_LOOP ( 'NONE', ( #3182, #4362, #2422, #1728 ) ) ;
#1703 = VERTEX_POINT ( 'NONE', #4887 ) ;
#1704 = DIRECTION ( 'NONE',  ( -0.7071067811865475700, 0.7071067811865475700, 0.0000000000000000000 ) ) ;
#1705 = CARTESIAN_POINT ( 'NONE',  ( 39.50000000000012100, -127.0000000000000000, 700.0000000000000000 ) ) ;
#1706 = ADVANCED_FACE ( 'NONE', ( #4131 ), #2977, .F. ) ;
#1707 = VECTOR ( 'NONE', #3148, 1000.000000000000000 ) ;
#1708 = ORIENTED_EDGE ( 'NONE', *, *, #1113, .F. ) ;
#1709 = CARTESIAN_POINT ( 'NONE',  ( 57.50000000000014200, 23.00000000000000000, 700.0000000000000000 ) ) ;
#1710 = LINE ( 'NONE', #908, #2487 ) ;
#1711 = EDGE_LOOP ( 'NONE', ( #3432, #3523, #934, #2423, #2051 ) ) ;
#1712 = AXIS2_PLACEMENT_3D ( 'NONE', #306, #2971, #695 ) ;
#1713 = CIRCLE ( 'NONE', #4654, 100.0000000000000000 ) ;
#1714 = EDGE_CURVE ( 'NONE', #2754, #302, #3711, .T. ) ;
#1715 = VECTOR ( 'NONE', #1498, 1000.000000000000000 ) ;
#1716 = CARTESIAN_POINT ( 'NONE',  ( 57.50000000000014900, -22.00000000000011400, 700.0000000000000000 ) ) ;
#1717 = UNCERTAINTY_MEASURE_WITH_UNIT (LENGTH_MEASURE( 1.000000000000000100E-005 ), #2468, 'distance_accuracy_value', 'NONE');
#1718 = EDGE_CURVE ( 'NONE', #2837, #100, #469, .T. ) ;
#1719 = STYLED_ITEM ( 'NONE', ( #4354 ), #1530 ) ;
#1720 = VECTOR ( 'NONE', #3414, 1000.000000000000000 ) ;
#1721 = CARTESIAN_POINT ( 'NONE',  ( 57.50000000000011400, 172.0000000000000900, -700.0000000000000000 ) ) ;
#1722 = DIRECTION ( 'NONE',  ( 0.7071067811865082700, -0.7071067811865868700, 0.0000000000000000000 ) ) ;
#1723 = CIRCLE ( 'NONE', #4209, 3.399999999999958600 ) ;
#1724 = FILL_AREA_STYLE ('',( #1297 ) ) ;
#1725 = ADVANCED_FACE ( 'NONE', ( #4691 ), #765, .F. ) ;
#1726 = EDGE_LOOP ( 'NONE', ( #968, #4407, #363, #1318 ) ) ;
#1727 =( NAMED_UNIT ( * ) PLANE_ANGLE_UNIT ( ) SI_UNIT ( $, .RADIAN. ) );
#1728 = ORIENTED_EDGE ( 'NONE', *, *, #2632, .T. ) ;
#1729 = AXIS2_PLACEMENT_3D ( 'NONE', #1545, #921, #2345 ) ;
#1730 = ORIENTED_EDGE ( 'NONE', *, *, #2869, .T. ) ;
#1731 = PLANE ( 'NONE',  #2120 ) ;
#1732 = VECTOR ( 'NONE', #95, 1000.000000000000000 ) ;
#1733 = VECTOR ( 'NONE', #2671, 1000.000000000000000 ) ;
#1734 = ADVANCED_FACE ( 'NONE', ( #655 ), #2180, .F. ) ;
#1735 = CARTESIAN_POINT ( 'NONE',  ( -15.00000000000004100, -240.0000000000000000, 673.2500000000000000 ) ) ;
#1736 = CARTESIAN_POINT ( 'NONE',  ( -110.2500000000000400, -110.2500000000000400, -700.0000000000000000 ) ) ;
#1737 = LINE ( 'NONE', #2168, #4331 ) ;
#1738 = CARTESIAN_POINT ( 'NONE',  ( -32.49999999999998600, -393.7500000000000000, 595.0000000000000000 ) ) ;
#1739 = CIRCLE ( 'NONE', #1290, 102.0000000000002600 ) ;
#1740 = ORIENTED_EDGE ( 'NONE', *, *, #3319, .F. ) ;
#1741 = DIRECTION ( 'NONE',  ( -1.000000000000000000, -0.0000000000000000000, -0.0000000000000000000 ) ) ;
#1742 = DIRECTION ( 'NONE',  ( 0.0000000000000000000, 1.000000000000000000, -0.0000000000000000000 ) ) ;
#1743 = FILL_AREA_STYLE_COLOUR ( '', #2206 ) ;
#1744 = VECTOR ( 'NONE', #4303, 1000.000000000000000 ) ;
#1745 = DIRECTION ( 'NONE',  ( 0.7071067811865474600, -0.7071067811865474600, 0.0000000000000000000 ) ) ;
#1746 = DIRECTION ( 'NONE',  ( -0.7071067811865474600, -0.7071067811865474600, -0.0000000000000000000 ) ) ;
#1747 = AXIS2_PLACEMENT_3D ( 'NONE', #2712, #2681, #436 ) ;
#1748 = ORIENTED_EDGE ( 'NONE', *, *, #2990, .T. ) ;
#1749 = EDGE_CURVE ( 'NONE', #1667, #1859, #2620, .T. ) ;
#1750 = AXIS2_PLACEMENT_3D ( 'NONE', #4693, #457, #3502 ) ;
#1751 = EDGE_CURVE ( 'NONE', #2280, #490, #2566, .T. ) ;
#1752 = CARTESIAN_POINT ( 'NONE',  ( 57.50000000000014900, -163.9999999999999700, 700.0000000000000000 ) ) ;
#1753 = FILL_AREA_STYLE ('',( #1420 ) ) ;
#1754 = CARTESIAN_POINT ( 'NONE',  ( 56.50000000000025600, 23.00000000000000000, 97.31906288081492600 ) ) ;
#1755 = FILL_AREA_STYLE_COLOUR ( '', #1516 ) ;
#1756 = AXIS2_PLACEMENT_3D ( 'NONE', #697, #2613, #2986 ) ;
#1757 = PLANE ( 'NONE',  #1808 ) ;
#1758 = DIRECTION ( 'NONE',  ( 0.7071067811865475700, 0.7071067811865475700, -0.0000000000000000000 ) ) ;
#1759 = CARTESIAN_POINT ( 'NONE',  ( 39.50000000000012100, -173.0000000000000000, -700.0000000000000000 ) ) ;
#1760 = CYLINDRICAL_SURFACE ( 'NONE', #1269, 13.24999999999998400 ) ;
#1761 = ORIENTED_EDGE ( 'NONE', *, *, #3291, .F. ) ;
#1762 = CIRCLE ( 'NONE', #838, 3.399999999999958600 ) ;
#1763 = DIRECTION ( 'NONE',  ( -1.000000000000000000, -0.0000000000000000000, -0.0000000000000000000 ) ) ;
#1764 = ORIENTED_EDGE ( 'NONE', *, *, #3038, .F. ) ;
#1765 = DIRECTION ( 'NONE',  ( -0.7071067811865474600, 0.7071067811865474600, -0.0000000000000000000 ) ) ;
#1766 = EDGE_CURVE ( 'NONE', #1693, #3310, #1894, .T. ) ;
#1767 = VERTEX_POINT ( 'NONE', #404 ) ;
#1768 = CARTESIAN_POINT ( 'NONE',  ( 87.50000000000005700, -313.9999999999999400, 700.0000000000000000 ) ) ;
#1769 = LINE ( 'NONE', #4586, #4356 ) ;
#1770 = ORIENTED_EDGE ( 'NONE', *, *, #998, .F. ) ;
#1771 = DIRECTION ( 'NONE',  ( 0.0000000000000000000, 0.0000000000000000000, -1.000000000000000000 ) ) ;
#1772 = LINE ( 'NONE', #4062, #2564 ) ;
#1773 = CARTESIAN_POINT ( 'NONE',  ( -32.49999999999998600, -393.7500000000000000, -595.0000000000000000 ) ) ;
#1774 =( LENGTH_UNIT ( ) NAMED_UNIT ( * ) SI_UNIT ( .MILLI., .METRE. ) );
#1775 = AXIS2_PLACEMENT_3D ( 'NONE', #2542, #636, #4858 ) ;
#1776 = PRESENTATION_STYLE_ASSIGNMENT (( #3716 ) ) ;
#1777 = EDGE_LOOP ( 'NONE', ( #3912, #2908, #3276, #4644 ) ) ;
#1778 = CARTESIAN_POINT ( 'NONE',  ( 85.49999999999998600, -9.586629735661305400E-015, 0.0000000000000000000 ) ) ;
#1779 = UNCERTAINTY_MEASURE_WITH_UNIT (LENGTH_MEASURE( 1.000000000000000100E-005 ), #4880, 'distance_accuracy_value', 'NONE');
#1780 = DIRECTION ( 'NONE',  ( 0.0000000000000000000, 0.0000000000000000000, 1.000000000000000000 ) ) ;
#1781 = CARTESIAN_POINT ( 'NONE',  ( 86.00000000000027000, -163.9999999999999700, 700.0000000000000000 ) ) ;
#1782 = FACE_OUTER_BOUND ( 'NONE', #3190, .T. ) ;
#1783 = CARTESIAN_POINT ( 'NONE',  ( 57.50000000000024900, -9.586629735661305400E-015, 0.0000000000000000000 ) ) ;
#1784 = CARTESIAN_POINT ( 'NONE',  ( 57.50000000000005700, 277.0000000000000000, -700.0000000000000000 ) ) ;
#1785 = LINE ( 'NONE', #4226, #1138 ) ;
#1786 = CARTESIAN_POINT ( 'NONE',  ( 87.50000000000005700, -284.5000000000000000, 700.0000000000000000 ) ) ;
#1787 = AXIS2_PLACEMENT_3D ( 'NONE', #2106, #1722, #4777 ) ;
#1788 = VECTOR ( 'NONE', #2857, 1000.000000000000000 ) ;
#1789 = CARTESIAN_POINT ( 'NONE',  ( 57.50000000000006400, -278.0000000000001100, 700.0000000000000000 ) ) ;
#1790 = CIRCLE ( 'NONE', #2584, 3.399999999999958600 ) ;
#1791 = VECTOR ( 'NONE', #4207, 1000.000000000000100 ) ;
#1792 = LINE ( 'NONE', #3963, #2156 ) ;
#1793 = VECTOR ( 'NONE', #3595, 1000.000000000000000 ) ;
#1794 = CARTESIAN_POINT ( 'NONE',  ( 87.50000000000005700, 286.0000000000000600, 700.0000000000000000 ) ) ;
#1795 = CARTESIAN_POINT ( 'NONE',  ( -113.9999999999999600, 113.9999999999999600, 700.0000000000000000 ) ) ;
#1796 = CARTESIAN_POINT ( 'NONE',  ( -15.00000000000004100, 240.0000000000000000, -660.0000000000000000 ) ) ;
#1797 = LINE ( 'NONE', #3383, #4907 ) ;
#1798 = EDGE_LOOP ( 'NONE', ( #4065, #701, #1522, #3463 ) ) ;
#1799 = AXIS2_PLACEMENT_3D ( 'NONE', #751, #1972, #2745 ) ;
#1800 = DIRECTION ( 'NONE',  ( 0.0000000000000000000, -0.0000000000000000000, -1.000000000000000000 ) ) ;
#1801 = CARTESIAN_POINT ( 'NONE',  ( -62.49999999999999300, -420.0000000000000000, -684.9999999999998900 ) ) ;
#1802 = ORIENTED_EDGE ( 'NONE', *, *, #3224, .T. ) ;
#1803 = COLOUR_RGB ( '',0.6470588235294118000, 0.6196078431372549200, 0.5882352941176470800 ) ;
#1804 = FACE_OUTER_BOUND ( 'NONE', #1423, .T. ) ;
#1805 = DIRECTION ( 'NONE',  ( 0.0000000000000000000, -0.0000000000000000000, -1.000000000000000000 ) ) ;
#1806 = DIRECTION ( 'NONE',  ( 0.7071067811866260700, 0.7071067811864690800, -0.0000000000000000000 ) ) ;
#1807 = DIRECTION ( 'NONE',  ( -0.7071067811865474600, -0.7071067811865474600, -0.0000000000000000000 ) ) ;
#1808 = AXIS2_PLACEMENT_3D ( 'NONE', #1150, #1072, #4081 ) ;
#1809 = EDGE_CURVE ( 'NONE', #1817, #302, #586, .T. ) ;
#1810 = ORIENTED_EDGE ( 'NONE', *, *, #3859, .T. ) ;
#1811 = AXIS2_PLACEMENT_3D ( 'NONE', #813, #2348, #2698 ) ;
#1812 = EDGE_LOOP ( 'NONE', ( #906, #2030, #1883, #2324 ) ) ;
#1813 = PLANE ( 'NONE',  #1483 ) ;
#1814 = CARTESIAN_POINT ( 'NONE',  ( -87.50000000000004300, 240.0000000000000000, 646.7500000000000000 ) ) ;
#1815 = SURFACE_STYLE_FILL_AREA ( #2223 ) ;
#1816 = DIRECTION ( 'NONE',  ( 0.0000000000000000000, 0.0000000000000000000, -1.000000000000000000 ) ) ;
#1817 = VERTEX_POINT ( 'NONE', #1134 ) ;
#1818 = SURFACE_STYLE_USAGE ( .BOTH. , #4143 ) ;
#1819 = CONICAL_SURFACE ( 'NONE', #449, 3.399999999999958600, 1.029744258676654100 ) ;
#1820 = CARTESIAN_POINT ( 'NONE',  ( 87.50000000000005700, 286.0000000000000600, -700.0000000000000000 ) ) ;
#1821 = ORIENTED_EDGE ( 'NONE', *, *, #756, .F. ) ;
#1822 = VERTEX_POINT ( 'NONE', #4924 ) ;
#1823 = CARTESIAN_POINT ( 'NONE',  ( 39.50000000000012100, -173.0000000000000000, 700.0000000000000000 ) ) ;
#1824 = DIRECTION ( 'NONE',  ( -0.7071067811865474600, 0.7071067811865474600, -0.0000000000000000000 ) ) ;
#1825 = SURFACE_SIDE_STYLE ('',( #2957 ) ) ;
#1826 = DIRECTION ( 'NONE',  ( 0.0000000000000000000, -1.000000000000000000, 0.0000000000000000000 ) ) ;
#1827 = VECTOR ( 'NONE', #3456, 1000.000000000000000 ) ;
#1828 = ORIENTED_EDGE ( 'NONE', *, *, #854, .T. ) ;
#1829 = DIRECTION ( 'NONE',  ( -1.000000000000000000, -0.0000000000000000000, -0.0000000000000000000 ) ) ;
#1830 = CARTESIAN_POINT ( 'NONE',  ( -62.49999999999999300, -420.0000000000000000, -684.9999999999998900 ) ) ;
#1831 = UNCERTAINTY_MEASURE_WITH_UNIT (LENGTH_MEASURE( 1.000000000000000100E-005 ), #1360, 'distance_accuracy_value', 'NONE');
#1832 = DIRECTION ( 'NONE',  ( -1.000000000000000000, -0.0000000000000000000, -0.0000000000000000000 ) ) ;
#1833 = AXIS2_PLACEMENT_3D ( 'NONE', #2618, #1892, #1487 ) ;
#1834 =( NAMED_UNIT ( * ) PLANE_ANGLE_UNIT ( ) SI_UNIT ( $, .RADIAN. ) );
#1835 = EDGE_LOOP ( 'NONE', ( #28, #358 ) ) ;
#1836 = CIRCLE ( 'NONE', #3635, 13.24999999999998400 ) ;
#1837 = ORIENTED_EDGE ( 'NONE', *, *, #63, .F. ) ;
#1838 = CIRCLE ( 'NONE', #2432, 3.399999999999958600 ) ;
#1839 = EDGE_CURVE ( 'NONE', #1644, #3755, #2498, .T. ) ;
#1840 = VECTOR ( 'NONE', #2244, 1000.000000000000000 ) ;
#1841 = ORIENTED_EDGE ( 'NONE', *, *, #276, .F. ) ;
#1842 = AXIS2_PLACEMENT_3D ( 'NONE', #2441, #4348, #3193 ) ;
#1843 = DIRECTION ( 'NONE',  ( -1.000000000000000000, -0.0000000000000000000, -0.0000000000000000000 ) ) ;
#1844 = EDGE_CURVE ( 'NONE', #1221, #1463, #1412, .T. ) ;
#1845 = EDGE_LOOP ( 'NONE', ( #3012, #1924, #1003, #578 ) ) ;
#1846 = DIRECTION ( 'NONE',  ( 0.0000000000000000000, 0.0000000000000000000, 1.000000000000000000 ) ) ;
#1847 = EDGE_CURVE ( 'NONE', #3494, #1065, #472, .T. ) ;
#1848 = EDGE_CURVE ( 'NONE', #4173, #4663, #2903, .T. ) ;
#1849 = ORIENTED_EDGE ( 'NONE', *, *, #1352, .F. ) ;
#1850 = VERTEX_POINT ( 'NONE', #4516 ) ;
#1851 = DIRECTION ( 'NONE',  ( 0.0000000000000000000, 0.0000000000000000000, -1.000000000000000000 ) ) ;
#1852 = DIRECTION ( 'NONE',  ( 0.0000000000000000000, 0.0000000000000000000, 1.000000000000000000 ) ) ;
#1853 = EDGE_CURVE ( 'NONE', #2555, #2530, #4006, .T. ) ;
#1854 = DIRECTION ( 'NONE',  ( 0.0000000000000000000, 0.0000000000000000000, -1.000000000000000000 ) ) ;
#1855 = PLANE ( 'NONE',  #2616 ) ;
#1856 = VERTEX_POINT ( 'NONE', #1538 ) ;
#1857 = EDGE_CURVE ( 'NONE', #2536, #1817, #4255, .T. ) ;
#1858 = DIRECTION ( 'NONE',  ( -1.000000000000000000, -0.0000000000000000000, -0.0000000000000000000 ) ) ;
#1859 = VERTEX_POINT ( 'NONE', #2251 ) ;
#1860 = DIRECTION ( 'NONE',  ( -0.0000000000000000000, -1.000000000000000000, -0.0000000000000000000 ) ) ;
#1861 = CARTESIAN_POINT ( 'NONE',  ( 87.50000000000014200, 13.99999999999999800, 700.0000000000000000 ) ) ;
#1862 = CIRCLE ( 'NONE', #1686, 3.399999999999958600 ) ;
#1863 = DIRECTION ( 'NONE',  ( 0.7071067811866260700, 0.7071067811864690800, -0.0000000000000000000 ) ) ;
#1864 = VERTEX_POINT ( 'NONE', #2634 ) ;
#1865 = ORIENTED_EDGE ( 'NONE', *, *, #2089, .T. ) ;
#1866 = STYLED_ITEM ( 'NONE', ( #2088 ), #314 ) ;
#1867 = DIRECTION ( 'NONE',  ( 0.0000000000000000000, 0.0000000000000000000, -1.000000000000000000 ) ) ;
#1868 = SURFACE_SIDE_STYLE ('',( #2638 ) ) ;
#1869 = ORIENTED_EDGE ( 'NONE', *, *, #1012, .F. ) ;
#1870 = EDGE_CURVE ( 'NONE', #2573, #4920, #1010, .T. ) ;
#1871 =( NAMED_UNIT ( * ) SI_UNIT ( $, .STERADIAN. ) SOLID_ANGLE_UNIT ( ) );
#1872 = CARTESIAN_POINT ( 'NONE',  ( 56.50000000000000000, -173.0000000000000000, -700.0000000000000000 ) ) ;
#1873 = AXIS2_PLACEMENT_3D ( 'NONE', #3905, #4275, #1656 ) ;
#1874 = FILL_AREA_STYLE ('',( #2265 ) ) ;
#1875 = ORIENTED_EDGE ( 'NONE', *, *, #1030, .T. ) ;
#1876 = ORIENTED_EDGE ( 'NONE', *, *, #64, .T. ) ;
#1877 = CARTESIAN_POINT ( 'NONE',  ( 57.50000000000014200, 23.00000000000000000, 700.0000000000000000 ) ) ;
#1878 = EDGE_LOOP ( 'NONE', ( #2413, #4229, #4020, #3490, #4846, #4859 ) ) ;
#1879 = ORIENTED_EDGE ( 'NONE', *, *, #495, .T. ) ;
#1880 = ADVANCED_FACE ( 'NONE', ( #886 ), #3058, .T. ) ;
#1881 = ORIENTED_EDGE ( 'NONE', *, *, #2435, .T. ) ;
#1882 = ORIENTED_EDGE ( 'NONE', *, *, #4651, .F. ) ;
#1883 = ORIENTED_EDGE ( 'NONE', *, *, #4215, .T. ) ;
#1884 = CARTESIAN_POINT ( 'NONE',  ( -32.49999999999998600, -420.0000000000000000, -598.3999999999999800 ) ) ;
#1885 = DIRECTION ( 'NONE',  ( -0.0000000000000000000, -1.000000000000000000, -0.0000000000000000000 ) ) ;
#1886 = CARTESIAN_POINT ( 'NONE',  ( 57.50000000000006400, -322.0000000000000600, 700.0000000000000000 ) ) ;
#1887 = ORIENTED_EDGE ( 'NONE', *, *, #3178, .F. ) ;
#1888 = EDGE_CURVE ( 'NONE', #3571, #4869, #215, .T. ) ;
#1889 = FACE_OUTER_BOUND ( 'NONE', #2669, .T. ) ;
#1890 =( LENGTH_UNIT ( ) NAMED_UNIT ( * ) SI_UNIT ( .MILLI., .METRE. ) );
#1891 = ORIENTED_EDGE ( 'NONE', *, *, #2740, .F. ) ;
#1892 = DIRECTION ( 'NONE',  ( -0.0000000000000000000, -1.000000000000000000, -0.0000000000000000000 ) ) ;
#1893 = ORIENTED_EDGE ( 'NONE', *, *, #3406, .F. ) ;
#1894 = LINE ( 'NONE', #4529, #1531 ) ;
#1895 = ORIENTED_EDGE ( 'NONE', *, *, #1900, .T. ) ;
#1896 = DIRECTION ( 'NONE',  ( 1.049727191138618400E-016, -0.5150380749100544900, 0.8571673007021121100 ) ) ;
#1897 = VECTOR ( 'NONE', #1935, 1000.000000000000000 ) ;
#1898 = CARTESIAN_POINT ( 'NONE',  ( 37.50000000000008500, 320.9999999999999400, 700.0000000000000000 ) ) ;
#1899 = VERTEX_POINT ( 'NONE', #3843 ) ;
#1900 = EDGE_CURVE ( 'NONE', #4568, #4389, #4363, .T. ) ;
#1901 = DIRECTION ( 'NONE',  ( 1.000000000000000000, 4.625929269271483700E-015, -0.0000000000000000000 ) ) ;
#1902 = ORIENTED_EDGE ( 'NONE', *, *, #126, .F. ) ;
#1903 = DIRECTION ( 'NONE',  ( 0.7071067811865474600, 0.7071067811865474600, -0.0000000000000000000 ) ) ;
#1904 = CARTESIAN_POINT ( 'NONE',  ( -62.49999999999999300, -420.0000000000000000, -598.3999999999999800 ) ) ;
#1905 = DIRECTION ( 'NONE',  ( 1.000000000000000000, 1.095614826932720100E-016, -0.0000000000000000000 ) ) ;
#1906 = EDGE_CURVE ( 'NONE', #4046, #4626, #2192, .T. ) ;
#1907 = VERTEX_POINT ( 'NONE', #806 ) ;
#1908 = PRESENTATION_LAYER_ASSIGNMENT (  '', '', ( #3515 ) ) ;
#1909 = CARTESIAN_POINT ( 'NONE',  ( -62.49999999999999300, -420.0000000000000000, -684.9999999999998900 ) ) ;
#1910 = ORIENTED_EDGE ( 'NONE', *, *, #1238, .T. ) ;
#1911 = CARTESIAN_POINT ( 'NONE',  ( -87.50000000000004300, 240.0000000000000000, -646.7500000000000000 ) ) ;
#1912 = CARTESIAN_POINT ( 'NONE',  ( 87.50000000000009900, -134.4999999999999400, -700.0000000000000000 ) ) ;
#1913 = ADVANCED_FACE ( 'NONE', ( #3326 ), #3641, .T. ) ;
#1914 = ORIENTED_EDGE ( 'NONE', *, *, #1853, .F. ) ;
#1915 = AXIS2_PLACEMENT_3D ( 'NONE', #4611, #4378, #4767 ) ;
#1916 = ORIENTED_EDGE ( 'NONE', *, *, #1751, .T. ) ;
#1917 = EDGE_CURVE ( 'NONE', #1514, #4823, #1123, .T. ) ;
#1918 = PLANE ( 'NONE',  #3222 ) ;
#1919 = CARTESIAN_POINT ( 'NONE',  ( 57.50000000000014900, -22.00000000000011400, -97.54998718605756400 ) ) ;
#1920 = VECTOR ( 'NONE', #2037, 1000.000000000000000 ) ;
#1921 =( NAMED_UNIT ( * ) PLANE_ANGLE_UNIT ( ) SI_UNIT ( $, .RADIAN. ) );
#1922 = PLANE ( 'NONE',  #4946 ) ;
#1923 = LINE ( 'NONE', #4204, #2032 ) ;
#1924 = ORIENTED_EDGE ( 'NONE', *, *, #3567, .T. ) ;
#1925 = CARTESIAN_POINT ( 'NONE',  ( -110.2500000000063000, 110.2500000000307800, -700.0000000000000000 ) ) ;
#1926 = VECTOR ( 'NONE', #498, 1000.000000000000000 ) ;
#1927 = VERTEX_POINT ( 'NONE', #4383 ) ;
#1928 = DIRECTION ( 'NONE',  ( 0.0000000000000000000, 0.0000000000000000000, 1.000000000000000000 ) ) ;
#1929 =( NAMED_UNIT ( * ) PLANE_ANGLE_UNIT ( ) SI_UNIT ( $, .RADIAN. ) );
#1930 = APPLICATION_CONTEXT ( 'automotive_design' ) ;
#1931 = CARTESIAN_POINT ( 'NONE',  ( 57.50000000000011400, -127.9999999999998900, 700.0000000000000000 ) ) ;
#1932 = DIRECTION ( 'NONE',  ( 0.0000000000000000000, 0.0000000000000000000, -1.000000000000000000 ) ) ;
#1933 = DIRECTION ( 'NONE',  ( -0.0000000000000000000, -1.000000000000000000, -0.0000000000000000000 ) ) ;
#1934 = VERTEX_POINT ( 'NONE', #2122 ) ;
#1935 = DIRECTION ( 'NONE',  ( -0.0000000000000000000, -0.0000000000000000000, -1.000000000000000000 ) ) ;
#1936 = CARTESIAN_POINT ( 'NONE',  ( 57.50000000000014200, -23.00000000000000000, -700.0000000000000000 ) ) ;
#1937 = EDGE_CURVE ( 'NONE', #2039, #1619, #2316, .T. ) ;
#1938 = DIRECTION ( 'NONE',  ( 0.0000000000000000000, 0.0000000000000000000, -1.000000000000000000 ) ) ;
#1939 = ORIENTED_EDGE ( 'NONE', *, *, #3643, .T. ) ;
#1940 = DIRECTION ( 'NONE',  ( 0.0000000000000000000, 0.0000000000000000000, 1.000000000000000000 ) ) ;
#1941 = ORIENTED_EDGE ( 'NONE', *, *, #4285, .F. ) ;
#1942 = EDGE_CURVE ( 'NONE', #4861, #2124, #102, .T. ) ;
#1943 = VERTEX_POINT ( 'NONE', #990 ) ;
#1944 = ORIENTED_EDGE ( 'NONE', *, *, #479, .F. ) ;
#1945 = CARTESIAN_POINT ( 'NONE',  ( 56.50000000000022000, 173.0000000000000000, 700.0000000000000000 ) ) ;
#1946 = ORIENTED_EDGE ( 'NONE', *, *, #1507, .F. ) ;
#1947 = VECTOR ( 'NONE', #3990, 1000.000000000000000 ) ;
#1948 = CARTESIAN_POINT ( 'NONE',  ( -62.49999999999999300, -393.7500000000000000, -688.3999999999998600 ) ) ;
#1949 = ORIENTED_EDGE ( 'NONE', *, *, #4128, .F. ) ;
#1950 = FACE_OUTER_BOUND ( 'NONE', #1567, .T. ) ;
#1951 = FILL_AREA_STYLE ('',( #1194 ) ) ;
#1952 = VERTEX_POINT ( 'NONE', #4787 ) ;
#1953 = CARTESIAN_POINT ( 'NONE',  ( 37.50000000000014900, -21.00000000000000000, 700.0000000000000000 ) ) ;
#1954 = VECTOR ( 'NONE', #3614, 1000.000000000000000 ) ;
#1955 = CARTESIAN_POINT ( 'NONE',  ( 37.50000000000011400, -129.0000000000000000, 700.0000000000000000 ) ) ;
#1956 = CARTESIAN_POINT ( 'NONE',  ( 57.50000000000018500, -13.99999999999999600, 700.0000000000000000 ) ) ;
#1957 = PLANE ( 'NONE',  #2496 ) ;
#1958 = ADVANCED_FACE ( 'NONE', ( #1590 ), #2890, .F. ) ;
#1959 = EDGE_LOOP ( 'NONE', ( #3311, #743, #575, #528 ) ) ;
#1960 = SURFACE_STYLE_FILL_AREA ( #993 ) ;
#1961 = CONICAL_SURFACE ( 'NONE', #4572, 3.399999999999958600, 1.029744258676654100 ) ;
#1962 = VERTEX_POINT ( 'NONE', #4360 ) ;
#1963 = VECTOR ( 'NONE', #1000, 1000.000000000000000 ) ;
#1964 = CARTESIAN_POINT ( 'NONE',  ( 85.66666248187296200, -13.99999999999999800, 99.18347053848474100 ) ) ;
#1965 = MECHANICAL_DESIGN_GEOMETRIC_PRESENTATION_REPRESENTATION (  '', ( #787 ), #4400 ) ;
#1966 =( NAMED_UNIT ( * ) PLANE_ANGLE_UNIT ( ) SI_UNIT ( $, .RADIAN. ) );
#1967 = LINE ( 'NONE', #1537, #3395 ) ;
#1968 = ORIENTED_EDGE ( 'NONE', *, *, #3534, .F. ) ;
#1969 = FILL_AREA_STYLE ('',( #37 ) ) ;
#1970 = CARTESIAN_POINT ( 'NONE',  ( 57.16627312371090900, -22.33372687628927600, -97.47472329838160500 ) ) ;
#1971 = CARTESIAN_POINT ( 'NONE',  ( 87.50000000000005700, 286.0000000000000600, -700.0000000000000000 ) ) ;
#1972 = DIRECTION ( 'NONE',  ( -1.000000000000000000, 3.412570772413391000E-016, 0.0000000000000000000 ) ) ;
#1973 = VECTOR ( 'NONE', #3423, 1000.000000000000000 ) ;
#1974 = MECHANICAL_DESIGN_GEOMETRIC_PRESENTATION_REPRESENTATION (  '', ( #3282 ), #177 ) ;
#1975 = COLOUR_RGB ( '',0.6470588235294118000, 0.6196078431372549200, 0.5882352941176470800 ) ;
#1976 = DIRECTION ( 'NONE',  ( 0.7071067811865474600, 0.7071067811865474600, -0.0000000000000000000 ) ) ;
#1977 = DIRECTION ( 'NONE',  ( 0.7071067811865474600, 0.7071067811865474600, -0.0000000000000000000 ) ) ;
#1978 = LINE ( 'NONE', #3281, #974 ) ;
#1979 = AXIS2_PLACEMENT_3D ( 'NONE', #4369, #1698, #944 ) ;
#1980 = PLANE ( 'NONE',  #4521 ) ;
#1981 = ORIENTED_EDGE ( 'NONE', *, *, #4406, .T. ) ;
#1982 = EDGE_LOOP ( 'NONE', ( #4080, #225, #2367, #3552 ) ) ;
#1983 = ADVANCED_FACE ( 'NONE', ( #3885 ), #3278, .F. ) ;
#1984 = CARTESIAN_POINT ( 'NONE',  ( -87.50000000000004300, -240.0000000000000000, 646.7500000000000000 ) ) ;
#1985 = PLANE ( 'NONE',  #1027 ) ;
#1986 = ORIENTED_EDGE ( 'NONE', *, *, #216, .F. ) ;
#1987 = DIRECTION ( 'NONE',  ( -0.0000000000000000000, 1.000000000000000000, -0.0000000000000000000 ) ) ;
#1988 = UNCERTAINTY_MEASURE_WITH_UNIT (LENGTH_MEASURE( 1.000000000000000100E-005 ), #3888, 'distance_accuracy_value', 'NONE');
#1989 = PLANE ( 'NONE',  #1173 ) ;
#1990 = VERTEX_POINT ( 'NONE', #3625 ) ;
#1991 = CARTESIAN_POINT ( 'NONE',  ( 56.49999999999995000, -322.9999999999999400, 700.0000000000000000 ) ) ;
#1992 = ORIENTED_EDGE ( 'NONE', *, *, #2642, .T. ) ;
#1993 = EDGE_LOOP ( 'NONE', ( #724, #132, #4179, #755 ) ) ;
#1994 = AXIS2_PLACEMENT_3D ( 'NONE', #4138, #2999, #3398 ) ;
#1995 = DIRECTION ( 'NONE',  ( -0.7071067811865474600, -0.7071067811865474600, -0.0000000000000000000 ) ) ;
#1996 = ORIENTED_EDGE ( 'NONE', *, *, #2204, .T. ) ;
#1997 = SURFACE_SIDE_STYLE ('',( #189 ) ) ;
#1998 = ORIENTED_EDGE ( 'NONE', *, *, #911, .T. ) ;
#1999 = EDGE_CURVE ( 'NONE', #4656, #3774, #4315, .T. ) ;
#2000 = DIRECTION ( 'NONE',  ( 0.0000000000000000000, 0.0000000000000000000, -1.000000000000000000 ) ) ;
#2001 = PRESENTATION_STYLE_ASSIGNMENT (( #1508 ) ) ;
#2002 = CARTESIAN_POINT ( 'NONE',  ( 85.49999999999998600, -13.99999999999999800, -99.01515035589251600 ) ) ;
#2003 = AXIS2_PLACEMENT_3D ( 'NONE', #1575, #4636, #2768 ) ;
#2004 = ADVANCED_FACE ( 'NONE', ( #3203 ), #1369, .F. ) ;
#2005 = LINE ( 'NONE', #2695, #3707 ) ;
#2006 = FACE_OUTER_BOUND ( 'NONE', #2510, .T. ) ;
#2007 = EDGE_CURVE ( 'NONE', #1934, #4584, #3945, .T. ) ;
#2008 = DIRECTION ( 'NONE',  ( 0.0000000000000000000, 0.0000000000000000000, 1.000000000000000000 ) ) ;
#2009 = FACE_OUTER_BOUND ( 'NONE', #1398, .T. ) ;
#2010 = CARTESIAN_POINT ( 'NONE',  ( 56.83293686442693400, -22.66706313557317300, -97.39774785429428100 ) ) ;
#2011 = STYLED_ITEM ( 'NONE', ( #402 ), #4945 ) ;
#2012 = CIRCLE ( 'NONE', #2209, 102.0000000000003300 ) ;
#2013 = CARTESIAN_POINT ( 'NONE',  ( 57.50000000000018500, -13.99999999999999600, 700.0000000000000000 ) ) ;
#2014 = ORIENTED_EDGE ( 'NONE', *, *, #3672, .T. ) ;
#2015 = SURFACE_SIDE_STYLE ('',( #2225 ) ) ;
#2016 = CARTESIAN_POINT ( 'NONE',  ( -62.49999999999999300, -393.7500000000000000, 684.9999999999998900 ) ) ;
#2017 = VERTEX_POINT ( 'NONE', #3991 ) ;
#2018 = EDGE_CURVE ( 'NONE', #1050, #3256, #3372, .T. ) ;
#2019 = CARTESIAN_POINT ( 'NONE',  ( -62.49999999999999300, -393.7500000000000000, 595.0000000000000000 ) ) ;
#2020 = VERTEX_POINT ( 'NONE', #198 ) ;
#2021 = CARTESIAN_POINT ( 'NONE',  ( 87.50000000000009900, 165.5000000000002600, -700.0000000000000000 ) ) ;
#2022 = LINE ( 'NONE', #3103, #1732 ) ;
#2023 = VECTOR ( 'NONE', #4669, 1000.000000000000000 ) ;
#2024 = EDGE_LOOP ( 'NONE', ( #584, #3264, #3380, #3787 ) ) ;
#2025 = AXIS2_PLACEMENT_3D ( 'NONE', #31, #763, #4631 ) ;
#2026 = CIRCLE ( 'NONE', #2653, 3.399999999999958600 ) ;
#2027 = ADVANCED_FACE ( 'NONE', ( #4252 ), #2541, .F. ) ;
#2028 = ORIENTED_EDGE ( 'NONE', *, *, #3234, .F. ) ;
#2029 = MECHANICAL_DESIGN_GEOMETRIC_PRESENTATION_REPRESENTATION (  '', ( #4580 ), #1430 ) ;
#2030 = ORIENTED_EDGE ( 'NONE', *, *, #532, .T. ) ;
#2031 = EDGE_CURVE ( 'NONE', #444, #3312, #2846, .T. ) ;
#2032 = VECTOR ( 'NONE', #3844, 1000.000000000000000 ) ;
#2033 = EDGE_LOOP ( 'NONE', ( #221, #84, #2041, #2465 ) ) ;
#2034 =( LENGTH_UNIT ( ) NAMED_UNIT ( * ) SI_UNIT ( .MILLI., .METRE. ) );
#2035 = EDGE_LOOP ( 'NONE', ( #2310, #1914, #1244, #1708 ) ) ;
#2036 = ORIENTED_EDGE ( 'NONE', *, *, #3672, .F. ) ;
#2037 = DIRECTION ( 'NONE',  ( 0.0000000000000000000, -0.0000000000000000000, -1.000000000000000000 ) ) ;
#2038 = LINE ( 'NONE', #1250, #1926 ) ;
#2039 = VERTEX_POINT ( 'NONE', #2338 ) ;
#2040 = CARTESIAN_POINT ( 'NONE',  ( -66.74999999999992900, 66.74999999999992900, -700.0000000000000000 ) ) ;
#2041 = ORIENTED_EDGE ( 'NONE', *, *, #4674, .F. ) ;
#2042 = VECTOR ( 'NONE', #1863, 1000.000000000000100 ) ;
#2043 = DIRECTION ( 'NONE',  ( -0.0000000000000000000, -1.000000000000000000, -0.0000000000000000000 ) ) ;
#2044 = EDGE_LOOP ( 'NONE', ( #2290, #4735, #3838, #1659, #2514, #3157, #4904, #3749, #1058, #3247, #96, #1519, #3475, #2791, #4124, #202, #400, #1222, #4551, #810, #2633, #4689, #848, #3578, #659, #904, #3747, #2838, #4479, #3315, #4296, #789, #4595, #1740, #3840, #855, #4312, #4731, #3636, #3663, #255, #3000, #199, #3011, #2911, #932, #654, #4902, #746, #1837, #881, #685, #4795, #547, #2563, #2946, #3585, #2938, #1343, #3195, #43, #2493, #4100, #2780, #62, #1572, #4753, #4477, #1865, #3272, #3632, #3126, #3387, #2361, #2077 ) ) ;
#2045 = DIRECTION ( 'NONE',  ( -0.7071067811865489100, 0.7071067811865462400, -0.0000000000000000000 ) ) ;
#2046 = ADVANCED_FACE ( 'NONE', ( #1950 ), #1757, .F. ) ;
#2047 = EDGE_CURVE ( 'NONE', #1439, #461, #12, .T. ) ;
#2048 = AXIS2_PLACEMENT_3D ( 'NONE', #4300, #2827, #3538 ) ;
#2049 = ORIENTED_EDGE ( 'NONE', *, *, #561, .T. ) ;
#2050 = LINE ( 'NONE', #1077, #148 ) ;
#2051 = ORIENTED_EDGE ( 'NONE', *, *, #2727, .T. ) ;
#2052 = ORIENTED_EDGE ( 'NONE', *, *, #3146, .T. ) ;
#2053 = DIRECTION ( 'NONE',  ( 0.0000000000000000000, 0.0000000000000000000, 1.000000000000000000 ) ) ;
#2054 = VERTEX_POINT ( 'NONE', #3780 ) ;
#2055 = CARTESIAN_POINT ( 'NONE',  ( -87.50000000000004300, -240.0000000000000000, 646.7500000000000000 ) ) ;
#2056 = EDGE_CURVE ( 'NONE', #4557, #6, #2898, .T. ) ;
#2057 = LINE ( 'NONE', #4867, #2185 ) ;
#2058 = FILL_AREA_STYLE_COLOUR ( '', #4649 ) ;
#2059 = CARTESIAN_POINT ( 'NONE',  ( 39.50000000000008500, -277.0000000000000000, 700.0000000000000000 ) ) ;
#2060 = EDGE_LOOP ( 'NONE', ( #1040, #608, #2357, #522 ) ) ;
#2061 = CARTESIAN_POINT ( 'NONE',  ( -32.49999999999999300, -393.7500000000000000, 681.6000000000000200 ) ) ;
#2062 = CARTESIAN_POINT ( 'NONE',  ( -32.49999999999999300, -420.0000000000000000, 684.9999999999998900 ) ) ;
#2063 = ORIENTED_EDGE ( 'NONE', *, *, #1870, .T. ) ;
#2064 = CARTESIAN_POINT ( 'NONE',  ( -87.50000000000004300, -240.0000000000000000, -660.0000000000000000 ) ) ;
#2065 = LINE ( 'NONE', #3117, #1897 ) ;
#2066 = ORIENTED_EDGE ( 'NONE', *, *, #3868, .T. ) ;
#2067 = CIRCLE ( 'NONE', #2954, 13.24999999999998400 ) ;
#2068 = CARTESIAN_POINT ( 'NONE',  ( 39.50000000000015600, 22.99999999999999600, 700.0000000000000000 ) ) ;
#2069 = VECTOR ( 'NONE', #2504, 1000.000000000000000 ) ;
#2070 = CARTESIAN_POINT ( 'NONE',  ( -62.49999999999999300, -393.7500000000000000, 688.3999999999998600 ) ) ;
#2071 = B_SPLINE_CURVE_WITH_KNOTS ( 'NONE', 3,
 ( #2259, #730, #2276, #4111 ),
 .UNSPECIFIED., .F., .F.,
 ( 4, 4 ),
 ( 1.962615573354719000E-017, 0.0007106142417560642100 ),
 .UNSPECIFIED. ) ;
#2072 = COLOUR_RGB ( '',0.6470588235294118000, 0.6196078431372549200, 0.5882352941176470800 ) ;
#2073 = VECTOR ( 'NONE', #4026, 1000.000000000000000 ) ;
#2074 = ORIENTED_EDGE ( 'NONE', *, *, #1128, .F. ) ;
#2075 = COLOUR_RGB ( '',0.6470588235294118000, 0.6196078431372549200, 0.5882352941176470800 ) ;
#2076 = LINE ( 'NONE', #3065, #2271 ) ;
#2077 = ORIENTED_EDGE ( 'NONE', *, *, #2031, .F. ) ;
#2078 = DIRECTION ( 'NONE',  ( 0.0000000000000000000, 0.0000000000000000000, 1.000000000000000000 ) ) ;
#2079 =( NAMED_UNIT ( * ) PLANE_ANGLE_UNIT ( ) SI_UNIT ( $, .RADIAN. ) );
#2080 = FILL_AREA_STYLE ('',( #4802 ) ) ;
#2081 = LINE ( 'NONE', #660, #2863 ) ;
#2082 = ORIENTED_EDGE ( 'NONE', *, *, #382, .F. ) ;
#2083 = SURFACE_STYLE_FILL_AREA ( #2080 ) ;
#2084 = ADVANCED_FACE ( 'NONE', ( #1345 ), #1819, .F. ) ;
#2085 = CARTESIAN_POINT ( 'NONE',  ( 57.50000000000006400, 321.9999999999998300, 700.0000000000000000 ) ) ;
#2086 = VERTEX_POINT ( 'NONE', #3090 ) ;
#2087 = VECTOR ( 'NONE', #1694, 1000.000000000000000 ) ;
#2088 = PRESENTATION_STYLE_ASSIGNMENT (( #3016 ) ) ;
#2089 = EDGE_CURVE ( 'NONE', #448, #1856, #2005, .T. ) ;
#2090 = DIRECTION ( 'NONE',  ( 0.5773502691896269500, 0.5773502691896251800, -0.5773502691896251800 ) ) ;
#2091 = SURFACE_SIDE_STYLE ('',( #4403 ) ) ;
#2092 = AXIS2_PLACEMENT_3D ( 'NONE', #879, #4742, #3618 ) ;
#2093 = EDGE_CURVE ( 'NONE', #1534, #2879, #3828, .T. ) ;
#2094 = EDGE_CURVE ( 'NONE', #497, #3942, #3368, .T. ) ;
#2095 = CARTESIAN_POINT ( 'NONE',  ( 85.99999999999987200, 13.99999999999999800, 700.0000000000000000 ) ) ;
#2096 = ADVANCED_FACE ( 'NONE', ( #3320 ), #3438, .F. ) ;
#2097 = VERTEX_POINT ( 'NONE', #3825 ) ;
#2098 = FACE_OUTER_BOUND ( 'NONE', #4855, .T. ) ;
#2099 = CARTESIAN_POINT ( 'NONE',  ( -62.49999999999999300, -393.7500000000000000, -684.9999999999998900 ) ) ;
#2100 = AXIS2_PLACEMENT_3D ( 'NONE', #1953, #2679, #396 ) ;
#2101 = ORIENTED_EDGE ( 'NONE', *, *, #1266, .F. ) ;
#2102 = VERTEX_POINT ( 'NONE', #2656 ) ;
#2103 = EDGE_CURVE ( 'NONE', #3092, #1528, #1523, .T. ) ;
#2104 = ORIENTED_EDGE ( 'NONE', *, *, #1371, .T. ) ;
#2105 = CARTESIAN_POINT ( 'NONE',  ( -87.50000000000007100, 340.0000000000001100, 700.0000000000000000 ) ) ;
#2106 = CARTESIAN_POINT ( 'NONE',  ( 39.50000000000008500, -277.0000000000000000, 700.0000000000000000 ) ) ;
#2107 = EDGE_CURVE ( 'NONE', #4589, #2754, #4305, .T. ) ;
#2108 = CARTESIAN_POINT ( 'NONE',  ( 0.0000000000000000000, 417.5000000000000600, 700.0000000000000000 ) ) ;
#2109 = ADVANCED_FACE ( 'NONE', ( #1175 ), #4164, .F. ) ;
#2110 = ORIENTED_EDGE ( 'NONE', *, *, #1870, .F. ) ;
#2111 = ORIENTED_EDGE ( 'NONE', *, *, #1847, .T. ) ;
#2112 = DIRECTION ( 'NONE',  ( -1.000000000000000000, -0.0000000000000000000, -0.0000000000000000000 ) ) ;
#2113 = DIRECTION ( 'NONE',  ( 0.0000000000000000000, -0.0000000000000000000, -1.000000000000000000 ) ) ;
#2114 = ORIENTED_EDGE ( 'NONE', *, *, #1254, .T. ) ;
#2115 = FACE_OUTER_BOUND ( 'NONE', #98, .T. ) ;
#2116 = VERTEX_POINT ( 'NONE', #1226 ) ;
#2117 =( NAMED_UNIT ( * ) SI_UNIT ( $, .STERADIAN. ) SOLID_ANGLE_UNIT ( ) );
#2118 = ORIENTED_EDGE ( 'NONE', *, *, #1094, .T. ) ;
#2119 = ORIENTED_EDGE ( 'NONE', *, *, #2126, .F. ) ;
#2120 = AXIS2_PLACEMENT_3D ( 'NONE', #2085, #4325, #2053 ) ;
#2121 = DIRECTION ( 'NONE',  ( -0.7071067811865486800, -0.7071067811865464600, -0.0000000000000000000 ) ) ;
#2122 = CARTESIAN_POINT ( 'NONE',  ( -87.50000000000004300, 240.0000000000000000, 673.2500000000000000 ) ) ;
#2123 = VECTOR ( 'NONE', #1486, 1000.000000000000000 ) ;
#2124 = VERTEX_POINT ( 'NONE', #2305 ) ;
#2125 = CARTESIAN_POINT ( 'NONE',  ( -62.49999999999999300, -393.7500000000000000, -688.3999999999998600 ) ) ;
#2126 = EDGE_CURVE ( 'NONE', #1221, #335, #940, .T. ) ;
#2127 = LINE ( 'NONE', #4657, #2965 ) ;
#2128 = VECTOR ( 'NONE', #3294, 1000.000000000000000 ) ;
#2129 = SURFACE_SIDE_STYLE ('',( #1054 ) ) ;
#2130 = EDGE_CURVE ( 'NONE', #4190, #1233, #2785, .T. ) ;
#2131 = VECTOR ( 'NONE', #1177, 1000.000000000000000 ) ;
#2132 = CYLINDRICAL_SURFACE ( 'NONE', #3664, 13.24999999999998400 ) ;
#2133 = DIRECTION ( 'NONE',  ( -0.0000000000000000000, -0.0000000000000000000, -1.000000000000000000 ) ) ;
#2134 = VECTOR ( 'NONE', #3228, 1000.000000000000000 ) ;
#2135 = CARTESIAN_POINT ( 'NONE',  ( 57.50000000000018500, -13.99999999999999600, 700.0000000000000000 ) ) ;
#2136 = CARTESIAN_POINT ( 'NONE',  ( 87.50000000000009900, -163.9999999999999700, -700.0000000000000000 ) ) ;
#2137 = CARTESIAN_POINT ( 'NONE',  ( -87.50000000000000000, -417.5000000000000600, 700.0000000000000000 ) ) ;
#2138 = DIRECTION ( 'NONE',  ( 1.000000000000000000, -0.0000000000000000000, -0.0000000000000000000 ) ) ;
#2139 = UNCERTAINTY_MEASURE_WITH_UNIT (LENGTH_MEASURE( 1.000000000000000100E-005 ), #2983, 'distance_accuracy_value', 'NONE');
#2140 = ORIENTED_EDGE ( 'NONE', *, *, #4023, .F. ) ;
#2141 = EDGE_CURVE ( 'NONE', #3937, #4193, #821, .T. ) ;
#2142 = CARTESIAN_POINT ( 'NONE',  ( -32.49999999999999300, -391.7070738953062800, -595.0000000000000000 ) ) ;
#2143 = CARTESIAN_POINT ( 'NONE',  ( 39.50000000000009200, -322.9999999999999400, 700.0000000000000000 ) ) ;
#2144 = VECTOR ( 'NONE', #1977, 1000.000000000000100 ) ;
#2145 = ORIENTED_EDGE ( 'NONE', *, *, #4756, .F. ) ;
#2146 = FACE_OUTER_BOUND ( 'NONE', #3479, .T. ) ;
#2147 = VECTOR ( 'NONE', #2663, 1000.000000000000000 ) ;
#2148 = ORIENTED_EDGE ( 'NONE', *, *, #3406, .T. ) ;
#2149 = DIRECTION ( 'NONE',  ( -1.000000000000000000, 0.0000000000000000000, 0.0000000000000000000 ) ) ;
#2150 = PLANE ( 'NONE',  #1018 ) ;
#2151 = VECTOR ( 'NONE', #259, 1000.000000000000000 ) ;
#2152 = EDGE_CURVE ( 'NONE', #3935, #4460, #4870, .T. ) ;
#2153 = VECTOR ( 'NONE', #588, 1000.000000000000000 ) ;
#2154 = DIRECTION ( 'NONE',  ( -0.0000000000000000000, -1.000000000000000000, -0.0000000000000000000 ) ) ;
#2155 = CARTESIAN_POINT ( 'NONE',  ( 37.50000000000008500, -278.9999999999998300, 700.0000000000000000 ) ) ;
#2156 = VECTOR ( 'NONE', #606, 1000.000000000000000 ) ;
#2157 = DIRECTION ( 'NONE',  ( -0.0000000000000000000, -0.7071067811865475700, 0.7071067811865475700 ) ) ;
#2158 =( NAMED_UNIT ( * ) PLANE_ANGLE_UNIT ( ) SI_UNIT ( $, .RADIAN. ) );
#2159 =( NAMED_UNIT ( * ) SI_UNIT ( $, .STERADIAN. ) SOLID_ANGLE_UNIT ( ) );
#2160 = LINE ( 'NONE', #2125, #2753 ) ;
#2161 = CARTESIAN_POINT ( 'NONE',  ( 57.50000000000010700, -173.0000000000000000, 700.0000000000000000 ) ) ;
#2162 = DIRECTION ( 'NONE',  ( -0.7071067811865475700, -0.7071067811865475700, -0.0000000000000000000 ) ) ;
#2163 = EDGE_CURVE ( 'NONE', #3258, #3337, #4736, .T. ) ;
#2164 = LINE ( 'NONE', #3950, #3972 ) ;
#2165 = CARTESIAN_POINT ( 'NONE',  ( 39.50000000000015600, 22.99999999999999600, -700.0000000000000000 ) ) ;
#2166 = AXIS2_PLACEMENT_3D ( 'NONE', #1307, #164, #2392 ) ;
#2167 = EDGE_LOOP ( 'NONE', ( #2779, #3130 ) ) ;
#2168 = CARTESIAN_POINT ( 'NONE',  ( 87.50000000000000000, 420.0000000000000000, 697.5000000000000000 ) ) ;
#2169 = CARTESIAN_POINT ( 'NONE',  ( 87.50000000000014200, 15.50000000000027700, -700.0000000000000000 ) ) ;
#2170 = VERTEX_POINT ( 'NONE', #814 ) ;
#2171 = STYLED_ITEM ( 'NONE', ( #71 ), #3156 ) ;
#2172 = CARTESIAN_POINT ( 'NONE',  ( 56.49999999999995000, -322.9999999999999400, -700.0000000000000000 ) ) ;
#2173 = CONICAL_SURFACE ( 'NONE', #1181, 100.0000000000000000, 0.7853981633974552700 ) ;
#2174 = DIRECTION ( 'NONE',  ( -0.0000000000000000000, -1.000000000000000000, -0.0000000000000000000 ) ) ;
#2175 = CARTESIAN_POINT ( 'NONE',  ( -32.49999999999998600, -393.7500000000000000, -598.3999999999999800 ) ) ;
#2176 = VECTOR ( 'NONE', #2445, 1000.000000000000000 ) ;
#2177 = ORIENTED_EDGE ( 'NONE', *, *, #768, .F. ) ;
#2178 = ORIENTED_EDGE ( 'NONE', *, *, #1490, .F. ) ;
#2179 = VERTEX_POINT ( 'NONE', #2788 ) ;
#2180 = PLANE ( 'NONE',  #2228 ) ;
#2181 = ORIENTED_EDGE ( 'NONE', *, *, #1213, .T. ) ;
#2182 = CARTESIAN_POINT ( 'NONE',  ( -15.00000000000004100, -240.0000000000000000, 660.0000000000000000 ) ) ;
#2183 = CARTESIAN_POINT ( 'NONE',  ( 87.50000000000000000, 420.0000000000000000, 700.0000000000000000 ) ) ;
#2184 = ORIENTED_EDGE ( 'NONE', *, *, #762, .T. ) ;
#2185 = VECTOR ( 'NONE', #2914, 1000.000000000000000 ) ;
#2186 = ORIENTED_EDGE ( 'NONE', *, *, #2224, .F. ) ;
#2187 = EDGE_LOOP ( 'NONE', ( #3880, #2437 ) ) ;
#2188 = CARTESIAN_POINT ( 'NONE',  ( -32.49999999999998600, -420.0000000000000000, 595.0000000000000000 ) ) ;
#2189 = CARTESIAN_POINT ( 'NONE',  ( 57.50000000000014900, -136.0000000000000000, 700.0000000000000000 ) ) ;
#2190 = ORIENTED_EDGE ( 'NONE', *, *, #351, .F. ) ;
#2191 = ORIENTED_EDGE ( 'NONE', *, *, #153, .T. ) ;
#2192 = LINE ( 'NONE', #1649, #1070 ) ;
#2193 = AXIS2_PLACEMENT_3D ( 'NONE', #11, #2703, #4194 ) ;
#2194 = DIRECTION ( 'NONE',  ( -0.5150380749100554900, 0.0000000000000000000, 0.8571673007021115600 ) ) ;
#2195 =( NAMED_UNIT ( * ) PLANE_ANGLE_UNIT ( ) SI_UNIT ( $, .RADIAN. ) );
#2196 = EDGE_LOOP ( 'NONE', ( #3014, #782, #2759, #2925 ) ) ;
#2197 = EDGE_CURVE ( 'NONE', #3906, #1120, #574, .T. ) ;
#2198 = MECHANICAL_DESIGN_GEOMETRIC_PRESENTATION_REPRESENTATION (  '', ( #2397 ), #2962 ) ;
#2199 = CARTESIAN_POINT ( 'NONE',  ( 87.50000000000009900, -163.9999999999999700, 700.0000000000000000 ) ) ;
#2200 = ORIENTED_EDGE ( 'NONE', *, *, #4475, .T. ) ;
#2201 = DIRECTION ( 'NONE',  ( 3.412570772413391000E-016, 1.000000000000000000, -0.0000000000000000000 ) ) ;
#2202 = VECTOR ( 'NONE', #4035, 1000.000000000000000 ) ;
#2203 = DIRECTION ( 'NONE',  ( -1.000000000000000000, 5.782411586589364800E-017, 0.0000000000000000000 ) ) ;
#2204 = EDGE_CURVE ( 'NONE', #187, #4922, #4806, .T. ) ;
#2205 = EDGE_LOOP ( 'NONE', ( #1426, #2596, #4293, #4060 ) ) ;
#2206 = COLOUR_RGB ( '',0.6470588235294118000, 0.6196078431372549200, 0.5882352941176470800 ) ;
#2207 = ORIENTED_EDGE ( 'NONE', *, *, #331, .F. ) ;
#2208 = DIRECTION ( 'NONE',  ( -1.000000000000000000, 0.0000000000000000000, 0.0000000000000000000 ) ) ;
#2209 = AXIS2_PLACEMENT_3D ( 'NONE', #1216, #2693, #3823 ) ;
#2210 = ORIENTED_EDGE ( 'NONE', *, *, #4405, .F. ) ;
#2211 = DIRECTION ( 'NONE',  ( -1.000000000000000000, -0.0000000000000000000, -0.0000000000000000000 ) ) ;
#2212 = FACE_OUTER_BOUND ( 'NONE', #2044, .T. ) ;
#2213 = LINE ( 'NONE', #3085, #783 ) ;
#2214 = EDGE_CURVE ( 'NONE', #795, #1330, #3483, .T. ) ;
#2215 = CARTESIAN_POINT ( 'NONE',  ( 87.50000000000014200, 15.50000000000027700, 700.0000000000000000 ) ) ;
#2216 = VECTOR ( 'NONE', #2201, 1000.000000000000000 ) ;
#2217 = ORIENTED_EDGE ( 'NONE', *, *, #2103, .T. ) ;
#2218 = ORIENTED_EDGE ( 'NONE', *, *, #3473, .F. ) ;
#2219 = CARTESIAN_POINT ( 'NONE',  ( 87.50000000000000000, -417.5000000000000600, 700.0000000000000000 ) ) ;
#2220 = CIRCLE ( 'NONE', #3348, 3.399999999999958600 ) ;
#2221 = LINE ( 'NONE', #300, #1446 ) ;
#2222 = FILL_AREA_STYLE_COLOUR ( '', #1497 ) ;
#2223 = FILL_AREA_STYLE ('',( #4482 ) ) ;
#2224 = EDGE_CURVE ( 'NONE', #1201, #1376, #4685, .T. ) ;
#2225 = SURFACE_STYLE_FILL_AREA ( #118 ) ;
#2226 = EDGE_CURVE ( 'NONE', #1670, #2179, #3700, .T. ) ;
#2227 = CARTESIAN_POINT ( 'NONE',  ( -62.49999999999999300, -420.0000000000000000, -591.6000000000000200 ) ) ;
#2228 = AXIS2_PLACEMENT_3D ( 'NONE', #2199, #297, #388 ) ;
#2229 = ORIENTED_EDGE ( 'NONE', *, *, #1012, .T. ) ;
#2230 = CARTESIAN_POINT ( 'NONE',  ( -87.50000000000004300, -240.0000000000000000, 660.0000000000000000 ) ) ;
#2231 = ORIENTED_EDGE ( 'NONE', *, *, #35, .T. ) ;
#2232 = CARTESIAN_POINT ( 'NONE',  ( -7.038596797884863100, -240.0000000000000300, 660.0000000000000000 ) ) ;
#2233 = PLANE ( 'NONE',  #1559 ) ;
#2234 = DIRECTION ( 'NONE',  ( 0.0000000000000000000, 0.0000000000000000000, -1.000000000000000000 ) ) ;
#2235 = VECTOR ( 'NONE', #2508, 1000.000000000000000 ) ;
#2236 = EDGE_LOOP ( 'NONE', ( #2565, #2823, #936, #3427, #4934, #1321 ) ) ;
#2237 = CARTESIAN_POINT ( 'NONE',  ( -66.74999999999992900, -66.74999999999992900, -700.0000000000000000 ) ) ;
#2238 = DIRECTION ( 'NONE',  ( -1.000000000000000000, 0.0000000000000000000, 0.0000000000000000000 ) ) ;
#2239 = ORIENTED_EDGE ( 'NONE', *, *, #3341, .F. ) ;
#2240 = DIRECTION ( 'NONE',  ( -4.625929269271481400E-015, -1.000000000000000000, 0.0000000000000000000 ) ) ;
#2241 = VERTEX_POINT ( 'NONE', #2805 ) ;
#2242 = FILL_AREA_STYLE ('',( #1743 ) ) ;
#2243 = ORIENTED_EDGE ( 'NONE', *, *, #3910, .F. ) ;
#2244 = DIRECTION ( 'NONE',  ( 0.0000000000000000000, 0.0000000000000000000, 1.000000000000000000 ) ) ;
#2245 = ORIENTED_EDGE ( 'NONE', *, *, #4926, .T. ) ;
#2246 = ORIENTED_EDGE ( 'NONE', *, *, #4121, .T. ) ;
#2247 = DIRECTION ( 'NONE',  ( 0.0000000000000000000, 0.0000000000000000000, 1.000000000000000000 ) ) ;
#2248 = LINE ( 'NONE', #4804, #292 ) ;
#2249 = ORIENTED_EDGE ( 'NONE', *, *, #3173, .T. ) ;
#2250 = VECTOR ( 'NONE', #4168, 1000.000000000000000 ) ;
#2251 = CARTESIAN_POINT ( 'NONE',  ( 56.50000000000025600, 23.00000000000000000, -97.31906288081471200 ) ) ;
#2252 = DIRECTION ( 'NONE',  ( 0.0000000000000000000, 0.0000000000000000000, 1.000000000000000000 ) ) ;
#2253 = DIRECTION ( 'NONE',  ( 0.0000000000000000000, 0.0000000000000000000, 1.000000000000000000 ) ) ;
#2254 = FACE_OUTER_BOUND ( 'NONE', #1549, .T. ) ;
#2255 = VECTOR ( 'NONE', #2947, 1000.000000000000000 ) ;
#2256 = CARTESIAN_POINT ( 'NONE',  ( 37.50000000000008500, 320.9999999999999400, -700.0000000000000000 ) ) ;
#2257 = LINE ( 'NONE', #1195, #1417 ) ;
#2258 = AXIS2_PLACEMENT_3D ( 'NONE', #378, #3033, #4555 ) ;
#2259 = CARTESIAN_POINT ( 'NONE',  ( 85.99999999999987200, 13.99999999999999800, -99.52009847262000600 ) ) ;
#2260 = LINE ( 'NONE', #2095, #47 ) ;
#2261 = CARTESIAN_POINT ( 'NONE',  ( 57.50000000000009900, -286.0000000000000600, -700.0000000000000000 ) ) ;
#2262 = ADVANCED_FACE ( 'NONE', ( #1336 ), #1985, .F. ) ;
#2263 = FACE_OUTER_BOUND ( 'NONE', #169, .T. ) ;
#2264 = EDGE_CURVE ( 'NONE', #236, #4099, #3026, .T. ) ;
#2265 = FILL_AREA_STYLE_COLOUR ( '', #3017 ) ;
#2266 = VECTOR ( 'NONE', #534, 1000.000000000000000 ) ;
#2267 = ORIENTED_EDGE ( 'NONE', *, *, #4816, .T. ) ;
#2268 = EDGE_CURVE ( 'NONE', #1612, #4232, #647, .T. ) ;
#2269 = CARTESIAN_POINT ( 'NONE',  ( 37.50000000000014900, -9.586629735661305400E-015, 0.0000000000000000000 ) ) ;
#2270 = ORIENTED_EDGE ( 'NONE', *, *, #3378, .T. ) ;
#2271 = VECTOR ( 'NONE', #49, 1000.000000000000000 ) ;
#2272 = CARTESIAN_POINT ( 'NONE',  ( -15.00000000000004100, 240.0000000000000000, -673.2500000000000000 ) ) ;
#2273 = AXIS2_PLACEMENT_3D ( 'NONE', #1569, #779, #3436 ) ;
#2274 = CARTESIAN_POINT ( 'NONE',  ( 85.49999999999998600, 13.99999999999999800, 99.01515035589251600 ) ) ;
#2275 = LINE ( 'NONE', #2518, #2402 ) ;
#2276 = CARTESIAN_POINT ( 'NONE',  ( 85.66666248187280500, 13.99999999999999800, -99.18347053848458500 ) ) ;
#2277 = LINE ( 'NONE', #4340, #1444 ) ;
#2278 = LINE ( 'NONE', #4041, #1260 ) ;
#2279 = CARTESIAN_POINT ( 'NONE',  ( 87.50000000000009900, 165.5000000000002600, 700.0000000000000000 ) ) ;
#2280 = VERTEX_POINT ( 'NONE', #179 ) ;
#2281 = EDGE_CURVE ( 'NONE', #692, #3899, #704, .T. ) ;
#2282 = DIRECTION ( 'NONE',  ( 0.0000000000000000000, -0.0000000000000000000, -1.000000000000000000 ) ) ;
#2283 = CIRCLE ( 'NONE', #3551, 3.399999999999958600 ) ;
#2284 = DIRECTION ( 'NONE',  ( 0.0000000000000000000, 0.0000000000000000000, 1.000000000000000000 ) ) ;
#2285 = CARTESIAN_POINT ( 'NONE',  ( 39.50000000000012100, -173.0000000000000000, 700.0000000000000000 ) ) ;
#2286 = CARTESIAN_POINT ( 'NONE',  ( 56.50000000000003600, -23.00000000000000000, 700.0000000000000000 ) ) ;
#2287 = VERTEX_POINT ( 'NONE', #1309 ) ;
#2288 = ADVANCED_FACE ( 'NONE', ( #397 ), #3254, .F. ) ;
#2289 = CARTESIAN_POINT ( 'NONE',  ( 56.49999999999995000, 277.0000000000000000, 700.0000000000000000 ) ) ;
#2290 = ORIENTED_EDGE ( 'NONE', *, *, #3460, .F. ) ;
#2291 = DIRECTION ( 'NONE',  ( -0.0000000000000000000, -0.0000000000000000000, -1.000000000000000000 ) ) ;
#2292 = ORIENTED_EDGE ( 'NONE', *, *, #133, .T. ) ;
#2293 = CARTESIAN_POINT ( 'NONE',  ( 86.00000000000004300, 136.0000000000000000, 700.0000000000000000 ) ) ;
#2294 = CARTESIAN_POINT ( 'NONE',  ( 37.50000000000014900, 20.99999999999999300, 97.77013859047156100 ) ) ;
#2295 = AXIS2_PLACEMENT_3D ( 'NONE', #1206, #68, #456 ) ;
#2296 = UNCERTAINTY_MEASURE_WITH_UNIT (LENGTH_MEASURE( 1.000000000000000100E-005 ), #518, 'distance_accuracy_value', 'NONE');
#2297 = VERTEX_POINT ( 'NONE', #1013 ) ;
#2298 = DIRECTION ( 'NONE',  ( -1.000000000000000000, 0.0000000000000000000, 0.0000000000000000000 ) ) ;
#2299 = CARTESIAN_POINT ( 'NONE',  ( 39.50000000000012100, 173.0000000000000000, 700.0000000000000000 ) ) ;
#2300 = ORIENTED_EDGE ( 'NONE', *, *, #2226, .F. ) ;
#2301 = ORIENTED_EDGE ( 'NONE', *, *, #3628, .F. ) ;
#2302 = ORIENTED_EDGE ( 'NONE', *, *, #258, .F. ) ;
#2303 = ORIENTED_EDGE ( 'NONE', *, *, #4476, .F. ) ;
#2304 =( NAMED_UNIT ( * ) SI_UNIT ( $, .STERADIAN. ) SOLID_ANGLE_UNIT ( ) );
#2305 = CARTESIAN_POINT ( 'NONE',  ( 57.50000000000014900, -22.00000000000011400, 700.0000000000000000 ) ) ;
#2306 = VERTEX_POINT ( 'NONE', #3269 ) ;
#2307 = VECTOR ( 'NONE', #3493, 1000.000000000000000 ) ;
#2308 = ORIENTED_EDGE ( 'NONE', *, *, #4388, .F. ) ;
#2309 = VECTOR ( 'NONE', #3631, 1000.000000000000100 ) ;
#2310 = ORIENTED_EDGE ( 'NONE', *, *, #4336, .F. ) ;
#2311 = FACE_OUTER_BOUND ( 'NONE', #2424, .T. ) ;
#2312 = PLANE ( 'NONE',  #4914 ) ;
#2313 = CARTESIAN_POINT ( 'NONE',  ( 85.99999999999987200, 13.99999999999999800, 700.0000000000000000 ) ) ;
#2314 = ORIENTED_EDGE ( 'NONE', *, *, #2829, .F. ) ;
#2315 = ADVANCED_FACE ( 'NONE', ( #2115 ), #623, .T. ) ;
#2316 = LINE ( 'NONE', #600, #4070 ) ;
#2317 = DIRECTION ( 'NONE',  ( -1.000000000000000000, -0.0000000000000000000, -0.0000000000000000000 ) ) ;
#2318 = LINE ( 'NONE', #418, #3652 ) ;
#2319 = DIRECTION ( 'NONE',  ( -0.0000000000000000000, -0.0000000000000000000, -1.000000000000000000 ) ) ;
#2320 = VERTEX_POINT ( 'NONE', #1699 ) ;
#2321 = FACE_OUTER_BOUND ( 'NONE', #4057, .T. ) ;
#2322 = CARTESIAN_POINT ( 'NONE',  ( 87.50000000000000000, -420.0000000000000000, 700.0000000000000000 ) ) ;
#2323 = AXIS2_PLACEMENT_3D ( 'NONE', #4720, #3946, #3248 ) ;
#2324 = ORIENTED_EDGE ( 'NONE', *, *, #4271, .F. ) ;
#2325 = APPLICATION_PROTOCOL_DEFINITION ( 'draft international standard', 'automotive_design', 1998, #1930 ) ;
#2326 = ORIENTED_EDGE ( 'NONE', *, *, #1095, .T. ) ;
#2327 = CARTESIAN_POINT ( 'NONE',  ( 57.50000000000014900, -22.00000000000011400, 97.54998718605756400 ) ) ;
#2328 = EDGE_CURVE ( 'NONE', #4626, #317, #1517, .T. ) ;
#2329 = DIRECTION ( 'NONE',  ( 0.0000000000000000000, 0.0000000000000000000, -1.000000000000000000 ) ) ;
#2330 = STYLED_ITEM ( 'NONE', ( #1353 ), #1662 ) ;
#2331 = DIRECTION ( 'NONE',  ( 1.000000000000000000, 0.0000000000000000000, 0.0000000000000000000 ) ) ;
#2332 = VERTEX_POINT ( 'NONE', #4390 ) ;
#2333 = VECTOR ( 'NONE', #4848, 1000.000000000000000 ) ;
#2334 = CARTESIAN_POINT ( 'NONE',  ( 57.50000000000009900, -286.0000000000000600, 700.0000000000000000 ) ) ;
#2335 = CARTESIAN_POINT ( 'NONE',  ( -32.49999999999999300, -393.7500000000000000, 681.6000000000000200 ) ) ;
#2336 = CONICAL_SURFACE ( 'NONE', #1512, 3.399999999999958600, 1.029744258676654100 ) ;
#2337 = VERTEX_POINT ( 'NONE', #4778 ) ;
#2338 = CARTESIAN_POINT ( 'NONE',  ( 56.50000000000025600, 23.00000000000000000, 700.0000000000000000 ) ) ;
#2339 = COLOUR_RGB ( '',0.6470588235294118000, 0.6196078431372549200, 0.5882352941176470800 ) ;
#2340 = VERTEX_POINT ( 'NONE', #2061 ) ;
#2341 = AXIS2_PLACEMENT_3D ( 'NONE', #3181, #3518, #1281 ) ;
#2342 = DIRECTION ( 'NONE',  ( 0.0000000000000000000, 0.0000000000000000000, 1.000000000000000000 ) ) ;
#2343 = ORIENTED_EDGE ( 'NONE', *, *, #3178, .T. ) ;
#2344 = VECTOR ( 'NONE', #4773, 1000.000000000000000 ) ;
#2345 = DIRECTION ( 'NONE',  ( 0.0000000000000000000, 0.0000000000000000000, 1.000000000000000000 ) ) ;
#2346 = ADVANCED_FACE ( 'NONE', ( #1889 ), #1760, .F. ) ;
#2347 = DIRECTION ( 'NONE',  ( -1.000000000000000000, 0.0000000000000000000, 0.0000000000000000000 ) ) ;
#2348 = DIRECTION ( 'NONE',  ( -0.0000000000000000000, -1.000000000000000000, -0.0000000000000000000 ) ) ;
#2349 = CARTESIAN_POINT ( 'NONE',  ( 57.50000000000006400, -278.0000000000001100, 700.0000000000000000 ) ) ;
#2350 = EDGE_LOOP ( 'NONE', ( #1505, #1891, #2292, #3646 ) ) ;
#2351 = CARTESIAN_POINT ( 'NONE',  ( -62.49999999999999300, -393.7500000000000000, 598.3999999999999800 ) ) ;
#2352 = DIRECTION ( 'NONE',  ( -0.7071067811865474600, 0.7071067811865474600, -0.0000000000000000000 ) ) ;
#2353 = LINE ( 'NONE', #1080, #3620 ) ;
#2354 = ORIENTED_EDGE ( 'NONE', *, *, #3954, .F. ) ;
#2355 = CARTESIAN_POINT ( 'NONE',  ( -32.49999999999999300, -420.0000000000000000, -684.9999999999998900 ) ) ;
#2356 = CARTESIAN_POINT ( 'NONE',  ( -15.00000000000004100, -240.0000000000000000, 646.7500000000000000 ) ) ;
#2357 = ORIENTED_EDGE ( 'NONE', *, *, #568, .F. ) ;
#2358 = SURFACE_SIDE_STYLE ('',( #4269 ) ) ;
#2359 = AXIS2_PLACEMENT_3D ( 'NONE', #1689, #4726, #2464 ) ;
#2360 = VERTEX_POINT ( 'NONE', #2525 ) ;
#2361 = ORIENTED_EDGE ( 'NONE', *, *, #4694, .T. ) ;
#2362 = EDGE_CURVE ( 'NONE', #3993, #2241, #4809, .T. ) ;
#2363 = UNCERTAINTY_MEASURE_WITH_UNIT (LENGTH_MEASURE( 1.000000000000000100E-005 ), #3743, 'distance_accuracy_value', 'NONE');
#2364 = CARTESIAN_POINT ( 'NONE',  ( 86.00000000000004300, 136.0000000000000000, -700.0000000000000000 ) ) ;
#2365 = AXIS2_PLACEMENT_3D ( 'NONE', #1348, #3989, #1316 ) ;
#2366 = ADVANCED_FACE ( 'NONE', ( #4180 ), #3261, .F. ) ;
#2367 = ORIENTED_EDGE ( 'NONE', *, *, #618, .T. ) ;
#2368 = ORIENTED_EDGE ( 'NONE', *, *, #4746, .F. ) ;
#2369 = EDGE_CURVE ( 'NONE', #754, #4488, #36, .T. ) ;
#2370 = ORIENTED_EDGE ( 'NONE', *, *, #1494, .T. ) ;
#2371 = EDGE_LOOP ( 'NONE', ( #2952, #637, #2, #767 ) ) ;
#2372 = STYLED_ITEM ( 'NONE', ( #4729 ), #3175 ) ;
#2373 = LINE ( 'NONE', #4786, #1947 ) ;
#2374 = CARTESIAN_POINT ( 'NONE',  ( 57.50000000000014900, 136.0000000000000000, 700.0000000000000000 ) ) ;
#2375 = CARTESIAN_POINT ( 'NONE',  ( 38.83488641741328700, -22.33488641741311700, 97.47625317783030100 ) ) ;
#2376 = VECTOR ( 'NONE', #3660, 1000.000000000000000 ) ;
#2377 = VECTOR ( 'NONE', #3766, 1000.000000000000000 ) ;
#2378 = EDGE_CURVE ( 'NONE', #3396, #33, #887, .T. ) ;
#2379 = CONICAL_SURFACE ( 'NONE', #2359, 3.399999999999958600, 1.029744258676654100 ) ;
#2380 = ORIENTED_EDGE ( 'NONE', *, *, #4406, .F. ) ;
#2381 = DIRECTION ( 'NONE',  ( 4.628810314515845800E-016, -0.7071067811865474600, 0.7071067811865474600 ) ) ;
#2382 = LINE ( 'NONE', #3021, #3658 ) ;
#2383 = ORIENTED_EDGE ( 'NONE', *, *, #3616, .T. ) ;
#2384 = LINE ( 'NONE', #3267, #1954 ) ;
#2385 = ORIENTED_EDGE ( 'NONE', *, *, #2094, .F. ) ;
#2386 = ORIENTED_EDGE ( 'NONE', *, *, #4024, .T. ) ;
#2387 = PRESENTATION_LAYER_ASSIGNMENT (  '', '', ( #787 ) ) ;
#2388 = VECTOR ( 'NONE', #2431, 1000.000000000000100 ) ;
#2389 = ORIENTED_EDGE ( 'NONE', *, *, #2742, .F. ) ;
#2390 = ADVANCED_FACE ( 'NONE', ( #3189 ), #3938, .F. ) ;
#2391 = EDGE_CURVE ( 'NONE', #2170, #2662, #2050, .T. ) ;
#2392 = DIRECTION ( 'NONE',  ( 1.000000000000000000, 0.0000000000000000000, 0.0000000000000000000 ) ) ;
#2393 = EDGE_LOOP ( 'NONE', ( #1140, #4216 ) ) ;
#2394 = EDGE_CURVE ( 'NONE', #4949, #1344, #4061, .T. ) ;
#2395 = DIRECTION ( 'NONE',  ( -0.0000000000000000000, -1.000000000000000000, -0.0000000000000000000 ) ) ;
#2396 = ORIENTED_EDGE ( 'NONE', *, *, #2163, .T. ) ;
#2397 = STYLED_ITEM ( 'NONE', ( #3517 ), #2844 ) ;
#2398 = DIRECTION ( 'NONE',  ( -0.0000000000000000000, -1.000000000000000000, -0.0000000000000000000 ) ) ;
#2399 = EDGE_CURVE ( 'NONE', #1990, #1864, #464, .T. ) ;
#2400 = FACE_OUTER_BOUND ( 'NONE', #293, .T. ) ;
#2401 = CARTESIAN_POINT ( 'NONE',  ( 87.50000000000009900, 165.5000000000002800, -700.0000000000000000 ) ) ;
#2402 = VECTOR ( 'NONE', #1807, 1000.000000000000100 ) ;
#2403 = ORIENTED_EDGE ( 'NONE', *, *, #2031, .T. ) ;
#2404 = PRESENTATION_LAYER_ASSIGNMENT (  '', '', ( #3897 ) ) ;
#2405 = VECTOR ( 'NONE', #3420, 1000.000000000000000 ) ;
#2406 = CARTESIAN_POINT ( 'NONE',  ( -87.50000000000000000, -417.5000000000000600, -700.0000000000000000 ) ) ;
#2407 = EDGE_CURVE ( 'NONE', #2950, #4108, #4307, .T. ) ;
#2408 = DIRECTION ( 'NONE',  ( 4.625929269271483700E-015, 1.000000000000000000, 0.0000000000000000000 ) ) ;
#2409 = SURFACE_STYLE_FILL_AREA ( #1753 ) ;
#2410 = ORIENTED_EDGE ( 'NONE', *, *, #799, .T. ) ;
#2411 = CYLINDRICAL_SURFACE ( 'NONE', #2341, 3.399999999999958600 ) ;
#2412 = CARTESIAN_POINT ( 'NONE',  ( -62.49999999999999300, -420.0000000000000000, -688.3999999999998600 ) ) ;
#2413 = ORIENTED_EDGE ( 'NONE', *, *, #2624, .F. ) ;
#2414 = DIRECTION ( 'NONE',  ( 0.0000000000000000000, 0.0000000000000000000, -1.000000000000000000 ) ) ;
#2415 = CYLINDRICAL_SURFACE ( 'NONE', #4330, 13.24999999999998400 ) ;
#2416 = CIRCLE ( 'NONE', #4313, 3.399999999999958600 ) ;
#2417 = CARTESIAN_POINT ( 'NONE',  ( -62.49999999999999300, -420.0000000000000000, 595.0000000000000000 ) ) ;
#2418 = ORIENTED_EDGE ( 'NONE', *, *, #3176, .F. ) ;
#2419 = CARTESIAN_POINT ( 'NONE',  ( 87.50000000000014200, 15.50000000000027700, -100.8154254070281400 ) ) ;
#2420 = ADVANCED_FACE ( 'NONE', ( #4068 ), #3435, .F. ) ;
#2421 = EDGE_CURVE ( 'NONE', #3937, #2017, #2562, .T. ) ;
#2422 = ORIENTED_EDGE ( 'NONE', *, *, #2268, .T. ) ;
#2423 = ORIENTED_EDGE ( 'NONE', *, *, #3029, .T. ) ;
#2424 = EDGE_LOOP ( 'NONE', ( #3474, #4468, #4494, #3528 ) ) ;
#2425 =( GEOMETRIC_REPRESENTATION_CONTEXT ( 3 ) GLOBAL_UNCERTAINTY_ASSIGNED_CONTEXT ( ( #1334 ) ) GLOBAL_UNIT_ASSIGNED_CONTEXT ( ( #4016, #3583, #3648 ) ) REPRESENTATION_CONTEXT ( 'NONE', 'WORKASPACE' ) );
#2426 = SURFACE_STYLE_USAGE ( .BOTH. , #4696 ) ;
#2427 = DIRECTION ( 'NONE',  ( -0.5773502691896269500, -0.5773502691896251800, -0.5773502691896251800 ) ) ;
#2428 = ORIENTED_EDGE ( 'NONE', *, *, #209, .T. ) ;
#2429 = ORIENTED_EDGE ( 'NONE', *, *, #2007, .F. ) ;
#2430 = VERTEX_POINT ( 'NONE', #2606 ) ;
#2431 = DIRECTION ( 'NONE',  ( -4.628810314515845800E-016, -0.7071067811865474600, -0.7071067811865474600 ) ) ;
#2432 = AXIS2_PLACEMENT_3D ( 'NONE', #263, #4409, #4866 ) ;
#2433 = FACE_OUTER_BOUND ( 'NONE', #1959, .T. ) ;
#2434 = ORIENTED_EDGE ( 'NONE', *, *, #3886, .F. ) ;
#2435 = EDGE_CURVE ( 'NONE', #2976, #2320, #3321, .T. ) ;
#2436 = FACE_OUTER_BOUND ( 'NONE', #2581, .T. ) ;
#2437 = ORIENTED_EDGE ( 'NONE', *, *, #1335, .F. ) ;
#2438 = CONICAL_SURFACE ( 'NONE', #4338, 3.399999999999958600, 1.029744258676654100 ) ;
#2439 = CARTESIAN_POINT ( 'NONE',  ( 57.50000000000006400, -278.0000000000001100, -700.0000000000000000 ) ) ;
#2440 = LINE ( 'NONE', #2289, #3138 ) ;
#2441 = CARTESIAN_POINT ( 'NONE',  ( -15.00000000000004100, -240.0000000000000000, -660.0000000000000000 ) ) ;
#2442 = CARTESIAN_POINT ( 'NONE',  ( 87.50000000000005700, 313.9999999999999400, 700.0000000000000000 ) ) ;
#2443 = ORIENTED_EDGE ( 'NONE', *, *, #3131, .F. ) ;
#2444 = CARTESIAN_POINT ( 'NONE',  ( -85.49999999999981500, -9.586629735661305400E-015, 0.0000000000000000000 ) ) ;
#2445 = DIRECTION ( 'NONE',  ( -6.546126324440779700E-016, 1.000000000000000000, -0.0000000000000000000 ) ) ;
#2446 = DIRECTION ( 'NONE',  ( -0.0000000000000000000, -1.000000000000000000, -0.0000000000000000000 ) ) ;
#2447 = CIRCLE ( 'NONE', #3988, 13.24999999999998400 ) ;
#2448 = ORIENTED_EDGE ( 'NONE', *, *, #238, .T. ) ;
#2449 = LINE ( 'NONE', #1011, #1424 ) ;
#2450 = CARTESIAN_POINT ( 'NONE',  ( 87.50000000000009900, 165.5000000000002800, 700.0000000000000000 ) ) ;
#2451 = EDGE_LOOP ( 'NONE', ( #2302, #2210, #2723, #4277 ) ) ;
#2452 = LINE ( 'NONE', #4250, #4264 ) ;
#2453 = ADVANCED_FACE ( 'NONE', ( #517 ), #942, .F. ) ;
#2454 = EDGE_LOOP ( 'NONE', ( #1605, #1629, #1821, #4927 ) ) ;
#2455 = AXIS2_PLACEMENT_3D ( 'NONE', #2417, #3169, #3984 ) ;
#2456 = DIRECTION ( 'NONE',  ( -1.000000000000000000, -0.0000000000000000000, -0.0000000000000000000 ) ) ;
#2457 = FILL_AREA_STYLE ('',( #2058 ) ) ;
#2458 = LINE ( 'NONE', #2040, #1791 ) ;
#2459 = EDGE_CURVE ( 'NONE', #490, #4077, #1338, .T. ) ;
#2460 = ORIENTED_EDGE ( 'NONE', *, *, #1182, .T. ) ;
#2461 =( NAMED_UNIT ( * ) PLANE_ANGLE_UNIT ( ) SI_UNIT ( $, .RADIAN. ) );
#2462 = VECTOR ( 'NONE', #3577, 1000.000000000000100 ) ;
#2463 = AXIS2_PLACEMENT_3D ( 'NONE', #4723, #3586, #2570 ) ;
#2464 = DIRECTION ( 'NONE',  ( 0.0000000000000000000, 0.0000000000000000000, -1.000000000000000000 ) ) ;
#2465 = ORIENTED_EDGE ( 'NONE', *, *, #1429, .F. ) ;
#2466 = CARTESIAN_POINT ( 'NONE',  ( 39.50000000000015600, -22.99999999999999600, -97.31906288081492600 ) ) ;
#2467 = FACE_OUTER_BOUND ( 'NONE', #567, .T. ) ;
#2468 =( LENGTH_UNIT ( ) NAMED_UNIT ( * ) SI_UNIT ( .MILLI., .METRE. ) );
#2469 = DIRECTION ( 'NONE',  ( -1.000000000000000000, -0.0000000000000000000, -0.0000000000000000000 ) ) ;
#2470 = ORIENTED_EDGE ( 'NONE', *, *, #4651, .T. ) ;
#2471 = VECTOR ( 'NONE', #550, 1000.000000000000000 ) ;
#2472 = ORIENTED_EDGE ( 'NONE', *, *, #1687, .T. ) ;
#2473 = ORIENTED_EDGE ( 'NONE', *, *, #1107, .F. ) ;
#2474 = PLANE ( 'NONE',  #1787 ) ;
#2475 = DIRECTION ( 'NONE',  ( 1.095614826932720100E-016, -1.000000000000000000, 0.0000000000000000000 ) ) ;
#2476 = ORIENTED_EDGE ( 'NONE', *, *, #2093, .F. ) ;
#2477 = AXIS2_PLACEMENT_3D ( 'NONE', #905, #2813, #1051 ) ;
#2478 = ORIENTED_EDGE ( 'NONE', *, *, #4115, .F. ) ;
#2479 = DIRECTION ( 'NONE',  ( 0.7071067811865474600, 0.7071067811865474600, -0.0000000000000000000 ) ) ;
#2480 = EDGE_CURVE ( 'NONE', #3876, #3889, #1627, .T. ) ;
#2481 = ORIENTED_EDGE ( 'NONE', *, *, #1114, .F. ) ;
#2482 = CARTESIAN_POINT ( 'NONE',  ( -15.00000000000004100, 240.0000000000000000, 660.0000000000000000 ) ) ;
#2483 = EDGE_CURVE ( 'NONE', #4863, #633, #2057, .T. ) ;
#2484 = ADVANCED_FACE ( 'NONE', ( #343 ), #4089, .F. ) ;
#2485 = ORIENTED_EDGE ( 'NONE', *, *, #2988, .F. ) ;
#2486 = DIRECTION ( 'NONE',  ( 0.0000000000000000000, 0.0000000000000000000, 1.000000000000000000 ) ) ;
#2487 = VECTOR ( 'NONE', #3164, 1000.000000000000000 ) ;
#2488 = ORIENTED_EDGE ( 'NONE', *, *, #3783, .T. ) ;
#2489 = DIRECTION ( 'NONE',  ( -4.649058915617843000E-015, 1.000000000000000000, 0.0000000000000000000 ) ) ;
#2490 =( NAMED_UNIT ( * ) PLANE_ANGLE_UNIT ( ) SI_UNIT ( $, .RADIAN. ) );
#2491 = VECTOR ( 'NONE', #2499, 1000.000000000000100 ) ;
#2492 = VECTOR ( 'NONE', #1896, 1000.000000000000000 ) ;
#2493 = ORIENTED_EDGE ( 'NONE', *, *, #2905, .F. ) ;
#2494 = VECTOR ( 'NONE', #1995, 1000.000000000000100 ) ;
#2495 = CARTESIAN_POINT ( 'NONE',  ( -62.49999999999999300, -393.7500000000000000, 681.6000000000000200 ) ) ;
#2496 = AXIS2_PLACEMENT_3D ( 'NONE', #898, #4236, #3496 ) ;
#2497 =( NAMED_UNIT ( * ) PLANE_ANGLE_UNIT ( ) SI_UNIT ( $, .RADIAN. ) );
#2498 = LINE ( 'NONE', #1151, #3381 ) ;
#2499 = DIRECTION ( 'NONE',  ( -0.7071067811865474600, -0.7071067811865474600, -0.0000000000000000000 ) ) ;
#2500 = DIRECTION ( 'NONE',  ( 0.0000000000000000000, 0.0000000000000000000, 1.000000000000000000 ) ) ;
#2501 = ADVANCED_FACE ( 'NONE', ( #3820 ), #1056, .F. ) ;
#2502 = CARTESIAN_POINT ( 'NONE',  ( 57.50000000000006400, -322.0000000000000600, 700.0000000000000000 ) ) ;
#2503 = SURFACE_STYLE_FILL_AREA ( #2242 ) ;
#2504 = DIRECTION ( 'NONE',  ( 1.049727191138618400E-016, -0.5150380749100544900, 0.8571673007021121100 ) ) ;
#2505 = VERTEX_POINT ( 'NONE', #3385 ) ;
#2506 = DIRECTION ( 'NONE',  ( -1.000000000000000000, -0.0000000000000000000, -0.0000000000000000000 ) ) ;
#2507 = DIRECTION ( 'NONE',  ( -4.625929269271481400E-015, 1.000000000000000000, 0.0000000000000000000 ) ) ;
#2508 = DIRECTION ( 'NONE',  ( -0.0000000000000000000, -0.0000000000000000000, -1.000000000000000000 ) ) ;
#2509 = LINE ( 'NONE', #1469, #1840 ) ;
#2510 = EDGE_LOOP ( 'NONE', ( #3862, #3815, #555 ) ) ;
#2511 = DIRECTION ( 'NONE',  ( -1.000000000000000000, 0.0000000000000000000, 0.0000000000000000000 ) ) ;
#2512 = CARTESIAN_POINT ( 'NONE',  ( -32.49999999999998600, -393.7500000000000000, -591.6000000000000200 ) ) ;
#2513 = LINE ( 'NONE', #3300, #1088 ) ;
#2514 = ORIENTED_EDGE ( 'NONE', *, *, #2688, .F. ) ;
#2515 = CARTESIAN_POINT ( 'NONE',  ( 57.50000000000014900, -163.9999999999999700, 700.0000000000000000 ) ) ;
#2516 = UNCERTAINTY_MEASURE_WITH_UNIT (LENGTH_MEASURE( 1.000000000000000100E-005 ), #1427, 'distance_accuracy_value', 'NONE');
#2517 = CARTESIAN_POINT ( 'NONE',  ( -15.00000000000004100, -240.0000000000000000, -660.0000000000000000 ) ) ;
#2518 = CARTESIAN_POINT ( 'NONE',  ( -141.7499999999999400, 141.7499999999999400, -700.0000000000000000 ) ) ;
#2519 = VERTEX_POINT ( 'NONE', #1143 ) ;
#2520 = AXIS2_PLACEMENT_3D ( 'NONE', #4901, #718, #4146 ) ;
#2521 = LINE ( 'NONE', #740, #3739 ) ;
#2522 = ORIENTED_EDGE ( 'NONE', *, *, #3187, .T. ) ;
#2523 = CARTESIAN_POINT ( 'NONE',  ( 57.50000000000024900, -9.586629735661305400E-015, 0.0000000000000000000 ) ) ;
#2524 = EDGE_CURVE ( 'NONE', #1856, #490, #935, .T. ) ;
#2525 = CARTESIAN_POINT ( 'NONE',  ( 85.49999999999998600, -13.99999999999999800, 99.01515035589251600 ) ) ;
#2526 = LINE ( 'NONE', #786, #4910 ) ;
#2527 = MECHANICAL_DESIGN_GEOMETRIC_PRESENTATION_REPRESENTATION (  '', ( #3185 ), #291 ) ;
#2528 = CYLINDRICAL_SURFACE ( 'NONE', #1324, 3.399999999999958600 ) ;
#2529 = FACE_OUTER_BOUND ( 'NONE', #305, .T. ) ;
#2530 = VERTEX_POINT ( 'NONE', #700 ) ;
#2531 = LINE ( 'NONE', #735, #4163 ) ;
#2532 = EDGE_CURVE ( 'NONE', #99, #3935, #4299, .T. ) ;
#2533 = DIRECTION ( 'NONE',  ( 0.0000000000000000000, 0.0000000000000000000, 1.000000000000000000 ) ) ;
#2534 = EDGE_LOOP ( 'NONE', ( #1968, #481, #3878, #989 ) ) ;
#2535 = DIRECTION ( 'NONE',  ( 0.0000000000000000000, 0.0000000000000000000, -1.000000000000000000 ) ) ;
#2536 = VERTEX_POINT ( 'NONE', #3756 ) ;
#2537 = VECTOR ( 'NONE', #3339, 1000.000000000000000 ) ;
#2538 = ORIENTED_EDGE ( 'NONE', *, *, #424, .T. ) ;
#2539 = DIRECTION ( 'NONE',  ( -0.0000000000000000000, -1.000000000000000000, -0.0000000000000000000 ) ) ;
#2540 = AXIS2_PLACEMENT_3D ( 'NONE', #672, #3327, #1805 ) ;
#2541 = PLANE ( 'NONE',  #4606 ) ;
#2542 = CARTESIAN_POINT ( 'NONE',  ( -62.49999999999999300, -420.0000000000000000, 684.9999999999998900 ) ) ;
#2543 = EDGE_LOOP ( 'NONE', ( #3349, #2300, #4103, #3527 ) ) ;
#2544 = ORIENTED_EDGE ( 'NONE', *, *, #3534, .T. ) ;
#2545 = CARTESIAN_POINT ( 'NONE',  ( 86.00000000000000000, 286.0000000000000600, 700.0000000000000000 ) ) ;
#2546 = CARTESIAN_POINT ( 'NONE',  ( 87.50000000000014200, 2.659838255812227500E-015, -100.0000000000000000 ) ) ;
#2547 = EDGE_CURVE ( 'NONE', #33, #1460, #3879, .T. ) ;
#2548 = CARTESIAN_POINT ( 'NONE',  ( -35.24999999999988600, -35.24999999999988600, -700.0000000000000000 ) ) ;
#2549 = DIRECTION ( 'NONE',  ( 0.0000000000000000000, 0.0000000000000000000, -1.000000000000000000 ) ) ;
#2550 = CARTESIAN_POINT ( 'NONE',  ( -15.00000000000004100, 240.0000000000000000, 646.7500000000000000 ) ) ;
#2551 = DIRECTION ( 'NONE',  ( 7.747166736926520100E-017, -0.7071067811865474600, 0.7071067811865474600 ) ) ;
#2552 = VERTEX_POINT ( 'NONE', #1503 ) ;
#2553 = CARTESIAN_POINT ( 'NONE',  ( -15.00000000000004100, 240.0000000000000000, 660.0000000000000000 ) ) ;
#2554 = DIRECTION ( 'NONE',  ( -1.000000000000000000, 0.0000000000000000000, 0.0000000000000000000 ) ) ;
#2555 = VERTEX_POINT ( 'NONE', #2256 ) ;
#2556 = ORIENTED_EDGE ( 'NONE', *, *, #3793, .F. ) ;
#2557 = ORIENTED_EDGE ( 'NONE', *, *, #324, .T. ) ;
#2558 = AXIS2_PLACEMENT_3D ( 'NONE', #3507, #1240, #3873 ) ;
#2559 = DIRECTION ( 'NONE',  ( 0.0000000000000000000, -0.0000000000000000000, -1.000000000000000000 ) ) ;
#2560 = VECTOR ( 'NONE', #858, 1000.000000000000100 ) ;
#2561 = DIRECTION ( 'NONE',  ( 1.000000000000000000, -0.0000000000000000000, -0.0000000000000000000 ) ) ;
#2562 = LINE ( 'NONE', #4426, #1581 ) ;
#2563 = ORIENTED_EDGE ( 'NONE', *, *, #4048, .T. ) ;
#2564 = VECTOR ( 'NONE', #3340, 1000.000000000000000 ) ;
#2565 = ORIENTED_EDGE ( 'NONE', *, *, #3601, .T. ) ;
#2566 = LINE ( 'NONE', #3814, #1720 ) ;
#2567 = CARTESIAN_POINT ( 'NONE',  ( 38.16819639670780600, -21.66819639670764300, -97.62661701493563300 ) ) ;
#2568 = CARTESIAN_POINT ( 'NONE',  ( 87.50000000000009900, -134.4999999999999400, 700.0000000000000000 ) ) ;
#2569 = ORIENTED_EDGE ( 'NONE', *, *, #4469, .T. ) ;
#2570 = DIRECTION ( 'NONE',  ( 0.0000000000000000000, 0.0000000000000000000, -1.000000000000000000 ) ) ;
#2571 = EDGE_CURVE ( 'NONE', #2573, #4953, #2951, .T. ) ;
#2572 = CARTESIAN_POINT ( 'NONE',  ( 57.50000000000009900, -286.0000000000000600, -700.0000000000000000 ) ) ;
#2573 = VERTEX_POINT ( 'NONE', #4932 ) ;
#2574 = DIRECTION ( 'NONE',  ( -0.7071067811865475700, -0.7071067811865475700, 0.0000000000000000000 ) ) ;
#2575 = CARTESIAN_POINT ( 'NONE',  ( 39.50000000000008500, 322.9999999999999400, 700.0000000000000000 ) ) ;
#2576 = FACE_OUTER_BOUND ( 'NONE', #158, .T. ) ;
#2577 = FILL_AREA_STYLE_COLOUR ( '', #4392 ) ;
#2578 = LINE ( 'NONE', #4181, #4085 ) ;
#2579 = ORIENTED_EDGE ( 'NONE', *, *, #4219, .F. ) ;
#2580 = DIRECTION ( 'NONE',  ( 0.0000000000000000000, 0.0000000000000000000, 1.000000000000000000 ) ) ;
#2581 = EDGE_LOOP ( 'NONE', ( #2569, #3404, #1633, #4182 ) ) ;
#2582 = CARTESIAN_POINT ( 'NONE',  ( -87.50000000000000000, -420.0000000000000000, 700.0000000000000000 ) ) ;
#2583 = DIRECTION ( 'NONE',  ( -0.7071067811865474600, -0.7071067811865474600, -0.0000000000000000000 ) ) ;
#2584 = AXIS2_PLACEMENT_3D ( 'NONE', #224, #2907, #4012 ) ;
#2585 = VECTOR ( 'NONE', #2964, 1000.000000000000000 ) ;
#2586 = DIRECTION ( 'NONE',  ( -0.0000000000000000000, -1.000000000000000000, -0.0000000000000000000 ) ) ;
#2587 = DIRECTION ( 'NONE',  ( -1.000000000000000000, 0.0000000000000000000, 0.0000000000000000000 ) ) ;
#2588 = CARTESIAN_POINT ( 'NONE',  ( 57.50000000000014900, -136.0000000000000000, 700.0000000000000000 ) ) ;
#2589 = DIRECTION ( 'NONE',  ( 0.0000000000000000000, 0.0000000000000000000, -1.000000000000000000 ) ) ;
#2590 = EDGE_CURVE ( 'NONE', #819, #1076, #1762, .T. ) ;
#2591 = CARTESIAN_POINT ( 'NONE',  ( 37.50000000000014900, -21.00000000000000000, -700.0000000000000000 ) ) ;
#2592 = PRESENTATION_LAYER_ASSIGNMENT (  '', '', ( #2330 ) ) ;
#2593 = CIRCLE ( 'NONE', #1263, 3.399999999999958600 ) ;
#2594 = DIRECTION ( 'NONE',  ( -0.0000000000000000000, -1.000000000000000000, -0.0000000000000000000 ) ) ;
#2595 = CARTESIAN_POINT ( 'NONE',  ( -32.49999999999999300, -420.0000000000000000, 684.9999999999998900 ) ) ;
#2596 = ORIENTED_EDGE ( 'NONE', *, *, #2214, .T. ) ;
#2597 = MECHANICAL_DESIGN_GEOMETRIC_PRESENTATION_REPRESENTATION (  '', ( #2752 ), #2998 ) ;
#2598 = ADVANCED_FACE ( 'NONE', ( #3695 ), #747, .F. ) ;
#2599 = DIRECTION ( 'NONE',  ( 0.0000000000000000000, 0.0000000000000000000, -1.000000000000000000 ) ) ;
#2600 = DIRECTION ( 'NONE',  ( -0.7071067811864690800, 0.7071067811866260700, 0.0000000000000000000 ) ) ;
#2601 = CARTESIAN_POINT ( 'NONE',  ( 57.50000000000018500, 13.99999999999999600, -700.0000000000000000 ) ) ;
#2602 = ORIENTED_EDGE ( 'NONE', *, *, #1025, .T. ) ;
#2603 = ORIENTED_EDGE ( 'NONE', *, *, #4936, .T. ) ;
#2604 = ORIENTED_EDGE ( 'NONE', *, *, #2923, .F. ) ;
#2605 = DIRECTION ( 'NONE',  ( 1.049727191138618400E-016, -0.5150380749100544900, 0.8571673007021121100 ) ) ;
#2606 = CARTESIAN_POINT ( 'NONE',  ( -62.49999999999999300, -420.0000000000000000, -681.6000000000000200 ) ) ;
#2607 = B_SPLINE_CURVE_WITH_KNOTS ( 'NONE', 3,
 ( #1319, #3926, #603, #1673 ),
 .UNSPECIFIED., .F., .F.,
 ( 4, 4 ),
 ( 2.145734436807298700E-017, 0.002485532511757052000 ),
 .UNSPECIFIED. ) ;
#2608 = FACE_OUTER_BOUND ( 'NONE', #4660, .T. ) ;
#2609 = ORIENTED_EDGE ( 'NONE', *, *, #581, .T. ) ;
#2610 = VECTOR ( 'NONE', #2149, 1000.000000000000000 ) ;
#2611 = CONICAL_SURFACE ( 'NONE', #3691, 3.399999999999958600, 1.029744258676654100 ) ;
#2612 = CARTESIAN_POINT ( 'NONE',  ( 39.50000000000015600, -22.99999999999999600, 97.31906288081492600 ) ) ;
#2613 = DIRECTION ( 'NONE',  ( -0.7071067811864690800, 0.7071067811866260700, 0.0000000000000000000 ) ) ;
#2614 = CARTESIAN_POINT ( 'NONE',  ( 87.50000000000009900, 165.5000000000002600, 700.0000000000000000 ) ) ;
#2615 = VECTOR ( 'NONE', #1049, 1000.000000000000000 ) ;
#2616 = AXIS2_PLACEMENT_3D ( 'NONE', #313, #1132, #2973 ) ;
#2617 = DIRECTION ( 'NONE',  ( 0.7071067811865462400, 0.7071067811865489100, -0.0000000000000000000 ) ) ;
#2618 = CARTESIAN_POINT ( 'NONE',  ( -62.49999999999999300, -420.0000000000000000, -595.0000000000000000 ) ) ;
#2619 = ADVANCED_FACE ( 'NONE', ( #272 ), #1455, .T. ) ;
#2620 = LINE ( 'NONE', #2650, #2792 ) ;
#2621 = VECTOR ( 'NONE', #3292, 1000.000000000000000 ) ;
#2622 = EDGE_CURVE ( 'NONE', #2505, #4471, #3633, .T. ) ;
#2623 = PRESENTATION_LAYER_ASSIGNMENT (  '', '', ( #4282 ) ) ;
#2624 = EDGE_CURVE ( 'NONE', #2665, #4557, #1255, .T. ) ;
#2625 = LINE ( 'NONE', #2966, #1079 ) ;
#2626 = CARTESIAN_POINT ( 'NONE',  ( -85.49999999999981500, -9.586629735661305400E-015, 0.0000000000000000000 ) ) ;
#2627 = LINE ( 'NONE', #3121, #1543 ) ;
#2628 = VERTEX_POINT ( 'NONE', #308 ) ;
#2629 = CARTESIAN_POINT ( 'NONE',  ( 56.49999999999995000, 277.0000000000000000, 700.0000000000000000 ) ) ;
#2630 = CARTESIAN_POINT ( 'NONE',  ( -15.00000000000004100, -240.0000000000000000, -673.2500000000000000 ) ) ;
#2631 = CARTESIAN_POINT ( 'NONE',  ( 39.50000000000012100, 173.0000000000000000, -700.0000000000000000 ) ) ;
#2632 = EDGE_CURVE ( 'NONE', #4232, #3099, #4852, .T. ) ;
#2633 = ORIENTED_EDGE ( 'NONE', *, *, #1839, .T. ) ;
#2634 = CARTESIAN_POINT ( 'NONE',  ( -62.49999999999999300, -420.0000000000000000, 598.3999999999999800 ) ) ;
#2635 = DIRECTION ( 'NONE',  ( 1.000000000000000000, 4.625929269271481400E-015, -0.0000000000000000000 ) ) ;
#2636 = VECTOR ( 'NONE', #1677, 1000.000000000000100 ) ;
#2637 = ADVANCED_FACE ( 'NONE', ( #3810 ), #2173, .F. ) ;
#2638 = SURFACE_STYLE_FILL_AREA ( #2985 ) ;
#2639 = DIRECTION ( 'NONE',  ( -0.0000000000000000000, -1.000000000000000000, -0.0000000000000000000 ) ) ;
#2640 = SURFACE_SIDE_STYLE ('',( #1815 ) ) ;
#2641 = VECTOR ( 'NONE', #983, 1000.000000000000000 ) ;
#2642 = EDGE_CURVE ( 'NONE', #1463, #4860, #1638, .T. ) ;
#2643 = ORIENTED_EDGE ( 'NONE', *, *, #3665, .F. ) ;
#2644 = VERTEX_POINT ( 'NONE', #3060 ) ;
#2645 = PRESENTATION_LAYER_ASSIGNMENT (  '', '', ( #2397 ) ) ;
#2646 = EDGE_CURVE ( 'NONE', #1473, #2837, #4287, .T. ) ;
#2647 = ORIENTED_EDGE ( 'NONE', *, *, #3819, .T. ) ;
#2648 = CARTESIAN_POINT ( 'NONE',  ( -87.50000000000000000, -420.0000000000000000, -697.5000000000000000 ) ) ;
#2649 = PRESENTATION_STYLE_ASSIGNMENT (( #101 ) ) ;
#2650 = CARTESIAN_POINT ( 'NONE',  ( 56.50000000000025600, 23.00000000000000000, 700.0000000000000000 ) ) ;
#2651 = VERTEX_POINT ( 'NONE', #390 ) ;
#2652 = CARTESIAN_POINT ( 'NONE',  ( 37.50000000000008500, 322.9999999999999400, 700.0000000000000000 ) ) ;
#2653 = AXIS2_PLACEMENT_3D ( 'NONE', #165, #431, #3556 ) ;
#2654 = ORIENTED_EDGE ( 'NONE', *, *, #4882, .F. ) ;
#2655 = CARTESIAN_POINT ( 'NONE',  ( -15.00000000000004100, 240.0000000000000000, 660.0000000000000000 ) ) ;
#2656 = CARTESIAN_POINT ( 'NONE',  ( 87.50000000000014200, 15.50000000000027700, 100.8154254070281400 ) ) ;
#2657 = EDGE_LOOP ( 'NONE', ( #1529, #3694, #2673, #4832 ) ) ;
#2658 =( LENGTH_UNIT ( ) NAMED_UNIT ( * ) SI_UNIT ( .MILLI., .METRE. ) );
#2659 = EDGE_CURVE ( 'NONE', #3519, #995, #3572, .T. ) ;
#2660 = VERTEX_POINT ( 'NONE', #2286 ) ;
#2661 = DIRECTION ( 'NONE',  ( 0.7071067811865475700, 0.7071067811865475700, -0.0000000000000000000 ) ) ;
#2662 = VERTEX_POINT ( 'NONE', #1526 ) ;
#2663 = DIRECTION ( 'NONE',  ( 0.0000000000000000000, 0.0000000000000000000, 1.000000000000000000 ) ) ;
#2664 = ADVANCED_FACE ( 'NONE', ( #4599 ), #1918, .F. ) ;
#2665 = VERTEX_POINT ( 'NONE', #3030 ) ;
#2666 = UNCERTAINTY_MEASURE_WITH_UNIT (LENGTH_MEASURE( 1.000000000000000100E-005 ), #2992, 'distance_accuracy_value', 'NONE');
#2667 = DIRECTION ( 'NONE',  ( -0.5150380749100554900, 1.049727191138617700E-016, -0.8571673007021115600 ) ) ;
#2668 = VECTOR ( 'NONE', #4624, 1000.000000000000000 ) ;
#2669 = EDGE_LOOP ( 'NONE', ( #666, #1981, #4367, #2815 ) ) ;
#2670 = PLANE ( 'NONE',  #1624 ) ;
#2671 = DIRECTION ( 'NONE',  ( 0.0000000000000000000, 0.0000000000000000000, 1.000000000000000000 ) ) ;
#2672 = LINE ( 'NONE', #4199, #652 ) ;
#2673 = ORIENTED_EDGE ( 'NONE', *, *, #4310, .T. ) ;
#2674 = LINE ( 'NONE', #4883, #1410 ) ;
#2675 = EDGE_LOOP ( 'NONE', ( #1399, #3978, #1286, #4764 ) ) ;
#2676 = EDGE_CURVE ( 'NONE', #1415, #1439, #139, .T. ) ;
#2677 = FACE_OUTER_BOUND ( 'NONE', #4510, .T. ) ;
#2678 = PRESENTATION_LAYER_ASSIGNMENT (  '', '', ( #3282 ) ) ;
#2679 = DIRECTION ( 'NONE',  ( 0.7071067811865462400, 0.7071067811865489100, -0.0000000000000000000 ) ) ;
#2680 = CONICAL_SURFACE ( 'NONE', #4302, 100.0000000000000000, 0.7853981633974552700 ) ;
#2681 = DIRECTION ( 'NONE',  ( -0.7071067811865475700, -0.7071067811865475700, -0.0000000000000000000 ) ) ;
#2682 = LINE ( 'NONE', #4897, #957 ) ;
#2683 = ORIENTED_EDGE ( 'NONE', *, *, #424, .F. ) ;
#2684 = VECTOR ( 'NONE', #3908, 1000.000000000000000 ) ;
#2685 = AXIS2_PLACEMENT_3D ( 'NONE', #2482, #2456, #162 ) ;
#2686 = DIRECTION ( 'NONE',  ( 0.0000000000000000000, 0.0000000000000000000, 1.000000000000000000 ) ) ;
#2687 = VECTOR ( 'NONE', #466, 1000.000000000000000 ) ;
#2688 = EDGE_CURVE ( 'NONE', #1065, #1670, #3308, .T. ) ;
#2689 = VECTOR ( 'NONE', #4425, 1000.000000000000100 ) ;
#2690 = LINE ( 'NONE', #2227, #723 ) ;
#2691 = ADVANCED_FACE ( 'NONE', ( #626 ), #2670, .F. ) ;
#2692 = ORIENTED_EDGE ( 'NONE', *, *, #4511, .T. ) ;
#2693 = DIRECTION ( 'NONE',  ( -1.000000000000000000, 3.412570772413391000E-016, 0.0000000000000000000 ) ) ;
#2694 = FACE_OUTER_BOUND ( 'NONE', #2748, .T. ) ;
#2695 = CARTESIAN_POINT ( 'NONE',  ( 189.7499999999936900, -189.7500000000358100, -700.0000000000000000 ) ) ;
#2696 = LINE ( 'NONE', #4929, #73 ) ;
#2697 = FACE_OUTER_BOUND ( 'NONE', #3237, .T. ) ;
#2698 = DIRECTION ( 'NONE',  ( 0.0000000000000000000, 0.0000000000000000000, -1.000000000000000000 ) ) ;
#2699 = EDGE_LOOP ( 'NONE', ( #163, #3061, #403, #714 ) ) ;
#2700 = APPLICATION_CONTEXT ( 'automotive_design' ) ;
#2701 = CARTESIAN_POINT ( 'NONE',  ( 0.0000000000000000000, 0.0000000000000000000, -700.0000000000000000 ) ) ;
#2702 = AXIS2_PLACEMENT_3D ( 'NONE', #2279, #4083, #2991 ) ;
#2703 = DIRECTION ( 'NONE',  ( 0.7071067811865475700, -0.7071067811865475700, 0.0000000000000000000 ) ) ;
#2704 = LINE ( 'NONE', #2135, #1044 ) ;
#2705 = FACE_OUTER_BOUND ( 'NONE', #2777, .T. ) ;
#2706 = DIRECTION ( 'NONE',  ( 0.0000000000000000000, 0.0000000000000000000, 1.000000000000000000 ) ) ;
#2707 = ORIENTED_EDGE ( 'NONE', *, *, #3861, .F. ) ;
#2708 = DIRECTION ( 'NONE',  ( 3.412570772413390000E-016, 1.000000000000000000, -0.0000000000000000000 ) ) ;
#2709 = CARTESIAN_POINT ( 'NONE',  ( 57.50000000000014900, 163.9999999999999700, 700.0000000000000000 ) ) ;
#2710 = DIRECTION ( 'NONE',  ( -1.000000000000000000, -0.0000000000000000000, -0.0000000000000000000 ) ) ;
#2711 = EDGE_CURVE ( 'NONE', #2651, #4785, #1393, .T. ) ;
#2712 = CARTESIAN_POINT ( 'NONE',  ( 86.00000000000000000, -313.9999999999999400, 700.0000000000000000 ) ) ;
#2713 = AXIS2_PLACEMENT_3D ( 'NONE', #2269, #4567, #1476 ) ;
#2714 = ADVANCED_FACE ( 'NONE', ( #2705 ), #85, .F. ) ;
#2715 = EDGE_CURVE ( 'NONE', #4150, #1667, #3981, .T. ) ;
#2716 = LINE ( 'NONE', #2550, #4856 ) ;
#2717 = ORIENTED_EDGE ( 'NONE', *, *, #4511, .F. ) ;
#2718 = VERTEX_POINT ( 'NONE', #1574 ) ;
#2719 = CARTESIAN_POINT ( 'NONE',  ( 85.83332916966637100, -13.99999999999999800, 99.35178655667947100 ) ) ;
#2720 = DIRECTION ( 'NONE',  ( -0.0000000000000000000, -1.000000000000000000, -0.0000000000000000000 ) ) ;
#2721 = AXIS2_PLACEMENT_3D ( 'NONE', #1017, #4854, #4840 ) ;
#2722 = ORIENTED_EDGE ( 'NONE', *, *, #732, .T. ) ;
#2723 = ORIENTED_EDGE ( 'NONE', *, *, #632, .F. ) ;
#2724 = CARTESIAN_POINT ( 'NONE',  ( 39.50000000000015600, 23.00000000000000700, -97.31906288081488300 ) ) ;
#2725 = ORIENTED_EDGE ( 'NONE', *, *, #4423, .F. ) ;
#2726 = CARTESIAN_POINT ( 'NONE',  ( -32.49999999999998600, -393.7500000000000000, 598.3999999999999800 ) ) ;
#2727 = EDGE_CURVE ( 'NONE', #4548, #2644, #2038, .T. ) ;
#2728 = DIRECTION ( 'NONE',  ( 0.0000000000000000000, 0.0000000000000000000, -1.000000000000000000 ) ) ;
#2729 = EDGE_LOOP ( 'NONE', ( #3854, #1172, #3412, #4470 ) ) ;
#2730 = CARTESIAN_POINT ( 'NONE',  ( -0.0000000000000000000, 417.5000000000000600, -700.0000000000000000 ) ) ;
#2731 = EDGE_LOOP ( 'NONE', ( #1511, #3596, #4502, #2818 ) ) ;
#2732 = ORIENTED_EDGE ( 'NONE', *, *, #3915, .F. ) ;
#2733 = LINE ( 'NONE', #239, #1075 ) ;
#2734 = DIRECTION ( 'NONE',  ( 0.0000000000000000000, -0.5150380749100544900, -0.8571673007021121100 ) ) ;
#2735 = VECTOR ( 'NONE', #2580, 1000.000000000000000 ) ;
#2736 = PRESENTATION_LAYER_ASSIGNMENT (  '', '', ( #4504 ) ) ;
#2737 = DIRECTION ( 'NONE',  ( 0.0000000000000000000, 0.0000000000000000000, -1.000000000000000000 ) ) ;
#2738 = ADVANCED_FACE ( 'NONE', ( #4664 ), #808, .T. ) ;
#2739 = ORIENTED_EDGE ( 'NONE', *, *, #1107, .T. ) ;
#2740 = EDGE_CURVE ( 'NONE', #405, #3057, #2416, .T. ) ;
#2741 = CARTESIAN_POINT ( 'NONE',  ( 57.50000000000005700, 277.0000000000000000, 700.0000000000000000 ) ) ;
#2742 = EDGE_CURVE ( 'NONE', #4820, #99, #134, .T. ) ;
#2743 = EDGE_LOOP ( 'NONE', ( #4239, #4268, #1074, #3611 ) ) ;
#2744 = SURFACE_SIDE_STYLE ('',( #174 ) ) ;
#2745 = DIRECTION ( 'NONE',  ( -3.412570772413391000E-016, -1.000000000000000000, 0.0000000000000000000 ) ) ;
#2746 = LINE ( 'NONE', #1613, #1479 ) ;
#2747 = DIRECTION ( 'NONE',  ( 0.0000000000000000000, 0.0000000000000000000, 1.000000000000000000 ) ) ;
#2748 = EDGE_LOOP ( 'NONE', ( #629, #979, #4730 ) ) ;
#2749 = CARTESIAN_POINT ( 'NONE',  ( 87.50000000000014200, 13.99999999999999800, -700.0000000000000000 ) ) ;
#2750 = CYLINDRICAL_SURFACE ( 'NONE', #1729, 13.24999999999998400 ) ;
#2751 = ORIENTED_EDGE ( 'NONE', *, *, #3720, .T. ) ;
#2752 = STYLED_ITEM ( 'NONE', ( #1196 ), #4208 ) ;
#2753 = VECTOR ( 'NONE', #4789, 1000.000000000000000 ) ;
#2754 = VERTEX_POINT ( 'NONE', #4205 ) ;
#2755 = DIRECTION ( 'NONE',  ( -4.625929269271481400E-015, -1.000000000000000000, 0.0000000000000000000 ) ) ;
#2756 = FACE_OUTER_BOUND ( 'NONE', #3702, .T. ) ;
#2757 = VECTOR ( 'NONE', #3685, 1000.000000000000000 ) ;
#2758 = VECTOR ( 'NONE', #4538, 1000.000000000000000 ) ;
#2759 = ORIENTED_EDGE ( 'NONE', *, *, #3952, .T. ) ;
#2760 = LINE ( 'NONE', #2322, #249 ) ;
#2761 = DIRECTION ( 'NONE',  ( -4.625929269271481400E-015, 1.000000000000000000, 0.0000000000000000000 ) ) ;
#2762 = CARTESIAN_POINT ( 'NONE',  ( 114.7499999999999900, -114.7499999999999900, -700.0000000000000000 ) ) ;
#2763 = ADVANCED_FACE ( 'NONE', ( #1804 ), #82, .F. ) ;
#2764 = COLOUR_RGB ( '',0.6470588235294118000, 0.6196078431372549200, 0.5882352941176470800 ) ;
#2765 = CYLINDRICAL_SURFACE ( 'NONE', #3077, 3.399999999999958600 ) ;
#2766 = ORIENTED_EDGE ( 'NONE', *, *, #2778, .T. ) ;
#2767 = VERTEX_POINT ( 'NONE', #3488 ) ;
#2768 = DIRECTION ( 'NONE',  ( -4.625929269271481400E-015, 1.000000000000000000, 0.0000000000000000000 ) ) ;
#2769 = AXIS2_PLACEMENT_3D ( 'NONE', #1552, #398, #3811 ) ;
#2770 = CARTESIAN_POINT ( 'NONE',  ( 85.83332916966637100, -13.99999999999999800, -99.35178655667947100 ) ) ;
#2771 = CARTESIAN_POINT ( 'NONE',  ( -62.49999999999999300, -420.0000000000000000, 684.9999999999998900 ) ) ;
#2772 = PLANE ( 'NONE',  #3608 ) ;
#2773 = CARTESIAN_POINT ( 'NONE',  ( 57.50000000000014900, -163.9999999999999700, -700.0000000000000000 ) ) ;
#2774 = ORIENTED_EDGE ( 'NONE', *, *, #2480, .F. ) ;
#2775 = PLANE ( 'NONE',  #874 ) ;
#2776 = AXIS2_PLACEMENT_3D ( 'NONE', #2582, #246, #4088 ) ;
#2777 = EDGE_LOOP ( 'NONE', ( #2177, #3263, #1268 ) ) ;
#2778 = EDGE_CURVE ( 'NONE', #2798, #2803, #1862, .T. ) ;
#2779 = ORIENTED_EDGE ( 'NONE', *, *, #3251, .F. ) ;
#2780 = ORIENTED_EDGE ( 'NONE', *, *, #3306, .F. ) ;
#2781 = VERTEX_POINT ( 'NONE', #1600 ) ;
#2782 = EDGE_LOOP ( 'NONE', ( #1454, #4304, #3135 ) ) ;
#2783 =( GEOMETRIC_REPRESENTATION_CONTEXT ( 3 ) GLOBAL_UNCERTAINTY_ASSIGNED_CONTEXT ( ( #1717 ) ) GLOBAL_UNIT_ASSIGNED_CONTEXT ( ( #2468, #2497, #3607 ) ) REPRESENTATION_CONTEXT ( 'NONE', 'WORKASPACE' ) );
#2784 = ADVANCED_FACE ( 'NONE', ( #4230 ), #104, .F. ) ;
#2785 = CIRCLE ( 'NONE', #3979, 3.399999999999958600 ) ;
#2786 = FILL_AREA_STYLE_COLOUR ( '', #822 ) ;
#2787 = VECTOR ( 'NONE', #2347, 1000.000000000000000 ) ;
#2788 = CARTESIAN_POINT ( 'NONE',  ( 86.00000000000000000, 313.9999999999999400, 700.0000000000000000 ) ) ;
#2789 = FILL_AREA_STYLE_COLOUR ( '', #4532 ) ;
#2790 = CIRCLE ( 'NONE', #682, 3.399999999999958600 ) ;
#2791 = ORIENTED_EDGE ( 'NONE', *, *, #3084, .F. ) ;
#2792 = VECTOR ( 'NONE', #2686, 1000.000000000000000 ) ;
#2793 = EDGE_CURVE ( 'NONE', #3899, #2942, #3115, .T. ) ;
#2794 = VECTOR ( 'NONE', #3686, 1000.000000000000000 ) ;
#2795 = ORIENTED_EDGE ( 'NONE', *, *, #3546, .F. ) ;
#2796 = CARTESIAN_POINT ( 'NONE',  ( 37.50000000000014900, -21.00000000000000000, 700.0000000000000000 ) ) ;
#2797 = CARTESIAN_POINT ( 'NONE',  ( 86.99912813379070500, 14.99912813379083700, -100.3856755324211600 ) ) ;
#2798 = VERTEX_POINT ( 'NONE', #3531 ) ;
#2799 = MECHANICAL_DESIGN_GEOMETRIC_PRESENTATION_REPRESENTATION (  '', ( #1082 ), #3046 ) ;
#2800 = LINE ( 'NONE', #3153, #2855 ) ;
#2801 = VERTEX_POINT ( 'NONE', #3219 ) ;
#2802 = CARTESIAN_POINT ( 'NONE',  ( 57.50000000000014900, -163.9999999999999700, 700.0000000000000000 ) ) ;
#2803 = VERTEX_POINT ( 'NONE', #3869 ) ;
#2804 = LINE ( 'NONE', #2299, #3724 ) ;
#2805 = CARTESIAN_POINT ( 'NONE',  ( 57.50000000000014200, 22.00000000000011400, -97.54998718605757800 ) ) ;
#2806 = LINE ( 'NONE', #353, #3101 ) ;
#2807 = AXIS2_PLACEMENT_3D ( 'NONE', #691, #3347, #1045 ) ;
#2808 = EDGE_CURVE ( 'NONE', #3099, #4232, #3461, .T. ) ;
#2809 = SURFACE_SIDE_STYLE ('',( #3956 ) ) ;
#2810 = SURFACE_SIDE_STYLE ('',( #4598 ) ) ;
#2811 = EDGE_LOOP ( 'NONE', ( #1571, #3928, #2974, #3424 ) ) ;
#2812 = LINE ( 'NONE', #3332, #2216 ) ;
#2813 = DIRECTION ( 'NONE',  ( 0.0000000000000000000, 1.000000000000000000, -0.0000000000000000000 ) ) ;
#2814 = ORIENTED_EDGE ( 'NONE', *, *, #865, .F. ) ;
#2815 = ORIENTED_EDGE ( 'NONE', *, *, #2642, .F. ) ;
#2816 = CARTESIAN_POINT ( 'NONE',  ( 87.50000000000014200, -15.49999999999983300, 700.0000000000000000 ) ) ;
#2817 =( NAMED_UNIT ( * ) SI_UNIT ( $, .STERADIAN. ) SOLID_ANGLE_UNIT ( ) );
#2818 = ORIENTED_EDGE ( 'NONE', *, *, #1163, .F. ) ;
#2819 = PLANE ( 'NONE',  #3973 ) ;
#2820 = CARTESIAN_POINT ( 'NONE',  ( 87.50000000000000000, -420.0000000000000000, -697.5000000000000000 ) ) ;
#2821 = ORIENTED_EDGE ( 'NONE', *, *, #4384, .F. ) ;
#2822 = CARTESIAN_POINT ( 'NONE',  ( 57.50000000000011400, -127.9999999999998900, -700.0000000000000000 ) ) ;
#2823 = ORIENTED_EDGE ( 'NONE', *, *, #3521, .T. ) ;
#2824 = AXIS2_PLACEMENT_3D ( 'NONE', #3229, #952, #1315 ) ;
#2825 = ORIENTED_EDGE ( 'NONE', *, *, #865, .T. ) ;
#2826 = ORIENTED_EDGE ( 'NONE', *, *, #2126, .T. ) ;
#2827 = DIRECTION ( 'NONE',  ( -0.7071067811865475700, -0.7071067811865475700, 0.0000000000000000000 ) ) ;
#2828 = DIRECTION ( 'NONE',  ( -1.000000000000000000, -3.412570772413389500E-016, 0.0000000000000000000 ) ) ;
#2829 = EDGE_CURVE ( 'NONE', #995, #2941, #1220, .T. ) ;
#2830 = ADVANCED_FACE ( 'NONE', ( #620 ), #4262, .F. ) ;
#2831 = AXIS2_PLACEMENT_3D ( 'NONE', #425, #4583, #2284 ) ;
#2832 = DIRECTION ( 'NONE',  ( -4.625929269271483700E-015, 1.000000000000000000, 0.0000000000000000000 ) ) ;
#2833 = DIRECTION ( 'NONE',  ( 0.7071067811865868700, 0.7071067811865081600, -0.0000000000000000000 ) ) ;
#2834 =( LENGTH_UNIT ( ) NAMED_UNIT ( * ) SI_UNIT ( .MILLI., .METRE. ) );
#2835 = ORIENTED_EDGE ( 'NONE', *, *, #4882, .T. ) ;
#2836 = COLOUR_RGB ( '',0.6470588235294118000, 0.6196078431372549200, 0.5882352941176470800 ) ;
#2837 = VERTEX_POINT ( 'NONE', #923 ) ;
#2838 = ORIENTED_EDGE ( 'NONE', *, *, #2547, .F. ) ;
#2839 = DIRECTION ( 'NONE',  ( 0.0000000000000000000, 0.0000000000000000000, 1.000000000000000000 ) ) ;
#2840 = VECTOR ( 'NONE', #2708, 1000.000000000000000 ) ;
#2841 = DIRECTION ( 'NONE',  ( 0.0000000000000000000, 0.0000000000000000000, 1.000000000000000000 ) ) ;
#2842 = VECTOR ( 'NONE', #1565, 1000.000000000000000 ) ;
#2843 = ORIENTED_EDGE ( 'NONE', *, *, #1114, .T. ) ;
#2844 = ADVANCED_FACE ( 'NONE', ( #446 ), #2411, .F. ) ;
#2845 = VERTEX_POINT ( 'NONE', #2820 ) ;
#2846 = LINE ( 'NONE', #1202, #2250 ) ;
#2847 = LINE ( 'NONE', #2442, #1124 ) ;
#2848 = CARTESIAN_POINT ( 'NONE',  ( -32.49999999999998600, -420.0000000000000000, -595.0000000000000000 ) ) ;
#2849 = VECTOR ( 'NONE', #359, 1000.000000000000000 ) ;
#2850 = CARTESIAN_POINT ( 'NONE',  ( -62.50000000000000000, -391.7070738953062800, 684.9999999999998900 ) ) ;
#2851 = CONICAL_SURFACE ( 'NONE', #3539, 3.399999999999958600, 1.029744258676654100 ) ;
#2852 = CARTESIAN_POINT ( 'NONE',  ( -87.50000000000004300, 240.0000000000000000, -660.0000000000000000 ) ) ;
#2853 = CARTESIAN_POINT ( 'NONE',  ( 87.50000000000009900, -136.0000000000000000, -700.0000000000000000 ) ) ;
#2854 = CARTESIAN_POINT ( 'NONE',  ( -62.49999999999999300, -420.0000000000000000, -681.6000000000000200 ) ) ;
#2855 = VECTOR ( 'NONE', #135, 1000.000000000000000 ) ;
#2856 = ADVANCED_FACE ( 'NONE', ( #1630 ), #2528, .F. ) ;
#2857 = DIRECTION ( 'NONE',  ( -4.625929269271481400E-015, -1.000000000000000000, 0.0000000000000000000 ) ) ;
#2858 = CARTESIAN_POINT ( 'NONE',  ( 86.00000000000000000, -313.9999999999999400, 700.0000000000000000 ) ) ;
#2859 = CARTESIAN_POINT ( 'NONE',  ( 87.50000000000009900, -163.9999999999999700, -700.0000000000000000 ) ) ;
#2860 = AXIS2_PLACEMENT_3D ( 'NONE', #4837, #4447, #4025 ) ;
#2861 = LINE ( 'NONE', #1795, #2689 ) ;
#2862 = CLOSED_SHELL ( 'NONE', ( #2866, #2714, #554, #1141, #2844, #1258, #195, #2366, #1634, #2084, #4945, #1679, #314, #4672, #2763, #2390, #2346, #2420, #1554, #3055, #4918, #3781, #3923, #186, #2637, #3104, #2784, #1458, #850, #2691, #2109, #3514, #3471, #4237, #392, #1614, #4361, #737, #3246, #582, #2027, #1983, #4722, #1706, #2664, #939, #344, #1734, #1301, #4492, #2046, #3129, #564, #3270, #2484, #61, #156, #3589, #17, #4894, #3537, #1506, #4283, #891, #956, #1437, #2958, #2262, #489, #3497, #3960, #3082, #3875, #3827, #1958, #3220, #4593, #2288, #129, #510, #4183, #2830, #3729, #3409, #1478, #3900, #4258, #3752, #2738, #1119, #4350, #1320, #1880, #3971, #4788, #1913, #4703, #1310, #3554, #110, #4648, #445, #3449, #4546, #421, #2619, #793, #1236, #4762, #3848, #2004, #1162, #820, #693, #1577, #2096, #4130, #38, #4623, #2315, #1278, #985, #602, #2453, #3031, #1662, #1190, #3428, #3177, #86, #468, #4208, #1725, #1219, #2981, #3206, #1097, #3156, #4570, #1530, #764, #2598, #872, #970, #4523, #2856, #1329, #2501 ) ) ;
#2863 = VECTOR ( 'NONE', #4622, 1000.000000000000000 ) ;
#2864 = EDGE_CURVE ( 'NONE', #800, #3287, #3302, .T. ) ;
#2865 = CONICAL_SURFACE ( 'NONE', #2685, 13.24999999999998400, 1.029744258676653000 ) ;
#2866 = ADVANCED_FACE ( 'NONE', ( #551 ), #4913, .F. ) ;
#2867 = STYLED_ITEM ( 'NONE', ( #385 ), #2856 ) ;
#2868 = EDGE_LOOP ( 'NONE', ( #3154, #2473, #2939, #384 ) ) ;
#2869 = EDGE_CURVE ( 'NONE', #3256, #4803, #3619, .T. ) ;
#2870 = EDGE_CURVE ( 'NONE', #3312, #4920, #4043, .T. ) ;
#2871 = FACE_BOUND ( 'NONE', #3045, .T. ) ;
#2872 = CARTESIAN_POINT ( 'NONE',  ( 86.49911572757862600, 14.49911572757875300, -99.95391547137876400 ) ) ;
#2873 = SURFACE_STYLE_USAGE ( .BOTH. , #196 ) ;
#2874 = ORIENTED_EDGE ( 'NONE', *, *, #1030, .F. ) ;
#2875 = AXIS2_PLACEMENT_3D ( 'NONE', #882, #2398, #2414 ) ;
#2876 = UNCERTAINTY_MEASURE_WITH_UNIT (LENGTH_MEASURE( 1.000000000000000100E-005 ), #2034, 'distance_accuracy_value', 'NONE');
#2877 = VECTOR ( 'NONE', #2587, 1000.000000000000000 ) ;
#2878 = EDGE_CURVE ( 'NONE', #2519, #3937, #3299, .T. ) ;
#2879 = VERTEX_POINT ( 'NONE', #2896 ) ;
#2880 = DIRECTION ( 'NONE',  ( 0.0000000000000000000, 0.0000000000000000000, -1.000000000000000000 ) ) ;
#2881 = DIRECTION ( 'NONE',  ( -0.0000000000000000000, -1.000000000000000000, -0.0000000000000000000 ) ) ;
#2882 = EDGE_CURVE ( 'NONE', #3494, #1626, #2164, .T. ) ;
#2883 = FACE_OUTER_BOUND ( 'NONE', #4830, .T. ) ;
#2884 = ORIENTED_EDGE ( 'NONE', *, *, #126, .T. ) ;
#2885 =( NAMED_UNIT ( * ) SI_UNIT ( $, .STERADIAN. ) SOLID_ANGLE_UNIT ( ) );
#2886 = ORIENTED_EDGE ( 'NONE', *, *, #495, .F. ) ;
#2887 = CARTESIAN_POINT ( 'NONE',  ( -85.49999999999981500, 2.659838255812227500E-015, -100.0000000000000000 ) ) ;
#2888 = AXIS2_PLACEMENT_3D ( 'NONE', #3911, #1666, #140 ) ;
#2889 = CARTESIAN_POINT ( 'NONE',  ( 37.50000000000011400, -129.0000000000000000, -700.0000000000000000 ) ) ;
#2890 = PLANE ( 'NONE',  #4707 ) ;
#2891 = EDGE_CURVE ( 'NONE', #2552, #3484, #4716, .T. ) ;
#2892 = ORIENTED_EDGE ( 'NONE', *, *, #589, .F. ) ;
#2893 = EDGE_LOOP ( 'NONE', ( #4885, #1038, #4695 ) ) ;
#2894 = AXIS2_PLACEMENT_3D ( 'NONE', #4018, #4074, #4457 ) ;
#2895 = DIRECTION ( 'NONE',  ( 0.0000000000000000000, 0.0000000000000000000, -1.000000000000000000 ) ) ;
#2896 = CARTESIAN_POINT ( 'NONE',  ( -32.49999999999999300, -393.7500000000000000, -688.3999999999998600 ) ) ;
#2897 = FACE_OUTER_BOUND ( 'NONE', #696, .T. ) ;
#2898 = LINE ( 'NONE', #2313, #4001 ) ;
#2899 = DIRECTION ( 'NONE',  ( 0.0000000000000000000, 0.0000000000000000000, -1.000000000000000000 ) ) ;
#2900 = AXIS2_PLACEMENT_3D ( 'NONE', #245, #3998, #548 ) ;
#2901 = DIRECTION ( 'NONE',  ( 0.7071067811865474600, 0.7071067811865474600, -0.0000000000000000000 ) ) ;
#2902 = SURFACE_SIDE_STYLE ('',( #4185 ) ) ;
#2903 = CIRCLE ( 'NONE', #1391, 3.399999999999958600 ) ;
#2904 = LINE ( 'NONE', #4058, #2794 ) ;
#2905 = EDGE_CURVE ( 'NONE', #452, #633, #4587, .T. ) ;
#2906 = DIRECTION ( 'NONE',  ( 0.0000000000000000000, -0.5150380749100544900, -0.8571673007021121100 ) ) ;
#2907 = DIRECTION ( 'NONE',  ( -0.0000000000000000000, -1.000000000000000000, -0.0000000000000000000 ) ) ;
#2908 = ORIENTED_EDGE ( 'NONE', *, *, #4694, .F. ) ;
#2909 = VECTOR ( 'NONE', #286, 1000.000000000000000 ) ;
#2910 = VECTOR ( 'NONE', #951, 1000.000000000000000 ) ;
#2911 = ORIENTED_EDGE ( 'NONE', *, *, #3783, .F. ) ;
#2912 = PLANE ( 'NONE',  #1367 ) ;
#2913 = PLANE ( 'NONE',  #3441 ) ;
#2914 = DIRECTION ( 'NONE',  ( -0.0000000000000000000, -0.0000000000000000000, -1.000000000000000000 ) ) ;
#2915 = DIRECTION ( 'NONE',  ( -0.0000000000000000000, -1.000000000000000000, -0.0000000000000000000 ) ) ;
#2916 = CARTESIAN_POINT ( 'NONE',  ( 86.00000000000004300, 136.0000000000000000, 700.0000000000000000 ) ) ;
#2917 = CARTESIAN_POINT ( 'NONE',  ( 87.50000000000014200, -15.49999999999983300, -700.0000000000000000 ) ) ;
#2918 = LINE ( 'NONE', #4489, #3786 ) ;
#2919 = CARTESIAN_POINT ( 'NONE',  ( -9.999999999999939600, 417.5000000000000600, 700.0000000000000000 ) ) ;
#2920 = EDGE_LOOP ( 'NONE', ( #2434, #3526, #1168, #853 ) ) ;
#2921 = EDGE_LOOP ( 'NONE', ( #2243, #4507, #4000 ) ) ;
#2922 = DIRECTION ( 'NONE',  ( 0.0000000000000000000, -1.000000000000000000, 0.0000000000000000000 ) ) ;
#2923 = EDGE_CURVE ( 'NONE', #328, #754, #2221, .T. ) ;
#2924 = CARTESIAN_POINT ( 'NONE',  ( -35.24999999999999300, 35.24999999999999300, -700.0000000000000000 ) ) ;
#2925 = ORIENTED_EDGE ( 'NONE', *, *, #661, .T. ) ;
#2926 = ORIENTED_EDGE ( 'NONE', *, *, #3629, .F. ) ;
#2927 = DIRECTION ( 'NONE',  ( 0.0000000000000000000, 0.0000000000000000000, 1.000000000000000000 ) ) ;
#2928 = PLANE ( 'NONE',  #4613 ) ;
#2929 = CARTESIAN_POINT ( 'NONE',  ( 37.50000000000011400, 129.0000000000000000, -700.0000000000000000 ) ) ;
#2930 = CARTESIAN_POINT ( 'NONE',  ( 38.16819639670782000, 21.66819639670765700, -97.62661701493563300 ) ) ;
#2931 = CARTESIAN_POINT ( 'NONE',  ( -62.49999999999999300, -393.7500000000000000, -684.9999999999998900 ) ) ;
#2932 = AXIS2_PLACEMENT_3D ( 'NONE', #1783, #4889, #690 ) ;
#2933 = VECTOR ( 'NONE', #4853, 1000.000000000000000 ) ;
#2934 = EDGE_CURVE ( 'NONE', #4087, #4684, #1623, .T. ) ;
#2935 = CARTESIAN_POINT ( 'NONE',  ( 87.50000000000014200, 15.50000000000027700, 700.0000000000000000 ) ) ;
#2936 = DIRECTION ( 'NONE',  ( 0.0000000000000000000, 0.0000000000000000000, 1.000000000000000000 ) ) ;
#2937 = PLANE ( 'NONE',  #4930 ) ;
#2938 = ORIENTED_EDGE ( 'NONE', *, *, #4674, .T. ) ;
#2939 = ORIENTED_EDGE ( 'NONE', *, *, #4673, .T. ) ;
#2940 = FILL_AREA_STYLE ('',( #2577 ) ) ;
#2941 = VERTEX_POINT ( 'NONE', #2979 ) ;
#2942 = VERTEX_POINT ( 'NONE', #709 ) ;
#2943 = DIRECTION ( 'NONE',  ( 0.0000000000000000000, 0.0000000000000000000, 1.000000000000000000 ) ) ;
#2944 = CARTESIAN_POINT ( 'NONE',  ( 39.50000000000008500, -322.9999999999999400, 700.0000000000000000 ) ) ;
#2945 = DIRECTION ( 'NONE',  ( -1.000000000000000000, 0.0000000000000000000, 0.0000000000000000000 ) ) ;
#2946 = ORIENTED_EDGE ( 'NONE', *, *, #766, .F. ) ;
#2947 = DIRECTION ( 'NONE',  ( -1.000000000000000000, -0.0000000000000000000, -0.0000000000000000000 ) ) ;
#2948 = CARTESIAN_POINT ( 'NONE',  ( 37.50000000000008500, 279.0000000000000000, -700.0000000000000000 ) ) ;
#2949 = DIRECTION ( 'NONE',  ( -0.0000000000000000000, -0.0000000000000000000, -1.000000000000000000 ) ) ;
#2950 = VERTEX_POINT ( 'NONE', #3699 ) ;
#2951 = LINE ( 'NONE', #3363, #4801 ) ;
#2952 = ORIENTED_EDGE ( 'NONE', *, *, #2688, .T. ) ;
#2953 = ORIENTED_EDGE ( 'NONE', *, *, #2394, .F. ) ;
#2954 = AXIS2_PLACEMENT_3D ( 'NONE', #1346, #1741, #2839 ) ;
#2955 = DIRECTION ( 'NONE',  ( 0.0000000000000000000, 1.000000000000000000, -0.0000000000000000000 ) ) ;
#2956 = EDGE_LOOP ( 'NONE', ( #3283, #3252, #1225, #44 ) ) ;
#2957 = SURFACE_STYLE_FILL_AREA ( #3698 ) ;
#2958 = ADVANCED_FACE ( 'NONE', ( #1215 ), #1062, .F. ) ;
#2959 = LINE ( 'NONE', #2802, #4617 ) ;
#2960 = VERTEX_POINT ( 'NONE', #1450 ) ;
#2961 = LINE ( 'NONE', #2858, #1179 ) ;
#2962 =( GEOMETRIC_REPRESENTATION_CONTEXT ( 3 ) GLOBAL_UNCERTAINTY_ASSIGNED_CONTEXT ( ( #1988 ) ) GLOBAL_UNIT_ASSIGNED_CONTEXT ( ( #3888, #2461, #3200 ) ) REPRESENTATION_CONTEXT ( 'NONE', 'WORKASPACE' ) );
#2963 = VECTOR ( 'NONE', #1093, 1000.000000000000000 ) ;
#2964 = DIRECTION ( 'NONE',  ( 4.625929269271481400E-015, -1.000000000000000000, -0.0000000000000000000 ) ) ;
#2965 = VECTOR ( 'NONE', #51, 1000.000000000000100 ) ;
#2966 = CARTESIAN_POINT ( 'NONE',  ( -87.50000000000000000, -420.0000000000000000, 697.5000000000000000 ) ) ;
#2967 = EDGE_CURVE ( 'NONE', #6, #634, #2278, .T. ) ;
#2968 = UNCERTAINTY_MEASURE_WITH_UNIT (LENGTH_MEASURE( 1.000000000000000100E-005 ), #3143, 'distance_accuracy_value', 'NONE');
#2969 = EDGE_LOOP ( 'NONE', ( #2380, #3257, #1992, #3170 ) ) ;
#2970 = EDGE_LOOP ( 'NONE', ( #4420, #3210, #2218, #728 ) ) ;
#2971 = DIRECTION ( 'NONE',  ( 0.0000000000000000000, 1.000000000000000000, -0.0000000000000000000 ) ) ;
#2972 = EDGE_CURVE ( 'NONE', #4460, #328, #4098, .T. ) ;
#2973 = DIRECTION ( 'NONE',  ( -6.546126324440779700E-016, -1.000000000000000000, 0.0000000000000000000 ) ) ;
#2974 = ORIENTED_EDGE ( 'NONE', *, *, #2934, .F. ) ;
#2975 = LINE ( 'NONE', #16, #2388 ) ;
#2976 = VERTEX_POINT ( 'NONE', #2219 ) ;
#2977 = PLANE ( 'NONE',  #383 ) ;
#2978 = FILL_AREA_STYLE_COLOUR ( '', #2075 ) ;
#2979 = CARTESIAN_POINT ( 'NONE',  ( 37.50000000000011400, -170.9999999999999700, -700.0000000000000000 ) ) ;
#2980 = CYLINDRICAL_SURFACE ( 'NONE', #1811, 3.399999999999958600 ) ;
#2981 = ADVANCED_FACE ( 'NONE', ( #2467 ), #1372, .F. ) ;
#2982 = AXIS2_PLACEMENT_3D ( 'NONE', #1041, #4387, #240 ) ;
#2983 =( LENGTH_UNIT ( ) NAMED_UNIT ( * ) SI_UNIT ( .MILLI., .METRE. ) );
#2984 = VERTEX_POINT ( 'NONE', #1078 ) ;
#2985 = FILL_AREA_STYLE ('',( #2222 ) ) ;
#2986 = DIRECTION ( 'NONE',  ( 0.0000000000000000000, 0.0000000000000000000, 1.000000000000000000 ) ) ;
#2987 = VECTOR ( 'NONE', #295, 1000.000000000000000 ) ;
#2988 = EDGE_CURVE ( 'NONE', #1409, #2124, #4337, .T. ) ;
#2989 = CARTESIAN_POINT ( 'NONE',  ( 37.50000000000008500, -278.9999999999998300, -700.0000000000000000 ) ) ;
#2990 = EDGE_CURVE ( 'NONE', #3057, #3163, #3235, .T. ) ;
#2991 = DIRECTION ( 'NONE',  ( 0.0000000000000000000, 0.0000000000000000000, -1.000000000000000000 ) ) ;
#2992 =( LENGTH_UNIT ( ) NAMED_UNIT ( * ) SI_UNIT ( .MILLI., .METRE. ) );
#2993 = ORIENTED_EDGE ( 'NONE', *, *, #322, .T. ) ;
#2994 = ORIENTED_EDGE ( 'NONE', *, *, #762, .F. ) ;
#2995 = DIRECTION ( 'NONE',  ( 0.0000000000000000000, 0.0000000000000000000, -1.000000000000000000 ) ) ;
#2996 = PRESENTATION_STYLE_ASSIGNMENT (( #3675 ) ) ;
#2997 = CARTESIAN_POINT ( 'NONE',  ( 57.50000000000018500, 13.99999999999999600, 700.0000000000000000 ) ) ;
#2998 =( GEOMETRIC_REPRESENTATION_CONTEXT ( 3 ) GLOBAL_UNCERTAINTY_ASSIGNED_CONTEXT ( ( #1779 ) ) GLOBAL_UNIT_ASSIGNED_CONTEXT ( ( #4880, #1834, #1871 ) ) REPRESENTATION_CONTEXT ( 'NONE', 'WORKASPACE' ) );
#2999 = DIRECTION ( 'NONE',  ( -0.0000000000000000000, -1.000000000000000000, -0.0000000000000000000 ) ) ;
#3000 = ORIENTED_EDGE ( 'NONE', *, *, #4189, .F. ) ;
#3001 = VECTOR ( 'NONE', #473, 1000.000000000000100 ) ;
#3002 = CARTESIAN_POINT ( 'NONE',  ( 56.49999999999995000, 322.9999999999999400, 700.0000000000000000 ) ) ;
#3003 = ORIENTED_EDGE ( 'NONE', *, *, #1327, .T. ) ;
#3004 = CARTESIAN_POINT ( 'NONE',  ( 85.83332916966607200, 13.99999999999999800, 99.35178655667917300 ) ) ;
#3005 = DIRECTION ( 'NONE',  ( 0.0000000000000000000, 0.0000000000000000000, 1.000000000000000000 ) ) ;
#3006 = VECTOR ( 'NONE', #3931, 1000.000000000000000 ) ;
#3007 = ORIENTED_EDGE ( 'NONE', *, *, #389, .F. ) ;
#3008 = CARTESIAN_POINT ( 'NONE',  ( 57.50000000000014900, 163.9999999999999700, 700.0000000000000000 ) ) ;
#3009 = DIRECTION ( 'NONE',  ( -1.000000000000000000, 0.0000000000000000000, 0.0000000000000000000 ) ) ;
#3010 = CARTESIAN_POINT ( 'NONE',  ( 57.50000000000014900, 22.00000000000011400, -700.0000000000000000 ) ) ;
#3011 = ORIENTED_EDGE ( 'NONE', *, *, #2141, .T. ) ;
#3012 = ORIENTED_EDGE ( 'NONE', *, *, #4582, .T. ) ;
#3013 = ORIENTED_EDGE ( 'NONE', *, *, #1906, .T. ) ;
#3014 = ORIENTED_EDGE ( 'NONE', *, *, #569, .F. ) ;
#3015 = CARTESIAN_POINT ( 'NONE',  ( 87.50000000000014200, -9.586629735661305400E-015, 0.0000000000000000000 ) ) ;
#3016 = SURFACE_STYLE_USAGE ( .BOTH. , #1868 ) ;
#3017 = COLOUR_RGB ( '',0.6470588235294118000, 0.6196078431372549200, 0.5882352941176470800 ) ;
#3018 = ORIENTED_EDGE ( 'NONE', *, *, #13, .T. ) ;
#3019 = FACE_OUTER_BOUND ( 'NONE', #4671, .T. ) ;
#3020 = AXIS2_PLACEMENT_3D ( 'NONE', #2444, #3851, #3918 ) ;
#3021 = CARTESIAN_POINT ( 'NONE',  ( 37.50000000000008500, -278.9999999999998300, 700.0000000000000000 ) ) ;
#3022 = ORIENTED_EDGE ( 'NONE', *, *, #320, .T. ) ;
#3023 = ORIENTED_EDGE ( 'NONE', *, *, #1034, .F. ) ;
#3024 = VECTOR ( 'NONE', #1854, 1000.000000000000000 ) ;
#3025 = EDGE_LOOP ( 'NONE', ( #2178, #4872, #3975, #1770, #3241, #4745 ) ) ;
#3026 =( BOUNDED_CURVE ( )  B_SPLINE_CURVE ( 3, ( #536, #2375, #4761, #946 ),
 .UNSPECIFIED., .F., .T. ) 
 B_SPLINE_CURVE_WITH_KNOTS ( ( 4, 4 ),
 ( 4.480311297521977200, 4.500814020626593900 ),
 .UNSPECIFIED. ) 
 CURVE ( )  GEOMETRIC_REPRESENTATION_ITEM ( )  RATIONAL_B_SPLINE_CURVE ( ( 1.000000000000000000, 0.9999649701688844200, 0.9999649701688844200, 1.000000000000000000 ) ) 
 REPRESENTATION_ITEM ( '' )  );
#3027 = MECHANICAL_DESIGN_GEOMETRIC_PRESENTATION_REPRESENTATION (  '', ( #4282 ), #3670 ) ;
#3028 = DIRECTION ( 'NONE',  ( -0.7071067811865474600, -0.7071067811865474600, -0.0000000000000000000 ) ) ;
#3029 = EDGE_CURVE ( 'NONE', #2837, #4548, #4906, .T. ) ;
#3030 = CARTESIAN_POINT ( 'NONE',  ( 85.49999999999998600, 13.99999999999999800, 99.01515035589251600 ) ) ;
#3031 = ADVANCED_FACE ( 'NONE', ( #4645 ), #2865, .F. ) ;
#3032 = LINE ( 'NONE', #613, #1355 ) ;
#3033 = DIRECTION ( 'NONE',  ( 0.0000000000000000000, -1.000000000000000000, 0.0000000000000000000 ) ) ;
#3034 = PRODUCT_RELATED_PRODUCT_CATEGORY ( 'part', '', ( #598 ) ) ;
#3035 = DIRECTION ( 'NONE',  ( -0.0000000000000000000, -1.000000000000000000, -0.0000000000000000000 ) ) ;
#3036 = DIRECTION ( 'NONE',  ( 0.7071067811866260700, 0.7071067811864690800, -0.0000000000000000000 ) ) ;
#3037 = ORIENTED_EDGE ( 'NONE', *, *, #526, .F. ) ;
#3038 = EDGE_CURVE ( 'NONE', #1231, #4460, #977, .T. ) ;
#3039 = VECTOR ( 'NONE', #1209, 1000.000000000000000 ) ;
#3040 = VECTOR ( 'NONE', #1008, 1000.000000000000000 ) ;
#3041 = ORIENTED_EDGE ( 'NONE', *, *, #87, .T. ) ;
#3042 = DIRECTION ( 'NONE',  ( -1.000000000000000000, 0.0000000000000000000, 0.0000000000000000000 ) ) ;
#3043 = DIRECTION ( 'NONE',  ( 0.0000000000000000000, 0.0000000000000000000, 1.000000000000000000 ) ) ;
#3044 = CIRCLE ( 'NONE', #3371, 13.24999999999998400 ) ;
#3045 = EDGE_LOOP ( 'NONE', ( #3069, #4093 ) ) ;
#3046 =( GEOMETRIC_REPRESENTATION_CONTEXT ( 3 ) GLOBAL_UNCERTAINTY_ASSIGNED_CONTEXT ( ( #4040 ) ) GLOBAL_UNIT_ASSIGNED_CONTEXT ( ( #3547, #1727, #3204 ) ) REPRESENTATION_CONTEXT ( 'NONE', 'WORKASPACE' ) );
#3047 = DIRECTION ( 'NONE',  ( -1.360567432138668900E-016, 1.000000000000000000, 0.0000000000000000000 ) ) ;
#3048 = EDGE_LOOP ( 'NONE', ( #1944, #205, #1576, #4414 ) ) ;
#3049 = DIRECTION ( 'NONE',  ( -1.000000000000000000, -1.734723475976807800E-016, 0.0000000000000000000 ) ) ;
#3050 = VECTOR ( 'NONE', #708, 999.9999999999998900 ) ;
#3051 = PLANE ( 'NONE',  #10 ) ;
#3052 = VERTEX_POINT ( 'NONE', #3927 ) ;
#3053 = PLANE ( 'NONE',  #1747 ) ;
#3054 = ORIENTED_EDGE ( 'NONE', *, *, #854, .F. ) ;
#3055 = ADVANCED_FACE ( 'NONE', ( #2694 ), #3231, .F. ) ;
#3056 = CIRCLE ( 'NONE', #2824, 100.0000000000000000 ) ;
#3057 = VERTEX_POINT ( 'NONE', #2070 ) ;
#3058 = PLANE ( 'NONE',  #2831 ) ;
#3059 = DIRECTION ( 'NONE',  ( -0.7071067811865475700, 0.7071067811865475700, 0.0000000000000000000 ) ) ;
#3060 = CARTESIAN_POINT ( 'NONE',  ( 37.50000000000014900, 20.99999999999999300, -700.0000000000000000 ) ) ;
#3061 = ORIENTED_EDGE ( 'NONE', *, *, #113, .T. ) ;
#3062 = VECTOR ( 'NONE', #4519, 1000.000000000000000 ) ;
#3063 = CARTESIAN_POINT ( 'NONE',  ( 57.50000000000014900, -136.0000000000000000, -700.0000000000000000 ) ) ;
#3064 = AXIS2_PLACEMENT_3D ( 'NONE', #1877, #771, #1539 ) ;
#3065 = CARTESIAN_POINT ( 'NONE',  ( -15.00000000000004100, 240.0000000000000000, 673.2500000000000000 ) ) ;
#3066 = ORIENTED_EDGE ( 'NONE', *, *, #1490, .T. ) ;
#3067 = ORIENTED_EDGE ( 'NONE', *, *, #3952, .F. ) ;
#3068 = EDGE_LOOP ( 'NONE', ( #386, #151, #1696, #563, #2410, #2488 ) ) ;
#3069 = ORIENTED_EDGE ( 'NONE', *, *, #4476, .T. ) ;
#3070 = VECTOR ( 'NONE', #2240, 1000.000000000000000 ) ;
#3071 = ORIENTED_EDGE ( 'NONE', *, *, #3224, .F. ) ;
#3072 = LINE ( 'NONE', #1121, #1063 ) ;
#3073 = VERTEX_POINT ( 'NONE', #3553 ) ;
#3074 = ORIENTED_EDGE ( 'NONE', *, *, #1683, .F. ) ;
#3075 = VECTOR ( 'NONE', #1653, 1000.000000000000000 ) ;
#3076 = EDGE_LOOP ( 'NONE', ( #1730, #1810, #1949, #1152 ) ) ;
#3077 = AXIS2_PLACEMENT_3D ( 'NONE', #2188, #4417, #1771 ) ;
#3078 = DIRECTION ( 'NONE',  ( 0.0000000000000000000, 0.0000000000000000000, 1.000000000000000000 ) ) ;
#3079 = VECTOR ( 'NONE', #2282, 1000.000000000000000 ) ;
#3080 = DIRECTION ( 'NONE',  ( 0.7071067811865474600, -0.7071067811865474600, 0.0000000000000000000 ) ) ;
#3081 = ORIENTED_EDGE ( 'NONE', *, *, #3768, .T. ) ;
#3082 = ADVANCED_FACE ( 'NONE', ( #3795 ), #938, .F. ) ;
#3083 = CARTESIAN_POINT ( 'NONE',  ( -32.49999999999999300, -420.0000000000000000, 684.9999999999998900 ) ) ;
#3084 = EDGE_CURVE ( 'NONE', #3391, #2801, #4217, .T. ) ;
#3085 = CARTESIAN_POINT ( 'NONE',  ( 57.50000000000006400, 321.9999999999998300, 700.0000000000000000 ) ) ;
#3086 = FACE_OUTER_BOUND ( 'NONE', #3244, .T. ) ;
#3087 =( GEOMETRIC_REPRESENTATION_CONTEXT ( 3 ) GLOBAL_UNCERTAINTY_ASSIGNED_CONTEXT ( ( #3335 ) ) GLOBAL_UNIT_ASSIGNED_CONTEXT ( ( #4454, #4903, #261 ) ) REPRESENTATION_CONTEXT ( 'NONE', 'WORKASPACE' ) );
#3088 = CARTESIAN_POINT ( 'NONE',  ( 8.250000000000078200, -8.250000000000078200, -700.0000000000000000 ) ) ;
#3089 = FACE_OUTER_BOUND ( 'NONE', #4705, .T. ) ;
#3090 = CARTESIAN_POINT ( 'NONE',  ( -7.038596797884863100, 239.9999999999999700, 660.0000000000000000 ) ) ;
#3091 = ORIENTED_EDGE ( 'NONE', *, *, #316, .T. ) ;
#3092 = VERTEX_POINT ( 'NONE', #1305 ) ;
#3093 = ORIENTED_EDGE ( 'NONE', *, *, #1388, .T. ) ;
#3094 = FACE_BOUND ( 'NONE', #715, .T. ) ;
#3095 = CARTESIAN_POINT ( 'NONE',  ( 87.50000000000014200, -9.586629735661305400E-015, 0.0000000000000000000 ) ) ;
#3096 = FACE_OUTER_BOUND ( 'NONE', #2920, .T. ) ;
#3097 = DIRECTION ( 'NONE',  ( 0.0000000000000000000, 0.0000000000000000000, -1.000000000000000000 ) ) ;
#3098 = CARTESIAN_POINT ( 'NONE',  ( -62.49999999999999300, -420.0000000000000000, 598.3999999999999800 ) ) ;
#3099 = VERTEX_POINT ( 'NONE', #2055 ) ;
#3100 = CIRCLE ( 'NONE', #2932, 100.0000000000000000 ) ;
#3101 = VECTOR ( 'NONE', #3692, 1000.000000000000100 ) ;
#3102 = VERTEX_POINT ( 'NONE', #3213 ) ;
#3103 = CARTESIAN_POINT ( 'NONE',  ( 87.50000000000005700, -286.0000000000000600, 700.0000000000000000 ) ) ;
#3104 = ADVANCED_FACE ( 'NONE', ( #3558 ), #1442, .F. ) ;
#3105 = VECTOR ( 'NONE', #4808, 1000.000000000000000 ) ;
#3106 = LINE ( 'NONE', #1736, #1313 ) ;
#3107 = LINE ( 'NONE', #4905, #357 ) ;
#3108 = VECTOR ( 'NONE', #3754, 1000.000000000000100 ) ;
#3109 = CARTESIAN_POINT ( 'NONE',  ( 85.49999999999998600, -13.99999999999999800, 99.01515035589251600 ) ) ;
#3110 = ORIENTED_EDGE ( 'NONE', *, *, #1839, .F. ) ;
#3111 = PLANE ( 'NONE',  #2003 ) ;
#3112 = PLANE ( 'NONE',  #4893 ) ;
#3113 = AXIS2_PLACEMENT_3D ( 'NONE', #304, #1829, #1067 ) ;
#3114 = VECTOR ( 'NONE', #650, 1000.000000000000000 ) ;
#3115 = LINE ( 'NONE', #2412, #1105 ) ;
#3116 = ORIENTED_EDGE ( 'NONE', *, *, #4708, .F. ) ;
#3117 = CARTESIAN_POINT ( 'NONE',  ( 57.50000000000014900, 163.9999999999999700, 700.0000000000000000 ) ) ;
#3118 = CARTESIAN_POINT ( 'NONE',  ( 57.50000000000011400, -171.9999999999998900, 700.0000000000000000 ) ) ;
#3119 = EDGE_CURVE ( 'NONE', #2644, #3889, #856, .T. ) ;
#3120 = ORIENTED_EDGE ( 'NONE', *, *, #4038, .T. ) ;
#3121 = CARTESIAN_POINT ( 'NONE',  ( 56.50000000000003600, -23.00000000000000000, -700.0000000000000000 ) ) ;
#3122 = DIRECTION ( 'NONE',  ( 0.7071067811865474600, 0.7071067811865474600, -0.0000000000000000000 ) ) ;
#3123 = PRESENTATION_LAYER_ASSIGNMENT (  '', '', ( #1588 ) ) ;
#3124 = EDGE_CURVE ( 'NONE', #3906, #4261, #1792, .T. ) ;
#3125 = EDGE_CURVE ( 'NONE', #1612, #3310, #3044, .T. ) ;
#3126 = ORIENTED_EDGE ( 'NONE', *, *, #632, .T. ) ;
#3127 = CARTESIAN_POINT ( 'NONE',  ( 57.50000000000014200, -23.00000000000000000, 700.0000000000000000 ) ) ;
#3128 = AXIS2_PLACEMENT_3D ( 'NONE', #2016, #1253, #4661 ) ;
#3129 = ADVANCED_FACE ( 'NONE', ( #4453 ), #1591, .F. ) ;
#3130 = ORIENTED_EDGE ( 'NONE', *, *, #4246, .F. ) ;
#3131 = EDGE_CURVE ( 'NONE', #3647, #2754, #180, .T. ) ;
#3132 = ORIENTED_EDGE ( 'NONE', *, *, #447, .T. ) ;
#3133 = ORIENTED_EDGE ( 'NONE', *, *, #4816, .F. ) ;
#3134 = EDGE_CURVE ( 'NONE', #335, #1463, #4095, .T. ) ;
#3135 = ORIENTED_EDGE ( 'NONE', *, *, #4817, .T. ) ;
#3136 = DIRECTION ( 'NONE',  ( -1.000000000000000000, 0.0000000000000000000, 0.0000000000000000000 ) ) ;
#3137 = ORIENTED_EDGE ( 'NONE', *, *, #1456, .F. ) ;
#3138 = VECTOR ( 'NONE', #1127, 1000.000000000000100 ) ;
#3139 = FACE_OUTER_BOUND ( 'NONE', #1392, .T. ) ;
#3140 = ORIENTED_EDGE ( 'NONE', *, *, #1888, .T. ) ;
#3141 = LINE ( 'NONE', #3696, #2963 ) ;
#3142 = AXIS2_PLACEMENT_3D ( 'NONE', #4839, #1365, #2936 ) ;
#3143 =( LENGTH_UNIT ( ) NAMED_UNIT ( * ) SI_UNIT ( .MILLI., .METRE. ) );
#3144 = CIRCLE ( 'NONE', #2860, 3.399999999999958600 ) ;
#3145 = CARTESIAN_POINT ( 'NONE',  ( 56.50000000000003600, -23.00000000000000700, -97.31906288081489700 ) ) ;
#3146 = EDGE_CURVE ( 'NONE', #448, #1120, #1208, .T. ) ;
#3147 = CARTESIAN_POINT ( 'NONE',  ( 86.00000000000000000, -286.0000000000000600, 700.0000000000000000 ) ) ;
#3148 = DIRECTION ( 'NONE',  ( 0.0000000000000000000, 0.0000000000000000000, 1.000000000000000000 ) ) ;
#3149 = FILL_AREA_STYLE_COLOUR ( '', #2764 ) ;
#3150 = STYLED_ITEM ( 'NONE', ( #1282 ), #2346 ) ;
#3151 = LINE ( 'NONE', #627, #4015 ) ;
#3152 = DIRECTION ( 'NONE',  ( 1.000000000000000000, -4.625929269271481400E-015, 0.0000000000000000000 ) ) ;
#3153 = CARTESIAN_POINT ( 'NONE',  ( 87.50000000000005700, -286.0000000000000600, -700.0000000000000000 ) ) ;
#3154 = ORIENTED_EDGE ( 'NONE', *, *, #1434, .F. ) ;
#3155 = CARTESIAN_POINT ( 'NONE',  ( 39.50000000000012100, 173.0000000000000000, 700.0000000000000000 ) ) ;
#3156 = ADVANCED_FACE ( 'NONE', ( #1148 ), #4526, .F. ) ;
#3157 = ORIENTED_EDGE ( 'NONE', *, *, #1847, .F. ) ;
#3158 = AXIS2_PLACEMENT_3D ( 'NONE', #4295, #155, #524 ) ;
#3159 = LINE ( 'NONE', #2631, #1026 ) ;
#3160 = ORIENTED_EDGE ( 'NONE', *, *, #3125, .T. ) ;
#3161 = VECTOR ( 'NONE', #2728, 1000.000000000000000 ) ;
#3162 = EDGE_CURVE ( 'NONE', #1053, #832, #4152, .T. ) ;
#3163 = VERTEX_POINT ( 'NONE', #577 ) ;
#3164 = DIRECTION ( 'NONE',  ( -0.0000000000000000000, -0.0000000000000000000, -1.000000000000000000 ) ) ;
#3165 = CIRCLE ( 'NONE', #3575, 100.0000000000000000 ) ;
#3166 = CARTESIAN_POINT ( 'NONE',  ( -7.499999999999985800, 420.0000000000000000, -697.5000000000000000 ) ) ;
#3167 = CARTESIAN_POINT ( 'NONE',  ( 87.50000000000014200, -13.99999999999999800, 700.0000000000000000 ) ) ;
#3168 = ORIENTED_EDGE ( 'NONE', *, *, #561, .F. ) ;
#3169 = DIRECTION ( 'NONE',  ( -0.0000000000000000000, -1.000000000000000000, -0.0000000000000000000 ) ) ;
#3170 = ORIENTED_EDGE ( 'NONE', *, *, #3176, .T. ) ;
#3171 = CARTESIAN_POINT ( 'NONE',  ( -62.49999999999999300, -393.7500000000000000, -598.3999999999999800 ) ) ;
#3172 = CIRCLE ( 'NONE', #1349, 3.399999999999958600 ) ;
#3173 = EDGE_CURVE ( 'NONE', #868, #2039, #3907, .T. ) ;
#3174 = VECTOR ( 'NONE', #1616, 1000.000000000000100 ) ;
#3175 = ADVANCED_BREP_SHAPE_REPRESENTATION ( 'Z250B-1-7A工作台板', ( #4257, #488 ), #2783 ) ;
#3176 = EDGE_CURVE ( 'NONE', #4860, #1401, #4391, .T. ) ;
#3177 = ADVANCED_FACE ( 'NONE', ( #1435 ), #3401, .F. ) ;
#3178 = EDGE_CURVE ( 'NONE', #273, #2287, #2213, .T. ) ;
#3179 = FILL_AREA_STYLE ('',( #2786 ) ) ;
#3180 = CARTESIAN_POINT ( 'NONE',  ( -87.50000000000004300, -240.0000000000000000, 673.2500000000000000 ) ) ;
#3181 = CARTESIAN_POINT ( 'NONE',  ( -62.49999999999999300, -420.0000000000000000, 595.0000000000000000 ) ) ;
#3182 = ORIENTED_EDGE ( 'NONE', *, *, #1388, .F. ) ;
#3183 = DIRECTION ( 'NONE',  ( -1.000000000000000000, -3.412570772413391000E-016, 0.0000000000000000000 ) ) ;
#3184 = ORIENTED_EDGE ( 'NONE', *, *, #2972, .F. ) ;
#3185 = STYLED_ITEM ( 'NONE', ( #3715 ), #3428 ) ;
#3186 = ORIENTED_EDGE ( 'NONE', *, *, #1593, .F. ) ;
#3187 = EDGE_CURVE ( 'NONE', #1817, #4589, #4452, .T. ) ;
#3188 = SHAPE_DEFINITION_REPRESENTATION ( #1370, #3175 ) ;
#3189 = FACE_OUTER_BOUND ( 'NONE', #1207, .T. ) ;
#3190 = EDGE_LOOP ( 'NONE', ( #184, #875, #4200, #370 ) ) ;
#3191 = LINE ( 'NONE', #2548, #699 ) ;
#3192 = VERTEX_POINT ( 'NONE', #3939 ) ;
#3193 = DIRECTION ( 'NONE',  ( 0.0000000000000000000, 0.0000000000000000000, 1.000000000000000000 ) ) ;
#3194 = VECTOR ( 'NONE', #1579, 1000.000000000000100 ) ;
#3195 = ORIENTED_EDGE ( 'NONE', *, *, #1325, .T. ) ;
#3196 = DIRECTION ( 'NONE',  ( 1.000000000000000000, -0.0000000000000000000, -0.0000000000000000000 ) ) ;
#3197 = LINE ( 'NONE', #1296, #3075 ) ;
#3198 = ORIENTED_EDGE ( 'NONE', *, *, #4189, .T. ) ;
#3199 = ORIENTED_EDGE ( 'NONE', *, *, #4336, .T. ) ;
#3200 =( NAMED_UNIT ( * ) SI_UNIT ( $, .STERADIAN. ) SOLID_ANGLE_UNIT ( ) );
#3201 = VECTOR ( 'NONE', #616, 1000.000000000000000 ) ;
#3202 = ORIENTED_EDGE ( 'NONE', *, *, #1937, .F. ) ;
#3203 = FACE_OUTER_BOUND ( 'NONE', #440, .T. ) ;
#3204 =( NAMED_UNIT ( * ) SI_UNIT ( $, .STERADIAN. ) SOLID_ANGLE_UNIT ( ) );
#3205 = CARTESIAN_POINT ( 'NONE',  ( 57.50000000000010700, -127.0000000000000000, -700.0000000000000000 ) ) ;
#3206 = ADVANCED_FACE ( 'NONE', ( #2400 ), #2980, .F. ) ;
#3207 = VECTOR ( 'NONE', #1582, 1000.000000000000000 ) ;
#3208 = EDGE_LOOP ( 'NONE', ( #2119, #128, #3285 ) ) ;
#3209 = LINE ( 'NONE', #987, #3949 ) ;
#3210 = ORIENTED_EDGE ( 'NONE', *, *, #3859, .F. ) ;
#3211 = CARTESIAN_POINT ( 'NONE',  ( 57.50000000000006400, -278.0000000000001100, -700.0000000000000000 ) ) ;
#3212 = AXIS2_PLACEMENT_3D ( 'NONE', #4818, #1036, #1438 ) ;
#3213 = CARTESIAN_POINT ( 'NONE',  ( 56.49999999999995000, 277.0000000000000000, 700.0000000000000000 ) ) ;
#3214 = VECTOR ( 'NONE', #870, 1000.000000000000000 ) ;
#3215 = ORIENTED_EDGE ( 'NONE', *, *, #2676, .T. ) ;
#3216 = ORIENTED_EDGE ( 'NONE', *, *, #13, .F. ) ;
#3217 = FACE_BOUND ( 'NONE', #3723, .T. ) ;
#3218 = DIRECTION ( 'NONE',  ( -0.0000000000000000000, -0.0000000000000000000, -1.000000000000000000 ) ) ;
#3219 = CARTESIAN_POINT ( 'NONE',  ( 57.50000000000006400, 277.9999999999998900, -700.0000000000000000 ) ) ;
#3220 = ADVANCED_FACE ( 'NONE', ( #1024 ), #1563, .F. ) ;
#3221 = ORIENTED_EDGE ( 'NONE', *, *, #2362, .T. ) ;
#3222 = AXIS2_PLACEMENT_3D ( 'NONE', #376, #1137, #1928 ) ;
#3223 = VECTOR ( 'NONE', #849, 1000.000000000000100 ) ;
#3224 = EDGE_CURVE ( 'NONE', #3774, #1262, #2804, .T. ) ;
#3225 = ORIENTED_EDGE ( 'NONE', *, *, #1429, .T. ) ;
#3226 = EDGE_CURVE ( 'NONE', #2102, #836, #3842, .T. ) ;
#3227 = EDGE_CURVE ( 'NONE', #4193, #1496, #4144, .T. ) ;
#3228 = DIRECTION ( 'NONE',  ( 0.0000000000000000000, -0.5150380749100544900, -0.8571673007021121100 ) ) ;
#3229 = CARTESIAN_POINT ( 'NONE',  ( 85.49999999999998600, -9.586629735661305400E-015, 0.0000000000000000000 ) ) ;
#3230 = VECTOR ( 'NONE', #678, 1000.000000000000100 ) ;
#3231 = CONICAL_SURFACE ( 'NONE', #1842, 13.24999999999998400, 1.029744258676653000 ) ;
#3232 = VECTOR ( 'NONE', #3253, 1000.000000000000000 ) ;
#3233 = ORIENTED_EDGE ( 'NONE', *, *, #4718, .F. ) ;
#3234 = EDGE_CURVE ( 'NONE', #236, #844, #4520, .T. ) ;
#3235 = LINE ( 'NONE', #4754, #2087 ) ;
#3236 = DIRECTION ( 'NONE',  ( 0.0000000000000000000, 0.0000000000000000000, 1.000000000000000000 ) ) ;
#3237 = EDGE_LOOP ( 'NONE', ( #146, #2326, #395, #3359 ) ) ;
#3238 = CARTESIAN_POINT ( 'NONE',  ( 87.50000000000005700, 286.0000000000000600, 700.0000000000000000 ) ) ;
#3239 = EDGE_LOOP ( 'NONE', ( #2370, #2270, #1402, #4544 ) ) ;
#3240 = CARTESIAN_POINT ( 'NONE',  ( 37.50000000000011400, 170.9999999999999700, 700.0000000000000000 ) ) ;
#3241 = ORIENTED_EDGE ( 'NONE', *, *, #4430, .F. ) ;
#3242 = PLANE ( 'NONE',  #3142 ) ;
#3243 = MECHANICAL_DESIGN_GEOMETRIC_PRESENTATION_REPRESENTATION (  '', ( #4504 ), #4768 ) ;
#3244 = EDGE_LOOP ( 'NONE', ( #2485, #674, #3054, #1663 ) ) ;
#3245 = B_SPLINE_CURVE_WITH_KNOTS ( 'NONE', 3,
 ( #2419, #2797, #2872, #137 ),
 .UNSPECIFIED., .F., .F.,
 ( 4, 4 ),
 ( 0.0000000000000000000, 0.002485532511757775800 ),
 .UNSPECIFIED. ) ;
#3246 = ADVANCED_FACE ( 'NONE', ( #2146 ), #826, .F. ) ;
#3247 = ORIENTED_EDGE ( 'NONE', *, *, #1501, .F. ) ;
#3248 = DIRECTION ( 'NONE',  ( 0.0000000000000000000, 0.0000000000000000000, 1.000000000000000000 ) ) ;
#3249 = EDGE_CURVE ( 'NONE', #4557, #2102, #3394, .T. ) ;
#3250 = DIRECTION ( 'NONE',  ( -4.625929269271481400E-015, -1.000000000000000000, 0.0000000000000000000 ) ) ;
#3251 = EDGE_CURVE ( 'NONE', #3362, #3856, #607, .T. ) ;
#3252 = ORIENTED_EDGE ( 'NONE', *, *, #3403, .T. ) ;
#3253 = DIRECTION ( 'NONE',  ( -1.000000000000000000, -0.0000000000000000000, -0.0000000000000000000 ) ) ;
#3254 = PLANE ( 'NONE',  #150 ) ;
#3255 = CARTESIAN_POINT ( 'NONE',  ( 86.00000000000031300, -13.99999999999999800, 700.0000000000000000 ) ) ;
#3256 = VERTEX_POINT ( 'NONE', #3063 ) ;
#3257 = ORIENTED_EDGE ( 'NONE', *, *, #4933, .F. ) ;
#3258 = VERTEX_POINT ( 'NONE', #3511 ) ;
#3259 = AXIS2_PLACEMENT_3D ( 'NONE', #1083, #3035, #1130 ) ;
#3260 = ORIENTED_EDGE ( 'NONE', *, *, #1635, .F. ) ;
#3261 = CONICAL_SURFACE ( 'NONE', #1, 3.399999999999958600, 1.029744258676654100 ) ;
#3262 =( NAMED_UNIT ( * ) PLANE_ANGLE_UNIT ( ) SI_UNIT ( $, .RADIAN. ) );
#3263 = ORIENTED_EDGE ( 'NONE', *, *, #1606, .T. ) ;
#3264 = ORIENTED_EDGE ( 'NONE', *, *, #2524, .F. ) ;
#3265 = ORIENTED_EDGE ( 'NONE', *, *, #3422, .T. ) ;
#3266 = VECTOR ( 'NONE', #3627, 1000.000000000000000 ) ;
#3267 = CARTESIAN_POINT ( 'NONE',  ( 37.50000000000008500, 322.9999999999999400, 700.0000000000000000 ) ) ;
#3268 = SURFACE_STYLE_FILL_AREA ( #3382 ) ;
#3269 = CARTESIAN_POINT ( 'NONE',  ( 86.00000000000000000, -313.9999999999999400, 700.0000000000000000 ) ) ;
#3270 = ADVANCED_FACE ( 'NONE', ( #1086 ), #3111, .F. ) ;
#3271 = LINE ( 'NONE', #419, #4011 ) ;
#3272 = ORIENTED_EDGE ( 'NONE', *, *, #1342, .F. ) ;
#3273 = CARTESIAN_POINT ( 'NONE',  ( 56.49999999999995000, -277.0000000000000000, -700.0000000000000000 ) ) ;
#3274 = CARTESIAN_POINT ( 'NONE',  ( 87.50000000000000000, 417.5000000000000600, -700.0000000000000000 ) ) ;
#3275 = CARTESIAN_POINT ( 'NONE',  ( 57.16627312371099400, 22.33372687628925500, -97.47472329838163300 ) ) ;
#3276 = ORIENTED_EDGE ( 'NONE', *, *, #3521, .F. ) ;
#3277 = DIRECTION ( 'NONE',  ( -0.7071067811864690800, 0.7071067811866260700, 0.0000000000000000000 ) ) ;
#3278 = PLANE ( 'NONE',  #3568 ) ;
#3279 = ORIENTED_EDGE ( 'NONE', *, *, #238, .F. ) ;
#3280 = CARTESIAN_POINT ( 'NONE',  ( 37.50000000000008500, 279.0000000000000000, 700.0000000000000000 ) ) ;
#3281 = CARTESIAN_POINT ( 'NONE',  ( 56.50000000000000000, -173.0000000000000000, 700.0000000000000000 ) ) ;
#3282 = STYLED_ITEM ( 'NONE', ( #3835 ), #1634 ) ;
#3283 = ORIENTED_EDGE ( 'NONE', *, *, #1999, .F. ) ;
#3284 = LINE ( 'NONE', #1117, #175 ) ;
#3285 = ORIENTED_EDGE ( 'NONE', *, *, #4933, .T. ) ;
#3286 = DIRECTION ( 'NONE',  ( -0.7071067811864690800, 0.7071067811866260700, 0.0000000000000000000 ) ) ;
#3287 = VERTEX_POINT ( 'NONE', #1602 ) ;
#3288 = DIRECTION ( 'NONE',  ( -0.0000000000000000000, 0.7071067811865475700, 0.7071067811865475700 ) ) ;
#3289 = VECTOR ( 'NONE', #3563, 1000.000000000000000 ) ;
#3290 = ORIENTED_EDGE ( 'NONE', *, *, #4170, .F. ) ;
#3291 = EDGE_CURVE ( 'NONE', #2660, #844, #486, .T. ) ;
#3292 = DIRECTION ( 'NONE',  ( 0.0000000000000000000, 0.0000000000000000000, -1.000000000000000000 ) ) ;
#3293 = DIRECTION ( 'NONE',  ( -4.625929269271483700E-015, -1.000000000000000000, 0.0000000000000000000 ) ) ;
#3294 = DIRECTION ( 'NONE',  ( 3.412570772413390000E-016, 1.000000000000000000, -0.0000000000000000000 ) ) ;
#3295 = CARTESIAN_POINT ( 'NONE',  ( -62.49999999999999300, -393.7500000000000000, 591.6000000000000200 ) ) ;
#3296 = PRESENTATION_LAYER_ASSIGNMENT (  '', '', ( #4126 ) ) ;
#3297 = CARTESIAN_POINT ( 'NONE',  ( 37.50000000000011400, 173.0000000000000000, 700.0000000000000000 ) ) ;
#3298 = LINE ( 'NONE', #4618, #3744 ) ;
#3299 = LINE ( 'NONE', #3255, #250 ) ;
#3300 = CARTESIAN_POINT ( 'NONE',  ( 87.50000000000009900, 163.9999999999999700, 700.0000000000000000 ) ) ;
#3301 = VECTOR ( 'NONE', #726, 1000.000000000000000 ) ;
#3302 = CIRCLE ( 'NONE', #2092, 3.399999999999958600 ) ;
#3303 = EDGE_LOOP ( 'NONE', ( #4427, #26, #1447, #4665 ) ) ;
#3304 = SURFACE_SIDE_STYLE ('',( #1960 ) ) ;
#3305 = CARTESIAN_POINT ( 'NONE',  ( 57.50000000000011400, -171.9999999999998900, -700.0000000000000000 ) ) ;
#3306 = EDGE_CURVE ( 'NONE', #4739, #1042, #1785, .T. ) ;
#3307 = FACE_OUTER_BOUND ( 'NONE', #2371, .T. ) ;
#3308 = LINE ( 'NONE', #3772, #3062 ) ;
#3309 = CARTESIAN_POINT ( 'NONE',  ( 57.50000000000005700, 277.0000000000000000, 700.0000000000000000 ) ) ;
#3310 = VERTEX_POINT ( 'NONE', #2356 ) ;
#3311 = ORIENTED_EDGE ( 'NONE', *, *, #2547, .T. ) ;
#3312 = VERTEX_POINT ( 'NONE', #2406 ) ;
#3313 = COLOUR_RGB ( '',0.6470588235294118000, 0.6196078431372549200, 0.5882352941176470800 ) ;
#3314 = ORIENTED_EDGE ( 'NONE', *, *, #4659, .F. ) ;
#3315 = ORIENTED_EDGE ( 'NONE', *, *, #1326, .T. ) ;
#3316 =( GEOMETRIC_REPRESENTATION_CONTEXT ( 3 ) GLOBAL_UNCERTAINTY_ASSIGNED_CONTEXT ( ( #3883 ) ) GLOBAL_UNIT_ASSIGNED_CONTEXT ( ( #4792, #4353, #3602 ) ) REPRESENTATION_CONTEXT ( 'NONE', 'WORKASPACE' ) );
#3317 = DIRECTION ( 'NONE',  ( -0.0000000000000000000, -1.000000000000000000, -0.0000000000000000000 ) ) ;
#3318 = ORIENTED_EDGE ( 'NONE', *, *, #3134, .T. ) ;
#3319 = EDGE_CURVE ( 'NONE', #4150, #649, #4576, .T. ) ;
#3320 = FACE_OUTER_BOUND ( 'NONE', #2543, .T. ) ;
#3321 = LINE ( 'NONE', #1768, #4491 ) ;
#3322 = DIRECTION ( 'NONE',  ( 1.000000000000000000, -5.782411586589363600E-017, 0.0000000000000000000 ) ) ;
#3323 = AXIS2_PLACEMENT_3D ( 'NONE', #427, #3816, #4222 ) ;
#3324 = VECTOR ( 'NONE', #4249, 1000.000000000000000 ) ;
#3325 = ORIENTED_EDGE ( 'NONE', *, *, #3709, .F. ) ;
#3326 = FACE_OUTER_BOUND ( 'NONE', #2035, .T. ) ;
#3327 = DIRECTION ( 'NONE',  ( 0.0000000000000000000, -1.000000000000000000, 0.0000000000000000000 ) ) ;
#3328 = ORIENTED_EDGE ( 'NONE', *, *, #501, .T. ) ;
#3329 = DIRECTION ( 'NONE',  ( 0.0000000000000000000, 0.0000000000000000000, -1.000000000000000000 ) ) ;
#3330 = FILL_AREA_STYLE ('',( #4862 ) ) ;
#3331 = VERTEX_POINT ( 'NONE', #3846 ) ;
#3332 = CARTESIAN_POINT ( 'NONE',  ( 87.50000000000014200, -13.99999999999999800, -700.0000000000000000 ) ) ;
#3333 = VECTOR ( 'NONE', #1373, 1000.000000000000000 ) ;
#3334 = FILL_AREA_STYLE ('',( #2978 ) ) ;
#3335 = UNCERTAINTY_MEASURE_WITH_UNIT (LENGTH_MEASURE( 1.000000000000000100E-005 ), #4454, 'distance_accuracy_value', 'NONE');
#3336 = DIRECTION ( 'NONE',  ( 0.7071067811865474600, 0.7071067811865474600, -0.0000000000000000000 ) ) ;
#3337 = VERTEX_POINT ( 'NONE', #4256 ) ;
#3338 = DIRECTION ( 'NONE',  ( -0.7071067811865475700, 0.7071067811865475700, 0.0000000000000000000 ) ) ;
#3339 = DIRECTION ( 'NONE',  ( 0.0000000000000000000, 0.0000000000000000000, -1.000000000000000000 ) ) ;
#3340 = DIRECTION ( 'NONE',  ( 1.000000000000000000, -0.0000000000000000000, -0.0000000000000000000 ) ) ;
#3341 = EDGE_CURVE ( 'NONE', #4953, #2976, #3667, .T. ) ;
#3342 = EDGE_LOOP ( 'NONE', ( #243, #4614, #597, #3202 ) ) ;
#3343 = AXIS2_PLACEMENT_3D ( 'NONE', #2575, #4422, #2500 ) ;
#3344 = ORIENTED_EDGE ( 'NONE', *, *, #2711, .F. ) ;
#3345 = EDGE_LOOP ( 'NONE', ( #20, #556, #2114 ) ) ;
#3346 = SURFACE_STYLE_USAGE ( .BOTH. , #1060 ) ;
#3347 = DIRECTION ( 'NONE',  ( 0.0000000000000000000, 1.000000000000000000, -0.0000000000000000000 ) ) ;
#3348 = AXIS2_PLACEMENT_3D ( 'NONE', #980, #230, #963 ) ;
#3349 = ORIENTED_EDGE ( 'NONE', *, *, #3377, .F. ) ;
#3350 = DIRECTION ( 'NONE',  ( 0.0000000000000000000, 0.0000000000000000000, -1.000000000000000000 ) ) ;
#3351 = CARTESIAN_POINT ( 'NONE',  ( 57.50000000000005700, 322.9999999999999400, 700.0000000000000000 ) ) ;
#3352 = PLANE ( 'NONE',  #3738 ) ;
#3353 = CARTESIAN_POINT ( 'NONE',  ( 56.50000000000003600, -23.00000000000000700, 97.31906288081489700 ) ) ;
#3354 = DIRECTION ( 'NONE',  ( 0.7071067811865474600, -0.7071067811865474600, -0.0000000000000000000 ) ) ;
#3355 = ORIENTED_EDGE ( 'NONE', *, *, #3601, .F. ) ;
#3356 = CARTESIAN_POINT ( 'NONE',  ( 39.50000000000015600, -22.99999999999999600, -97.31906288081492600 ) ) ;
#3357 = CARTESIAN_POINT ( 'NONE',  ( 57.50000000000014900, 136.0000000000000000, 700.0000000000000000 ) ) ;
#3358 = CARTESIAN_POINT ( 'NONE',  ( 87.50000000000005700, 284.5000000000000000, 700.0000000000000000 ) ) ;
#3359 = ORIENTED_EDGE ( 'NONE', *, *, #2793, .F. ) ;
#3360 = DIRECTION ( 'NONE',  ( -0.0000000000000000000, -1.000000000000000000, -0.0000000000000000000 ) ) ;
#3361 = ORIENTED_EDGE ( 'NONE', *, *, #3709, .T. ) ;
#3362 = VERTEX_POINT ( 'NONE', #4270 ) ;
#3363 = CARTESIAN_POINT ( 'NONE',  ( -87.50000000000000000, -417.5000000000000600, 700.0000000000000000 ) ) ;
#3364 = ORIENTED_EDGE ( 'NONE', *, *, #2281, .T. ) ;
#3365 = MECHANICAL_DESIGN_GEOMETRIC_PRESENTATION_REPRESENTATION (  '', ( #413 ), #3788 ) ;
#3366 = DIRECTION ( 'NONE',  ( -1.000000000000000000, -0.0000000000000000000, -0.0000000000000000000 ) ) ;
#3367 = ORIENTED_EDGE ( 'NONE', *, *, #1857, .F. ) ;
#3368 = LINE ( 'NONE', #897, #2560 ) ;
#3369 = CARTESIAN_POINT ( 'NONE',  ( -62.49999999999999300, -393.7500000000000000, -681.6000000000000200 ) ) ;
#3370 = EDGE_CURVE ( 'NONE', #1214, #2718, #3550, .T. ) ;
#3371 = AXIS2_PLACEMENT_3D ( 'NONE', #4581, #2317, #803 ) ;
#3372 = LINE ( 'NONE', #257, #827 ) ;
#3373 = DIRECTION ( 'NONE',  ( 0.0000000000000000000, 0.0000000000000000000, 1.000000000000000000 ) ) ;
#3374 = LINE ( 'NONE', #2237, #288 ) ;
#3375 = EDGE_CURVE ( 'NONE', #515, #3192, #211, .T. ) ;
#3376 = PLANE ( 'NONE',  #453 ) ;
#3377 = EDGE_CURVE ( 'NONE', #2179, #3419, #2861, .T. ) ;
#3378 = EDGE_CURVE ( 'NONE', #1907, #1409, #3100, .T. ) ;
#3379 = CARTESIAN_POINT ( 'NONE',  ( -32.49999999999999300, -393.7500000000000000, 684.9999999999998900 ) ) ;
#3380 = ORIENTED_EDGE ( 'NONE', *, *, #2089, .F. ) ;
#3381 = VECTOR ( 'NONE', #1561, 1000.000000000000100 ) ;
#3382 = FILL_AREA_STYLE ('',( #1452 ) ) ;
#3383 = CARTESIAN_POINT ( 'NONE',  ( -32.49999999999998600, -420.0000000000000000, 598.3999999999999800 ) ) ;
#3384 = AXIS2_PLACEMENT_3D ( 'NONE', #1801, #3638, #2599 ) ;
#3385 = CARTESIAN_POINT ( 'NONE',  ( 57.50000000000014900, 163.9999999999999700, -700.0000000000000000 ) ) ;
#3386 = VECTOR ( 'NONE', #4097, 1000.000000000000000 ) ;
#3387 = ORIENTED_EDGE ( 'NONE', *, *, #4748, .F. ) ;
#3388 = CARTESIAN_POINT ( 'NONE',  ( -87.50000000000004300, -240.0000000000000000, 673.2500000000000000 ) ) ;
#3389 = SURFACE_STYLE_FILL_AREA ( #3330 ) ;
#3390 = EDGE_CURVE ( 'NONE', #4471, #4820, #851, .T. ) ;
#3391 = VERTEX_POINT ( 'NONE', #4443 ) ;
#3392 = EDGE_CURVE ( 'NONE', #1703, #1382, #1838, .T. ) ;
#3393 = DIRECTION ( 'NONE',  ( -1.000000000000000000, 0.0000000000000000000, 0.0000000000000000000 ) ) ;
#3394 = B_SPLINE_CURVE_WITH_KNOTS ( 'NONE', 3,
 ( #4569, #25, #1264, #1276 ),
 .UNSPECIFIED., .F., .F.,
 ( 4, 4 ),
 ( 5.204170427930422100E-018, 0.002485532511757765400 ),
 .UNSPECIFIED. ) ;
#3395 = VECTOR ( 'NONE', #2747, 1000.000000000000000 ) ;
#3396 = VERTEX_POINT ( 'NONE', #3357 ) ;
#3397 = CARTESIAN_POINT ( 'NONE',  ( 57.50000000000014900, 163.9999999999999700, 700.0000000000000000 ) ) ;
#3398 = DIRECTION ( 'NONE',  ( 0.0000000000000000000, 0.0000000000000000000, -1.000000000000000000 ) ) ;
#3399 = ORIENTED_EDGE ( 'NONE', *, *, #3306, .T. ) ;
#3400 = CARTESIAN_POINT ( 'NONE',  ( 39.50000000000012100, 127.0000000000000000, 700.0000000000000000 ) ) ;
#3401 = CONICAL_SURFACE ( 'NONE', #213, 13.24999999999998400, 1.029744258676653000 ) ;
#3402 = CARTESIAN_POINT ( 'NONE',  ( 57.50000000000014900, 136.0000000000000000, -700.0000000000000000 ) ) ;
#3403 = EDGE_CURVE ( 'NONE', #4656, #3647, #428, .T. ) ;
#3404 = ORIENTED_EDGE ( 'NONE', *, *, #759, .T. ) ;
#3405 = PLANE ( 'NONE',  #4687 ) ;
#3406 = EDGE_CURVE ( 'NONE', #1962, #1048, #964, .T. ) ;
#3407 = DIRECTION ( 'NONE',  ( -0.0000000000000000000, -1.000000000000000000, -0.0000000000000000000 ) ) ;
#3408 = AXIS2_PLACEMENT_3D ( 'NONE', #2108, #3288, #4341 ) ;
#3409 = ADVANCED_FACE ( 'NONE', ( #1303, #1609, #4760, #4206, #4380, #1542, #3217, #3094, #1198 ), #663, .F. ) ;
#3410 = ORIENTED_EDGE ( 'NONE', *, *, #3954, .T. ) ;
#3411 = VECTOR ( 'NONE', #1475, 1000.000000000000100 ) ;
#3412 = ORIENTED_EDGE ( 'NONE', *, *, #839, .F. ) ;
#3413 = PRESENTATION_STYLE_ASSIGNMENT (( #3983 ) ) ;
#3414 = DIRECTION ( 'NONE',  ( -4.625929269271481400E-015, -1.000000000000000000, 0.0000000000000000000 ) ) ;
#3415 = CONICAL_SURFACE ( 'NONE', #4137, 13.24999999999998400, 1.029744258676653000 ) ;
#3416 = ORIENTED_EDGE ( 'NONE', *, *, #4565, .F. ) ;
#3417 = ORIENTED_EDGE ( 'NONE', *, *, #2264, .T. ) ;
#3418 = CARTESIAN_POINT ( 'NONE',  ( 87.50000000000005700, -284.5000000000000000, 700.0000000000000000 ) ) ;
#3419 = VERTEX_POINT ( 'NONE', #679 ) ;
#3420 = DIRECTION ( 'NONE',  ( 0.0000000000000000000, 0.0000000000000000000, 1.000000000000000000 ) ) ;
#3421 = DIRECTION ( 'NONE',  ( -0.0000000000000000000, -1.000000000000000000, -0.0000000000000000000 ) ) ;
#3422 = EDGE_CURVE ( 'NONE', #1767, #2573, #2625, .T. ) ;
#3423 = DIRECTION ( 'NONE',  ( 1.049727191138618400E-016, -0.5150380749100544900, 0.8571673007021121100 ) ) ;
#3424 = ORIENTED_EDGE ( 'NONE', *, *, #1178, .F. ) ;
#3425 = CARTESIAN_POINT ( 'NONE',  ( -15.00000000000004100, 240.0000000000000000, -646.7500000000000000 ) ) ;
#3426 = CARTESIAN_POINT ( 'NONE',  ( 56.50000000000000000, -173.0000000000000000, 700.0000000000000000 ) ) ;
#3427 = ORIENTED_EDGE ( 'NONE', *, *, #4405, .T. ) ;
#3428 = ADVANCED_FACE ( 'NONE', ( #1428 ), #342, .F. ) ;
#3429 = ORIENTED_EDGE ( 'NONE', *, *, #4486, .F. ) ;
#3430 = PLANE ( 'NONE',  #2193 ) ;
#3431 = EDGE_CURVE ( 'NONE', #2801, #3782, #3141, .T. ) ;
#3432 = ORIENTED_EDGE ( 'NONE', *, *, #3119, .T. ) ;
#3433 = VECTOR ( 'NONE', #131, 1000.000000000000000 ) ;
#3434 = ORIENTED_EDGE ( 'NONE', *, *, #3422, .F. ) ;
#3435 = CONICAL_SURFACE ( 'NONE', #3890, 13.24999999999998400, 1.029744258676653000 ) ;
#3436 = DIRECTION ( 'NONE',  ( 0.0000000000000000000, 0.0000000000000000000, 1.000000000000000000 ) ) ;
#3437 = VECTOR ( 'NONE', #3622, 1000.000000000000000 ) ;
#3438 = PLANE ( 'NONE',  #3728 ) ;
#3439 = ORIENTED_EDGE ( 'NONE', *, *, #242, .T. ) ;
#3440 = ORIENTED_EDGE ( 'NONE', *, *, #3725, .F. ) ;
#3441 = AXIS2_PLACEMENT_3D ( 'NONE', #321, #1032, #4101 ) ;
#3442 = DIRECTION ( 'NONE',  ( 1.000000000000000000, 0.0000000000000000000, 0.0000000000000000000 ) ) ;
#3443 = EDGE_CURVE ( 'NONE', #1050, #795, #3191, .T. ) ;
#3444 = DIRECTION ( 'NONE',  ( 0.0000000000000000000, 0.0000000000000000000, 1.000000000000000000 ) ) ;
#3445 = CARTESIAN_POINT ( 'NONE',  ( 87.50000000000005700, 286.0000000000000600, 700.0000000000000000 ) ) ;
#3446 = FACE_OUTER_BOUND ( 'NONE', #559, .T. ) ;
#3447 = CARTESIAN_POINT ( 'NONE',  ( 87.50000000000014200, -23.00000000000000700, -97.31906288081489700 ) ) ;
#3448 = CARTESIAN_POINT ( 'NONE',  ( 38.83488641741331500, 22.33488641741315600, 97.47625317783030100 ) ) ;
#3449 = ADVANCED_FACE ( 'NONE', ( #2098 ), #2913, .T. ) ;
#3450 = VERTEX_POINT ( 'NONE', #3650 ) ;
#3451 = DIRECTION ( 'NONE',  ( 4.625929269271483700E-015, 1.000000000000000000, 0.0000000000000000000 ) ) ;
#3452 = AXIS2_PLACEMENT_3D ( 'NONE', #3418, #1142, #346 ) ;
#3453 = DIRECTION ( 'NONE',  ( -0.0000000000000000000, -1.000000000000000000, -0.0000000000000000000 ) ) ;
#3454 = VECTOR ( 'NONE', #4835, 1000.000000000000000 ) ;
#3455 = PLANE ( 'NONE',  #2273 ) ;
#3456 = DIRECTION ( 'NONE',  ( 0.0000000000000000000, 0.0000000000000000000, 1.000000000000000000 ) ) ;
#3457 = CARTESIAN_POINT ( 'NONE',  ( 87.50000000000014200, 15.50000000000027700, 700.0000000000000000 ) ) ;
#3458 = ORIENTED_EDGE ( 'NONE', *, *, #840, .F. ) ;
#3459 = PRESENTATION_LAYER_ASSIGNMENT (  '', '', ( #4580 ) ) ;
#3460 = EDGE_CURVE ( 'NONE', #1376, #444, #4528, .T. ) ;
#3461 = CIRCLE ( 'NONE', #1873, 13.24999999999998400 ) ;
#3462 = EDGE_CURVE ( 'NONE', #4488, #3782, #4704, .T. ) ;
#3463 = ORIENTED_EDGE ( 'NONE', *, *, #2972, .T. ) ;
#3464 = DIRECTION ( 'NONE',  ( 0.0000000000000000000, 0.0000000000000000000, -1.000000000000000000 ) ) ;
#3465 = DIRECTION ( 'NONE',  ( 0.0000000000000000000, 0.0000000000000000000, -1.000000000000000000 ) ) ;
#3466 = ORIENTED_EDGE ( 'NONE', *, *, #1853, .T. ) ;
#3467 =( GEOMETRIC_REPRESENTATION_CONTEXT ( 3 ) GLOBAL_UNCERTAINTY_ASSIGNED_CONTEXT ( ( #2666 ) ) GLOBAL_UNIT_ASSIGNED_CONTEXT ( ( #2992, #334, #3 ) ) REPRESENTATION_CONTEXT ( 'NONE', 'WORKASPACE' ) );
#3468 = EDGE_CURVE ( 'NONE', #1534, #2020, #3637, .T. ) ;
#3469 = ORIENTED_EDGE ( 'NONE', *, *, #1023, .F. ) ;
#3470 = CARTESIAN_POINT ( 'NONE',  ( 37.50000000000014900, 20.99999999999999300, -97.77013859047134800 ) ) ;
#3471 = ADVANCED_FACE ( 'NONE', ( #3019 ), #1136, .F. ) ;
#3472 = ORIENTED_EDGE ( 'NONE', *, *, #4652, .F. ) ;
#3473 = EDGE_CURVE ( 'NONE', #781, #4803, #3107, .T. ) ;
#3474 = ORIENTED_EDGE ( 'NONE', *, *, #766, .T. ) ;
#3475 = ORIENTED_EDGE ( 'NONE', *, *, #839, .T. ) ;
#3476 = FACE_OUTER_BOUND ( 'NONE', #1279, .T. ) ;
#3477 = ORIENTED_EDGE ( 'NONE', *, *, #3924, .F. ) ;
#3478 = CARTESIAN_POINT ( 'NONE',  ( 37.50000000000014900, -21.00000000000000000, 97.77013859047149000 ) ) ;
#3479 = EDGE_LOOP ( 'NONE', ( #1357, #2246, #1869, #2953 ) ) ;
#3480 = EDGE_LOOP ( 'NONE', ( #2886, #1217, #4251, #4612 ) ) ;
#3481 = COLOUR_RGB ( '',0.6470588235294118000, 0.6196078431372549200, 0.5882352941176470800 ) ;
#3482 = ORIENTED_EDGE ( 'NONE', *, *, #1749, .F. ) ;
#3483 = LINE ( 'NONE', #4698, #1707 ) ;
#3484 = VERTEX_POINT ( 'NONE', #4120 ) ;
#3485 = LINE ( 'NONE', #3447, #4560 ) ;
#3486 = CARTESIAN_POINT ( 'NONE',  ( 87.50000000000014200, -13.99999999999999800, 700.0000000000000000 ) ) ;
#3487 = EDGE_CURVE ( 'NONE', #4823, #1514, #336, .T. ) ;
#3488 = CARTESIAN_POINT ( 'NONE',  ( -87.50000000000007100, 340.0000000000001100, 700.0000000000000000 ) ) ;
#3489 = LINE ( 'NONE', #2021, #2491 ) ;
#3490 = ORIENTED_EDGE ( 'NONE', *, *, #4121, .F. ) ;
#3491 = EDGE_CURVE ( 'NONE', #187, #3860, #2531, .T. ) ;
#3492 = CARTESIAN_POINT ( 'NONE',  ( 57.50000000000009900, -313.9999999999999400, -700.0000000000000000 ) ) ;
#3493 = DIRECTION ( 'NONE',  ( -1.000000000000000000, 0.0000000000000000000, 0.0000000000000000000 ) ) ;
#3494 = VERTEX_POINT ( 'NONE', #339 ) ;
#3495 = DIRECTION ( 'NONE',  ( -0.0000000000000000000, -0.0000000000000000000, -1.000000000000000000 ) ) ;
#3496 = DIRECTION ( 'NONE',  ( 0.0000000000000000000, 0.0000000000000000000, 1.000000000000000000 ) ) ;
#3497 = ADVANCED_FACE ( 'NONE', ( #733 ), #2233, .F. ) ;
#3498 = ORIENTED_EDGE ( 'NONE', *, *, #3612, .T. ) ;
#3499 = PRESENTATION_LAYER_ASSIGNMENT (  '', '', ( #2752 ) ) ;
#3500 = LINE ( 'NONE', #1366, #1963 ) ;
#3501 = CARTESIAN_POINT ( 'NONE',  ( 39.75000000000012100, 39.75000000000012100, -700.0000000000000000 ) ) ;
#3502 = DIRECTION ( 'NONE',  ( 0.0000000000000000000, 0.0000000000000000000, 1.000000000000000000 ) ) ;
#3503 = FACE_OUTER_BOUND ( 'NONE', #1462, .T. ) ;
#3504 = DIRECTION ( 'NONE',  ( 4.625929269271481400E-015, 1.000000000000000000, 0.0000000000000000000 ) ) ;
#3505 = ORIENTED_EDGE ( 'NONE', *, *, #2532, .F. ) ;
#3506 = LINE ( 'NONE', #1820, #1488 ) ;
#3507 = CARTESIAN_POINT ( 'NONE',  ( 87.50000000000009900, 136.0000000000000000, 700.0000000000000000 ) ) ;
#3508 = ORIENTED_EDGE ( 'NONE', *, *, #2793, .T. ) ;
#3509 = CIRCLE ( 'NONE', #4782, 3.399999999999958600 ) ;
#3510 = CIRCLE ( 'NONE', #4667, 100.0000000000000000 ) ;
#3511 = CARTESIAN_POINT ( 'NONE',  ( 87.50000000000005700, -284.5000000000000000, 700.0000000000000000 ) ) ;
#3512 = LINE ( 'NONE', #3486, #4655 ) ;
#3513 = ORIENTED_EDGE ( 'NONE', *, *, #4023, .T. ) ;
#3514 = ADVANCED_FACE ( 'NONE', ( #1678 ), #3376, .F. ) ;
#3515 = STYLED_ITEM ( 'NONE', ( #111 ), #1554 ) ;
#3516 = DIRECTION ( 'NONE',  ( -0.0000000000000000000, -0.0000000000000000000, -1.000000000000000000 ) ) ;
#3517 = PRESENTATION_STYLE_ASSIGNMENT (( #910 ) ) ;
#3518 = DIRECTION ( 'NONE',  ( -0.0000000000000000000, -1.000000000000000000, -0.0000000000000000000 ) ) ;
#3519 = VERTEX_POINT ( 'NONE', #2285 ) ;
#3520 = CARTESIAN_POINT ( 'NONE',  ( 85.99999999999987200, 13.99999999999999800, -99.52009847262000600 ) ) ;
#3521 = EDGE_CURVE ( 'NONE', #2845, #4675, #863, .T. ) ;
#3522 = ORIENTED_EDGE ( 'NONE', *, *, #1266, .T. ) ;
#3523 = ORIENTED_EDGE ( 'NONE', *, *, #4132, .T. ) ;
#3524 = PRODUCT_DEFINITION ( '未知', '', #1500, #1695 ) ;
#3525 = UNCERTAINTY_MEASURE_WITH_UNIT (LENGTH_MEASURE( 1.000000000000000100E-005 ), #4710, 'distance_accuracy_value', 'NONE');
#3526 = ORIENTED_EDGE ( 'NONE', *, *, #4553, .F. ) ;
#3527 = ORIENTED_EDGE ( 'NONE', *, *, #1608, .F. ) ;
#3528 = ORIENTED_EDGE ( 'NONE', *, *, #1507, .T. ) ;
#3529 = CARTESIAN_POINT ( 'NONE',  ( 85.49999999999998600, -13.99999999999999800, -99.01515035589251600 ) ) ;
#3530 = ORIENTED_EDGE ( 'NONE', *, *, #1094, .F. ) ;
#3531 = CARTESIAN_POINT ( 'NONE',  ( -32.49999999999999300, -420.0000000000000000, 681.6000000000000200 ) ) ;
#3532 = VECTOR ( 'NONE', #1033, 1000.000000000000100 ) ;
#3533 = VERTEX_POINT ( 'NONE', #3803 ) ;
#3534 = EDGE_CURVE ( 'NONE', #2306, #2280, #4780, .T. ) ;
#3535 = DIRECTION ( 'NONE',  ( -0.7071067811865474600, 0.7071067811865474600, -0.0000000000000000000 ) ) ;
#3536 = CARTESIAN_POINT ( 'NONE',  ( 86.00000000000031300, -13.99999999999999800, -700.0000000000000000 ) ) ;
#3537 = ADVANCED_FACE ( 'NONE', ( #3855 ), #360, .F. ) ;
#3538 = DIRECTION ( 'NONE',  ( 0.0000000000000000000, 0.0000000000000000000, 1.000000000000000000 ) ) ;
#3539 = AXIS2_PLACEMENT_3D ( 'NONE', #1400, #668, #625 ) ;
#3540 = LINE ( 'NONE', #4641, #417 ) ;
#3541 = CARTESIAN_POINT ( 'NONE',  ( 57.50000000000018500, 13.99999999999999600, 700.0000000000000000 ) ) ;
#3542 = EDGE_CURVE ( 'NONE', #2941, #4684, #1628, .T. ) ;
#3543 = DIRECTION ( 'NONE',  ( 0.0000000000000000000, 0.0000000000000000000, 1.000000000000000000 ) ) ;
#3544 = ORIENTED_EDGE ( 'NONE', *, *, #153, .F. ) ;
#3545 = LINE ( 'NONE', #178, #2202 ) ;
#3546 = EDGE_CURVE ( 'NONE', #2054, #1899, #4042, .T. ) ;
#3547 =( LENGTH_UNIT ( ) NAMED_UNIT ( * ) SI_UNIT ( .MILLI., .METRE. ) );
#3548 = FACE_OUTER_BOUND ( 'NONE', #2868, .T. ) ;
#3549 = ORIENTED_EDGE ( 'NONE', *, *, #604, .F. ) ;
#3550 = CIRCLE ( 'NONE', #646, 3.399999999999958600 ) ;
#3551 = AXIS2_PLACEMENT_3D ( 'NONE', #441, #823, #3465 ) ;
#3552 = ORIENTED_EDGE ( 'NONE', *, *, #4771, .F. ) ;
#3553 = CARTESIAN_POINT ( 'NONE',  ( -62.50000000000000000, -391.7070738953062800, -684.9999999999998900 ) ) ;
#3554 = ADVANCED_FACE ( 'NONE', ( #1102 ), #375, .T. ) ;
#3555 = ORIENTED_EDGE ( 'NONE', *, *, #2480, .T. ) ;
#3556 = DIRECTION ( 'NONE',  ( 0.0000000000000000000, 0.0000000000000000000, -1.000000000000000000 ) ) ;
#3557 = FILL_AREA_STYLE ('',( #2789 ) ) ;
#3558 = FACE_OUTER_BOUND ( 'NONE', #3770, .T. ) ;
#3559 = LINE ( 'NONE', #4733, #794 ) ;
#3560 = VECTOR ( 'NONE', #1109, 1000.000000000000000 ) ;
#3561 = DIRECTION ( 'NONE',  ( 0.0000000000000000000, -0.0000000000000000000, 1.000000000000000000 ) ) ;
#3562 = DIRECTION ( 'NONE',  ( 1.000000000000000000, -0.0000000000000000000, -0.0000000000000000000 ) ) ;
#3563 = DIRECTION ( 'NONE',  ( 1.000000000000000000, 1.734723475976808100E-016, -0.0000000000000000000 ) ) ;
#3564 =( GEOMETRIC_REPRESENTATION_CONTEXT ( 3 ) GLOBAL_UNCERTAINTY_ASSIGNED_CONTEXT ( ( #2363 ) ) GLOBAL_UNIT_ASSIGNED_CONTEXT ( ( #3743, #4461, #4078 ) ) REPRESENTATION_CONTEXT ( 'NONE', 'WORKASPACE' ) );
#3565 = ORIENTED_EDGE ( 'NONE', *, *, #3234, .T. ) ;
#3566 = CARTESIAN_POINT ( 'NONE',  ( -32.49999999999999300, -393.7500000000000000, 688.3999999999998600 ) ) ;
#3567 = EDGE_CURVE ( 'NONE', #461, #4178, #2526, .T. ) ;
#3568 = AXIS2_PLACEMENT_3D ( 'NONE', #1020, #1006, #1425 ) ;
#3569 = DIRECTION ( 'NONE',  ( 0.0000000000000000000, 0.0000000000000000000, -1.000000000000000000 ) ) ;
#3570 = PRESENTATION_STYLE_ASSIGNMENT (( #572 ) ) ;
#3571 = VERTEX_POINT ( 'NONE', #4501 ) ;
#3572 = LINE ( 'NONE', #4135, #4050 ) ;
#3573 = FILL_AREA_STYLE ('',( #3149 ) ) ;
#3574 = LINE ( 'NONE', #4533, #1510 ) ;
#3575 = AXIS2_PLACEMENT_3D ( 'NONE', #2523, #1358, #3599 ) ;
#3576 = SURFACE_STYLE_USAGE ( .BOTH. , #4345 ) ;
#3577 = DIRECTION ( 'NONE',  ( 0.7071067811865474600, -0.7071067811865474600, -0.0000000000000000000 ) ) ;
#3578 = ORIENTED_EDGE ( 'NONE', *, *, #4925, .F. ) ;
#3579 = ORIENTED_EDGE ( 'NONE', *, *, #216, .T. ) ;
#3580 = ORIENTED_EDGE ( 'NONE', *, *, #4805, .F. ) ;
#3581 = VECTOR ( 'NONE', #3639, 1000.000000000000000 ) ;
#3582 = ORIENTED_EDGE ( 'NONE', *, *, #744, .F. ) ;
#3583 =( NAMED_UNIT ( * ) PLANE_ANGLE_UNIT ( ) SI_UNIT ( $, .RADIAN. ) );
#3584 = PLANE ( 'NONE',  #1979 ) ;
#3585 = ORIENTED_EDGE ( 'NONE', *, *, #493, .F. ) ;
#3586 = DIRECTION ( 'NONE',  ( -0.0000000000000000000, -1.000000000000000000, -0.0000000000000000000 ) ) ;
#3587 = DIRECTION ( 'NONE',  ( 1.000000000000000000, -1.734723475976807800E-016, 0.0000000000000000000 ) ) ;
#3588 = VECTOR ( 'NONE', #4358, 1000.000000000000100 ) ;
#3589 = ADVANCED_FACE ( 'NONE', ( #381 ), #1980, .F. ) ;
#3590 = DIRECTION ( 'NONE',  ( -1.000000000000000000, -0.0000000000000000000, -0.0000000000000000000 ) ) ;
#3591 = FILL_AREA_STYLE ('',( #1285 ) ) ;
#3592 = ORIENTED_EDGE ( 'NONE', *, *, #1089, .T. ) ;
#3593 =( LENGTH_UNIT ( ) NAMED_UNIT ( * ) SI_UNIT ( .MILLI., .METRE. ) );
#3594 = LINE ( 'NONE', #2172, #2621 ) ;
#3595 = DIRECTION ( 'NONE',  ( 0.0000000000000000000, -0.0000000000000000000, -1.000000000000000000 ) ) ;
#3596 = ORIENTED_EDGE ( 'NONE', *, *, #55, .T. ) ;
#3597 = EDGE_LOOP ( 'NONE', ( #4826, #1647, #1893, #2386, #1145, #3623 ) ) ;
#3598 = CARTESIAN_POINT ( 'NONE',  ( 57.50000000000005700, -277.0000000000000000, 700.0000000000000000 ) ) ;
#3599 = DIRECTION ( 'NONE',  ( -4.649058915617843000E-015, 1.000000000000000000, 0.0000000000000000000 ) ) ;
#3600 = VECTOR ( 'NONE', #299, 1000.000000000000000 ) ;
#3601 = EDGE_CURVE ( 'NONE', #1767, #2845, #2760, .T. ) ;
#3602 =( NAMED_UNIT ( * ) SI_UNIT ( $, .STERADIAN. ) SOLID_ANGLE_UNIT ( ) );
#3603 = FACE_OUTER_BOUND ( 'NONE', #4909, .T. ) ;
#3604 = AXIS2_PLACEMENT_3D ( 'NONE', #4433, #1047, #2706 ) ;
#3605 = EDGE_CURVE ( 'NONE', #2170, #4861, #3512, .T. ) ;
#3606 = EDGE_CURVE ( 'NONE', #4663, #4173, #3914, .T. ) ;
#3607 =( NAMED_UNIT ( * ) SI_UNIT ( $, .STERADIAN. ) SOLID_ANGLE_UNIT ( ) );
#3608 = AXIS2_PLACEMENT_3D ( 'NONE', #4276, #3152, #505 ) ;
#3609 = CARTESIAN_POINT ( 'NONE',  ( -87.50000000000004300, 240.0000000000000000, 660.0000000000000000 ) ) ;
#3610 = LINE ( 'NONE', #4404, #3671 ) ;
#3611 = ORIENTED_EDGE ( 'NONE', *, *, #4372, .F. ) ;
#3612 = EDGE_CURVE ( 'NONE', #2662, #2360, #4725, .T. ) ;
#3613 = EDGE_CURVE ( 'NONE', #1943, #4823, #3298, .T. ) ;
#3614 = DIRECTION ( 'NONE',  ( -0.0000000000000000000, 1.000000000000000000, -0.0000000000000000000 ) ) ;
#3615 = LINE ( 'NONE', #3717, #2405 ) ;
#3616 = EDGE_CURVE ( 'NONE', #1615, #4739, #1923, .T. ) ;
#3617 = CARTESIAN_POINT ( 'NONE',  ( 57.50000000000024900, -9.586629735661305400E-015, 0.0000000000000000000 ) ) ;
#3618 = DIRECTION ( 'NONE',  ( 0.0000000000000000000, 0.0000000000000000000, -1.000000000000000000 ) ) ;
#3619 = LINE ( 'NONE', #2853, #2641 ) ;
#3620 = VECTOR ( 'NONE', #365, 1000.000000000000000 ) ;
#3621 = PLANE ( 'NONE',  #345 ) ;
#3622 = DIRECTION ( 'NONE',  ( 0.0000000000000000000, 0.0000000000000000000, 1.000000000000000000 ) ) ;
#3623 = ORIENTED_EDGE ( 'NONE', *, *, #1608, .T. ) ;
#3624 = DIRECTION ( 'NONE',  ( 0.0000000000000000000, 0.0000000000000000000, -1.000000000000000000 ) ) ;
#3625 = CARTESIAN_POINT ( 'NONE',  ( -62.49999999999999300, -420.0000000000000000, 591.6000000000000200 ) ) ;
#3626 = EDGE_LOOP ( 'NONE', ( #330, #4416, #880, #639 ) ) ;
#3627 = DIRECTION ( 'NONE',  ( 1.000000000000000000, 0.0000000000000000000, 0.0000000000000000000 ) ) ;
#3628 = EDGE_CURVE ( 'NONE', #3899, #692, #2283, .T. ) ;
#3629 = EDGE_CURVE ( 'NONE', #3755, #3052, #4844, .T. ) ;
#3630 = MECHANICAL_DESIGN_GEOMETRIC_PRESENTATION_REPRESENTATION (  '', ( #3150 ), #3316 ) ;
#3631 = DIRECTION ( 'NONE',  ( -0.7071067811866260700, -0.7071067811864690800, -0.0000000000000000000 ) ) ;
#3632 = ORIENTED_EDGE ( 'NONE', *, *, #2891, .F. ) ;
#3633 = LINE ( 'NONE', #3719, #4481 ) ;
#3634 = DIRECTION ( 'NONE',  ( 0.0000000000000000000, 0.0000000000000000000, 1.000000000000000000 ) ) ;
#3635 = AXIS2_PLACEMENT_3D ( 'NONE', #1643, #59, #3894 ) ;
#3636 = ORIENTED_EDGE ( 'NONE', *, *, #4746, .T. ) ;
#3637 = LINE ( 'NONE', #4039, #1283 ) ;
#3638 = DIRECTION ( 'NONE',  ( -0.0000000000000000000, -1.000000000000000000, -0.0000000000000000000 ) ) ;
#3639 = DIRECTION ( 'NONE',  ( 0.0000000000000000000, -0.5150380749100544900, -0.8571673007021121100 ) ) ;
#3640 = VERTEX_POINT ( 'NONE', #1599 ) ;
#3641 = PLANE ( 'NONE',  #3343 ) ;
#3642 = ORIENTED_EDGE ( 'NONE', *, *, #4718, .T. ) ;
#3643 = EDGE_CURVE ( 'NONE', #3761, #3755, #796, .T. ) ;
#3644 = SURFACE_SIDE_STYLE ('',( #1548 ) ) ;
#3645 = LINE ( 'NONE', #4245, #2668 ) ;
#3646 = ORIENTED_EDGE ( 'NONE', *, *, #3893, .T. ) ;
#3647 = VERTEX_POINT ( 'NONE', #4759 ) ;
#3648 =( NAMED_UNIT ( * ) SI_UNIT ( $, .STERADIAN. ) SOLID_ANGLE_UNIT ( ) );
#3649 = VECTOR ( 'NONE', #2586, 1000.000000000000000 ) ;
#3650 = CARTESIAN_POINT ( 'NONE',  ( 86.00000000000027000, -163.9999999999999700, 700.0000000000000000 ) ) ;
#3651 = CARTESIAN_POINT ( 'NONE',  ( 38.83488641741331500, 22.33488641741315600, -97.47625317783030100 ) ) ;
#3652 = VECTOR ( 'NONE', #816, 1000.000000000000100 ) ;
#3653 = EDGE_CURVE ( 'NONE', #1473, #187, #4221, .T. ) ;
#3654 = CARTESIAN_POINT ( 'NONE',  ( 39.50000000000015600, -22.99999999999999600, -700.0000000000000000 ) ) ;
#3655 = DIRECTION ( 'NONE',  ( 0.0000000000000000000, 0.0000000000000000000, 1.000000000000000000 ) ) ;
#3656 = CARTESIAN_POINT ( 'NONE',  ( 37.50000000000014900, -9.586629735661305400E-015, 0.0000000000000000000 ) ) ;
#3657 = DIRECTION ( 'NONE',  ( 0.0000000000000000000, 0.0000000000000000000, -1.000000000000000000 ) ) ;
#3658 = VECTOR ( 'NONE', #329, 1000.000000000000000 ) ;
#3659 = ORIENTED_EDGE ( 'NONE', *, *, #320, .F. ) ;
#3660 = DIRECTION ( 'NONE',  ( -1.000000000000000000, 0.0000000000000000000, 0.0000000000000000000 ) ) ;
#3661 = CARTESIAN_POINT ( 'NONE',  ( 57.50000000000018500, -13.99999999999999600, 700.0000000000000000 ) ) ;
#3662 = EDGE_CURVE ( 'NONE', #4389, #4568, #2220, .T. ) ;
#3663 = ORIENTED_EDGE ( 'NONE', *, *, #4475, .F. ) ;
#3664 = AXIS2_PLACEMENT_3D ( 'NONE', #610, #1843, #2927 ) ;
#3665 = EDGE_CURVE ( 'NONE', #508, #1899, #3165, .T. ) ;
#3666 = ORIENTED_EDGE ( 'NONE', *, *, #2923, .T. ) ;
#3667 = LINE ( 'NONE', #846, #1485 ) ;
#3668 = ORIENTED_EDGE ( 'NONE', *, *, #351, .T. ) ;
#3669 = DIRECTION ( 'NONE',  ( 4.625929269271481400E-015, 1.000000000000000000, 0.0000000000000000000 ) ) ;
#3670 =( GEOMETRIC_REPRESENTATION_CONTEXT ( 3 ) GLOBAL_UNCERTAINTY_ASSIGNED_CONTEXT ( ( #1556 ) ) GLOBAL_UNIT_ASSIGNED_CONTEXT ( ( #3805, #1929, #4942 ) ) REPRESENTATION_CONTEXT ( 'NONE', 'WORKASPACE' ) );
#3671 = VECTOR ( 'NONE', #279, 1000.000000000000000 ) ;
#3672 = EDGE_CURVE ( 'NONE', #1411, #3797, #1212, .T. ) ;
#3673 = LINE ( 'NONE', #1029, #2585 ) ;
#3674 = CARTESIAN_POINT ( 'NONE',  ( -87.50000000000004300, 240.0000000000000000, 673.2500000000000000 ) ) ;
#3675 = SURFACE_STYLE_USAGE ( .BOTH. , #4376 ) ;
#3676 = ORIENTED_EDGE ( 'NONE', *, *, #3378, .F. ) ;
#3677 = CARTESIAN_POINT ( 'NONE',  ( 87.50000000000005700, -313.9999999999999400, 700.0000000000000000 ) ) ;
#3678 = PLANE ( 'NONE',  #4324 ) ;
#3679 = CARTESIAN_POINT ( 'NONE',  ( -87.50000000000004300, -240.0000000000000000, -673.2500000000000000 ) ) ;
#3680 = ORIENTED_EDGE ( 'NONE', *, *, #1246, .F. ) ;
#3681 = DIRECTION ( 'NONE',  ( -1.000000000000000000, 0.0000000000000000000, 0.0000000000000000000 ) ) ;
#3682 = LINE ( 'NONE', #3986, #1270 ) ;
#3683 =( LENGTH_UNIT ( ) NAMED_UNIT ( * ) SI_UNIT ( .MILLI., .METRE. ) );
#3684 = DIRECTION ( 'NONE',  ( 0.0000000000000000000, 0.0000000000000000000, -1.000000000000000000 ) ) ;
#3685 = DIRECTION ( 'NONE',  ( -1.000000000000000000, 0.0000000000000000000, 0.0000000000000000000 ) ) ;
#3686 = DIRECTION ( 'NONE',  ( 0.0000000000000000000, -0.0000000000000000000, -1.000000000000000000 ) ) ;
#3687 = FACE_OUTER_BOUND ( 'NONE', #3626, .T. ) ;
#3688 = ORIENTED_EDGE ( 'NONE', *, *, #4373, .T. ) ;
#3689 = DIRECTION ( 'NONE',  ( 0.0000000000000000000, 0.0000000000000000000, 1.000000000000000000 ) ) ;
#3690 = ORIENTED_EDGE ( 'NONE', *, *, #2624, .T. ) ;
#3691 = AXIS2_PLACEMENT_3D ( 'NONE', #4505, #462, #27 ) ;
#3692 = DIRECTION ( 'NONE',  ( 0.7071067811865474600, -0.7071067811865474600, 0.0000000000000000000 ) ) ;
#3693 = EDGE_CURVE ( 'NONE', #754, #1231, #1259, .T. ) ;
#3694 = ORIENTED_EDGE ( 'NONE', *, *, #1593, .T. ) ;
#3695 = FACE_OUTER_BOUND ( 'NONE', #478, .T. ) ;
#3696 = CARTESIAN_POINT ( 'NONE',  ( 57.50000000000006400, 277.9999999999998900, 700.0000000000000000 ) ) ;
#3697 = EDGE_CURVE ( 'NONE', #2360, #1907, #2277, .T. ) ;
#3698 = FILL_AREA_STYLE ('',( #1416 ) ) ;
#3699 = CARTESIAN_POINT ( 'NONE',  ( 56.49999999999995000, 277.0000000000000000, -700.0000000000000000 ) ) ;
#3700 = LINE ( 'NONE', #4247, #3433 ) ;
#3701 = ORIENTED_EDGE ( 'NONE', *, *, #4552, .T. ) ;
#3702 = EDGE_LOOP ( 'NONE', ( #3233, #443, #4007 ) ) ;
#3703 = DIRECTION ( 'NONE',  ( 0.0000000000000000000, 0.0000000000000000000, -1.000000000000000000 ) ) ;
#3704 = CARTESIAN_POINT ( 'NONE',  ( -113.9999999999999600, -113.9999999999999600, 700.0000000000000000 ) ) ;
#3705 = LINE ( 'NONE', #3010, #3079 ) ;
#3706 = DIRECTION ( 'NONE',  ( 0.0000000000000000000, 0.0000000000000000000, -1.000000000000000000 ) ) ;
#3707 = VECTOR ( 'NONE', #1806, 1000.000000000000100 ) ;
#3708 =( NAMED_UNIT ( * ) SI_UNIT ( $, .STERADIAN. ) SOLID_ANGLE_UNIT ( ) );
#3709 = EDGE_CURVE ( 'NONE', #1382, #1703, #3509, .T. ) ;
#3710 = LINE ( 'NONE', #3118, #3324 ) ;
#3711 = LINE ( 'NONE', #4053, #2735 ) ;
#3712 = DIRECTION ( 'NONE',  ( -0.0000000000000000000, -1.000000000000000000, -0.0000000000000000000 ) ) ;
#3713 = FACE_OUTER_BOUND ( 'NONE', #130, .T. ) ;
#3714 = STYLED_ITEM ( 'NONE', ( #2996 ), #195 ) ;
#3715 = PRESENTATION_STYLE_ASSIGNMENT (( #3346 ) ) ;
#3716 = SURFACE_STYLE_USAGE ( .BOTH. , #1480 ) ;
#3717 = CARTESIAN_POINT ( 'NONE',  ( 56.49999999999995000, -277.0000000000000000, 700.0000000000000000 ) ) ;
#3718 = ORIENTED_EDGE ( 'NONE', *, *, #4602, .F. ) ;
#3719 = CARTESIAN_POINT ( 'NONE',  ( 87.50000000000009900, 163.9999999999999700, -700.0000000000000000 ) ) ;
#3720 = EDGE_CURVE ( 'NONE', #1899, #2665, #127, .T. ) ;
#3721 = DIRECTION ( 'NONE',  ( 4.625929269271481400E-015, -1.000000000000000000, -0.0000000000000000000 ) ) ;
#3722 = VECTOR ( 'NONE', #2352, 1000.000000000000100 ) ;
#3723 = EDGE_LOOP ( 'NONE', ( #1941, #3932 ) ) ;
#3724 = VECTOR ( 'NONE', #1903, 1000.000000000000100 ) ;
#3725 = EDGE_CURVE ( 'NONE', #452, #1042, #3106, .T. ) ;
#3726 = DIRECTION ( 'NONE',  ( 0.0000000000000000000, -0.0000000000000000000, -1.000000000000000000 ) ) ;
#3727 = FACE_OUTER_BOUND ( 'NONE', #2236, .T. ) ;
#3728 = AXIS2_PLACEMENT_3D ( 'NONE', #884, #1704, #3703 ) ;
#3729 = ADVANCED_FACE ( 'NONE', ( #976, #492, #1557, #75, #2871, #4774 ), #3584, .F. ) ;
#3730 = ORIENTED_EDGE ( 'NONE', *, *, #493, .T. ) ;
#3731 = CARTESIAN_POINT ( 'NONE',  ( -15.00000000000004100, 240.0000000000000000, -660.0000000000000000 ) ) ;
#3732 = UNCERTAINTY_MEASURE_WITH_UNIT (LENGTH_MEASURE( 1.000000000000000100E-005 ), #3965, 'distance_accuracy_value', 'NONE');
#3733 = CARTESIAN_POINT ( 'NONE',  ( 57.16627312371102200, 22.33372687628922300, 97.47472329838164700 ) ) ;
#3734 = ORIENTED_EDGE ( 'NONE', *, *, #1606, .F. ) ;
#3735 = DIRECTION ( 'NONE',  ( -4.625929269271483700E-015, 1.000000000000000000, 0.0000000000000000000 ) ) ;
#3736 = DIRECTION ( 'NONE',  ( 1.000000000000000000, -0.0000000000000000000, 0.0000000000000000000 ) ) ;
#3737 = DIRECTION ( 'NONE',  ( -1.000000000000000000, -0.0000000000000000000, -0.0000000000000000000 ) ) ;
#3738 = AXIS2_PLACEMENT_3D ( 'NONE', #4542, #2617, #1116 ) ;
#3739 = VECTOR ( 'NONE', #1499, 1000.000000000000000 ) ;
#3740 = EDGE_LOOP ( 'NONE', ( #2821, #3221, #2835, #3999 ) ) ;
#3741 = DIRECTION ( 'NONE',  ( -0.0000000000000000000, -1.000000000000000000, -0.0000000000000000000 ) ) ;
#3742 = ORIENTED_EDGE ( 'NONE', *, *, #3462, .F. ) ;
#3743 =( LENGTH_UNIT ( ) NAMED_UNIT ( * ) SI_UNIT ( .MILLI., .METRE. ) );
#3744 = VECTOR ( 'NONE', #66, 1000.000000000000000 ) ;
#3745 = FILL_AREA_STYLE_COLOUR ( '', #4509 ) ;
#3746 = PLANE ( 'NONE',  #2702 ) ;
#3747 = ORIENTED_EDGE ( 'NONE', *, *, #570, .T. ) ;
#3748 = PLANE ( 'NONE',  #4825 ) ;
#3749 = ORIENTED_EDGE ( 'NONE', *, *, #4469, .F. ) ;
#3750 = CARTESIAN_POINT ( 'NONE',  ( 57.50000000000010700, 127.0000000000000000, 700.0000000000000000 ) ) ;
#3751 = ORIENTED_EDGE ( 'NONE', *, *, #3868, .F. ) ;
#3752 = ADVANCED_FACE ( 'NONE', ( #4156 ), #2474, .T. ) ;
#3753 = DIRECTION ( 'NONE',  ( 0.0000000000000000000, 0.0000000000000000000, 1.000000000000000000 ) ) ;
#3754 = DIRECTION ( 'NONE',  ( -0.7071067811865474600, 0.7071067811865474600, -0.0000000000000000000 ) ) ;
#3755 = VERTEX_POINT ( 'NONE', #4738 ) ;
#3756 = CARTESIAN_POINT ( 'NONE',  ( 57.50000000000011400, 128.0000000000001100, 700.0000000000000000 ) ) ;
#3757 = PRESENTATION_LAYER_ASSIGNMENT (  '', '', ( #1719 ) ) ;
#3758 = FILL_AREA_STYLE ('',( #3745 ) ) ;
#3759 = VERTEX_POINT ( 'NONE', #2850 ) ;
#3760 = DIRECTION ( 'NONE',  ( 0.0000000000000000000, 0.0000000000000000000, -1.000000000000000000 ) ) ;
#3761 = VERTEX_POINT ( 'NONE', #1414 ) ;
#3762 = ORIENTED_EDGE ( 'NONE', *, *, #3084, .T. ) ;
#3763 = SURFACE_SIDE_STYLE ('',( #4497 ) ) ;
#3764 = AXIS2_PLACEMENT_3D ( 'NONE', #4868, #1826, #680 ) ;
#3765 = ORIENTED_EDGE ( 'NONE', *, *, #4950, .T. ) ;
#3766 = DIRECTION ( 'NONE',  ( -0.5150380749100554900, 0.0000000000000000000, 0.8571673007021115600 ) ) ;
#3767 = CIRCLE ( 'NONE', #4110, 3.399999999999958600 ) ;
#3768 = EDGE_CURVE ( 'NONE', #2020, #4389, #439, .T. ) ;
#3769 = DIRECTION ( 'NONE',  ( -5.782411586589363600E-017, 1.000000000000000000, 0.0000000000000000000 ) ) ;
#3770 = EDGE_LOOP ( 'NONE', ( #387, #399, #1996, #3469, #2994, #1509, #4490, #3007, #3676, #4399, #4931, #2145, #4697, #3817, #3137, #545 ) ) ;
#3771 = EDGE_CURVE ( 'NONE', #99, #328, #731, .T. ) ;
#3772 = CARTESIAN_POINT ( 'NONE',  ( 87.50000000000005700, 313.9999999999999400, -700.0000000000000000 ) ) ;
#3773 = VECTOR ( 'NONE', #4214, 1000.000000000000000 ) ;
#3774 = VERTEX_POINT ( 'NONE', #207 ) ;
#3775 = CARTESIAN_POINT ( 'NONE',  ( 86.00000000000004300, -136.0000000000000000, 700.0000000000000000 ) ) ;
#3776 = ORIENTED_EDGE ( 'NONE', *, *, #1857, .T. ) ;
#3777 = EDGE_LOOP ( 'NONE', ( #1875, #894, #1881, #4301, #2544, #1916, #83, #4323, #19, #883, #391, #426, #3985, #3579, #3513, #208, #2396, #3765, #3522, #4049, #1879, #4037, #119, #2245, #467, #4450, #2066, #14, #4063, #511, #2557, #1419, #4579, #3790, #924, #1558, #4800, #422, #4371, #2249, #1331, #2267, #2470, #1597, #717, #593, #2993, #864, #3776, #1099, #2825, #1001, #1802, #3701, #4937, #4719, #266, #4051, #753, #3666, #981, #181, #3800, #3003, #1239, #4357, #3199, #3439, #2343, #1470, #4540, #4916, #4677, #3013, #1009 ) ) ;
#3778 = DIRECTION ( 'NONE',  ( 4.625929269271483700E-015, -1.000000000000000000, -0.0000000000000000000 ) ) ;
#3779 = DIRECTION ( 'NONE',  ( 0.0000000000000000000, 0.0000000000000000000, -1.000000000000000000 ) ) ;
#3780 = CARTESIAN_POINT ( 'NONE',  ( 57.50000000000018500, 13.99999999999999600, 700.0000000000000000 ) ) ;
#3781 = ADVANCED_FACE ( 'NONE', ( #2756 ), #611, .F. ) ;
#3782 = VERTEX_POINT ( 'NONE', #4455 ) ;
#3783 = EDGE_CURVE ( 'NONE', #781, #4193, #2812, .T. ) ;
#3784 = LINE ( 'NONE', #2749, #2687 ) ;
#3785 = DIRECTION ( 'NONE',  ( 0.0000000000000000000, 0.0000000000000000000, -1.000000000000000000 ) ) ;
#3786 = VECTOR ( 'NONE', #4545, 1000.000000000000000 ) ;
#3787 = ORIENTED_EDGE ( 'NONE', *, *, #1153, .F. ) ;
#3788 =( GEOMETRIC_REPRESENTATION_CONTEXT ( 3 ) GLOBAL_UNCERTAINTY_ASSIGNED_CONTEXT ( ( #2139 ) ) GLOBAL_UNIT_ASSIGNED_CONTEXT ( ( #2983, #1921, #2304 ) ) REPRESENTATION_CONTEXT ( 'NONE', 'WORKASPACE' ) );
#3789 = CARTESIAN_POINT ( 'NONE',  ( 57.50000000000006400, -278.0000000000001100, 700.0000000000000000 ) ) ;
#3790 = ORIENTED_EDGE ( 'NONE', *, *, #1942, .T. ) ;
#3791 = CARTESIAN_POINT ( 'NONE',  ( -15.00000000000004100, 240.0000000000000000, -673.2500000000000000 ) ) ;
#3792 = VERTEX_POINT ( 'NONE', #642 ) ;
#3793 = EDGE_CURVE ( 'NONE', #2287, #1822, #3673, .T. ) ;
#3794 = ORIENTED_EDGE ( 'NONE', *, *, #1342, .T. ) ;
#3795 = FACE_OUTER_BOUND ( 'NONE', #1798, .T. ) ;
#3796 = AXIS2_PLACEMENT_3D ( 'NONE', #1449, #1433, #2549 ) ;
#3797 = VERTEX_POINT ( 'NONE', #1043 ) ;
#3798 = EDGE_CURVE ( 'NONE', #191, #1048, #435, .T. ) ;
#3799 = VECTOR ( 'NONE', #4171, 1000.000000000000000 ) ;
#3800 = ORIENTED_EDGE ( 'NONE', *, *, #1247, .T. ) ;
#3801 = CARTESIAN_POINT ( 'NONE',  ( -87.50000000000000000, -420.0000000000000000, 700.0000000000000000 ) ) ;
#3802 = LINE ( 'NONE', #252, #3114 ) ;
#3803 = CARTESIAN_POINT ( 'NONE',  ( 87.50000000000009900, -165.4999999999998000, -700.0000000000000000 ) ) ;
#3804 = DIRECTION ( 'NONE',  ( -1.000000000000000000, 0.0000000000000000000, 0.0000000000000000000 ) ) ;
#3805 =( LENGTH_UNIT ( ) NAMED_UNIT ( * ) SI_UNIT ( .MILLI., .METRE. ) );
#3806 = AXIS2_PLACEMENT_3D ( 'NONE', #651, #4377, #2113 ) ;
#3807 = VERTEX_POINT ( 'NONE', #1059 ) ;
#3808 = CARTESIAN_POINT ( 'NONE',  ( 111.0000000000000300, 111.0000000000000300, 700.0000000000000000 ) ) ;
#3809 = CARTESIAN_POINT ( 'NONE',  ( 87.50000000000005700, 284.5000000000000000, -700.0000000000000000 ) ) ;
#3810 = FACE_OUTER_BOUND ( 'NONE', #1015, .T. ) ;
#3811 = DIRECTION ( 'NONE',  ( 0.0000000000000000000, 0.0000000000000000000, 1.000000000000000000 ) ) ;
#3812 = VERTEX_POINT ( 'NONE', #3305 ) ;
#3813 = VECTOR ( 'NONE', #1660, 1000.000000000000000 ) ;
#3814 = CARTESIAN_POINT ( 'NONE',  ( 57.50000000000009900, -313.9999999999999400, 700.0000000000000000 ) ) ;
#3815 = ORIENTED_EDGE ( 'NONE', *, *, #4919, .T. ) ;
#3816 = DIRECTION ( 'NONE',  ( -0.0000000000000000000, -1.000000000000000000, -0.0000000000000000000 ) ) ;
#3817 = ORIENTED_EDGE ( 'NONE', *, *, #3375, .F. ) ;
#3818 = UNCERTAINTY_MEASURE_WITH_UNIT (LENGTH_MEASURE( 1.000000000000000100E-005 ), #4059, 'distance_accuracy_value', 'NONE');
#3819 = EDGE_CURVE ( 'NONE', #317, #1962, #1737, .T. ) ;
#3820 = FACE_OUTER_BOUND ( 'NONE', #4355, .T. ) ;
#3821 = AXIS2_PLACEMENT_3D ( 'NONE', #3609, #4401, #1351 ) ;
#3822 = FACE_OUTER_BOUND ( 'NONE', #3777, .T. ) ;
#3823 = DIRECTION ( 'NONE',  ( -4.081702296416003700E-016, -1.000000000000000000, 0.0000000000000000000 ) ) ;
#3824 = DIRECTION ( 'NONE',  ( -0.7071067811865475700, -0.7071067811865475700, -0.0000000000000000000 ) ) ;
#3825 = CARTESIAN_POINT ( 'NONE',  ( 86.00000000000004300, 136.0000000000000000, 700.0000000000000000 ) ) ;
#3826 = ORIENTED_EDGE ( 'NONE', *, *, #960, .F. ) ;
#3827 = ADVANCED_FACE ( 'NONE', ( #303 ), #2912, .F. ) ;
#3828 = LINE ( 'NONE', #437, #350 ) ;
#3829 = AXIS2_PLACEMENT_3D ( 'NONE', #2182, #4442, #689 ) ;
#3830 = CIRCLE ( 'NONE', #4585, 13.24999999999998400 ) ;
#3831 = VECTOR ( 'NONE', #784, 1000.000000000000100 ) ;
#3832 = FILL_AREA_STYLE ('',( #825 ) ) ;
#3833 = DIRECTION ( 'NONE',  ( -0.0000000000000000000, 0.0000000000000000000, 1.000000000000000000 ) ) ;
#3834 = CYLINDRICAL_SURFACE ( 'NONE', #1037, 13.24999999999998400 ) ;
#3835 = PRESENTATION_STYLE_ASSIGNMENT (( #244 ) ) ;
#3836 = PLANE ( 'NONE',  #4464 ) ;
#3837 = CARTESIAN_POINT ( 'NONE',  ( 87.50000000000014200, -15.49999999999983300, 100.8154254070282600 ) ) ;
#3838 = ORIENTED_EDGE ( 'NONE', *, *, #4, .F. ) ;
#3839 = DIRECTION ( 'NONE',  ( -0.0000000000000000000, -1.000000000000000000, -0.0000000000000000000 ) ) ;
#3840 = ORIENTED_EDGE ( 'NONE', *, *, #2715, .T. ) ;
#3841 = VECTOR ( 'NONE', #496, 1000.000000000000000 ) ;
#3842 = CIRCLE ( 'NONE', #1492, 102.0000000000003300 ) ;
#3843 = CARTESIAN_POINT ( 'NONE',  ( 57.50000000000018500, 13.99999999999999800, 99.01515035589251600 ) ) ;
#3844 = DIRECTION ( 'NONE',  ( 0.0000000000000000000, -0.0000000000000000000, -1.000000000000000000 ) ) ;
#3845 = CARTESIAN_POINT ( 'NONE',  ( -62.49999999999999300, -393.7500000000000000, 684.9999999999998900 ) ) ;
#3846 = CARTESIAN_POINT ( 'NONE',  ( -62.50000000000000000, -391.7070738953062800, -595.0000000000000000 ) ) ;
#3847 = DIRECTION ( 'NONE',  ( -0.0000000000000000000, -1.000000000000000000, -0.0000000000000000000 ) ) ;
#3848 = ADVANCED_FACE ( 'NONE', ( #972 ), #2928, .F. ) ;
#3849 = AXIS2_PLACEMENT_3D ( 'NONE', #4161, #3741, #1867 ) ;
#3850 = CARTESIAN_POINT ( 'NONE',  ( 85.99999999999987200, 13.99999999999999800, -700.0000000000000000 ) ) ;
#3851 = DIRECTION ( 'NONE',  ( -1.000000000000000000, 0.0000000000000000000, 0.0000000000000000000 ) ) ;
#3852 = DIRECTION ( 'NONE',  ( 1.000000000000000000, 1.095614826932720100E-016, -0.0000000000000000000 ) ) ;
#3853 = EDGE_CURVE ( 'NONE', #3761, #2116, #2458, .T. ) ;
#3854 = ORIENTED_EDGE ( 'NONE', *, *, #1247, .F. ) ;
#3855 = FACE_OUTER_BOUND ( 'NONE', #1845, .T. ) ;
#3856 = VERTEX_POINT ( 'NONE', #72 ) ;
#3857 = CARTESIAN_POINT ( 'NONE',  ( 87.50000000000000000, 417.5000000000001100, 700.0000000000000000 ) ) ;
#3858 = AXIS2_PLACEMENT_3D ( 'NONE', #1333, #2828, #204 ) ;
#3859 = EDGE_CURVE ( 'NONE', #4803, #354, #2081, .T. ) ;
#3860 = VERTEX_POINT ( 'NONE', #4192 ) ;
#3861 = EDGE_CURVE ( 'NONE', #1120, #497, #4524, .T. ) ;
#3862 = ORIENTED_EDGE ( 'NONE', *, *, #4936, .F. ) ;
#3863 = CARTESIAN_POINT ( 'NONE',  ( 57.50000000000018500, 13.99999999999999600, -700.0000000000000000 ) ) ;
#3864 = AXIS2_PLACEMENT_3D ( 'NONE', #4876, #2574, #3689 ) ;
#3865 = CARTESIAN_POINT ( 'NONE',  ( 86.00000000000000000, -286.0000000000000600, 700.0000000000000000 ) ) ;
#3866 = FACE_OUTER_BOUND ( 'NONE', #3068, .T. ) ;
#3867 = EDGE_LOOP ( 'NONE', ( #2207, #4184, #1910, #4591 ) ) ;
#3868 = EDGE_CURVE ( 'NONE', #1330, #1631, #3966, .T. ) ;
#3869 = CARTESIAN_POINT ( 'NONE',  ( -32.49999999999999300, -420.0000000000000000, 688.3999999999998600 ) ) ;
#3870 = EDGE_LOOP ( 'NONE', ( #125, #4297, #120, #2725 ) ) ;
#3871 = CARTESIAN_POINT ( 'NONE',  ( -87.50000000000004300, -240.0000000000000000, -646.7500000000000000 ) ) ;
#3872 = EDGE_CURVE ( 'NONE', #229, #1615, #4149, .T. ) ;
#3873 = DIRECTION ( 'NONE',  ( 0.0000000000000000000, -0.0000000000000000000, -1.000000000000000000 ) ) ;
#3874 = CARTESIAN_POINT ( 'NONE',  ( 39.50000000000012100, -127.0000000000000000, -700.0000000000000000 ) ) ;
#3875 = ADVANCED_FACE ( 'NONE', ( #4031 ), #812, .F. ) ;
#3876 = VERTEX_POINT ( 'NONE', #2724 ) ;
#3877 = ORIENTED_EDGE ( 'NONE', *, *, #3665, .T. ) ;
#3878 = ORIENTED_EDGE ( 'NONE', *, *, #2891, .T. ) ;
#3879 = LINE ( 'NONE', #3402, #3070 ) ;
#3880 = ORIENTED_EDGE ( 'NONE', *, *, #2778, .F. ) ;
#3881 = ORIENTED_EDGE ( 'NONE', *, *, #4602, .T. ) ;
#3882 = PRESENTATION_LAYER_ASSIGNMENT (  '', '', ( #3714 ) ) ;
#3883 = UNCERTAINTY_MEASURE_WITH_UNIT (LENGTH_MEASURE( 1.000000000000000100E-005 ), #4792, 'distance_accuracy_value', 'NONE');
#3884 = ORIENTED_EDGE ( 'NONE', *, *, #2204, .F. ) ;
#3885 = FACE_OUTER_BOUND ( 'NONE', #463, .T. ) ;
#3886 = EDGE_CURVE ( 'NONE', #3640, #2097, #4210, .T. ) ;
#3887 = PLANE ( 'NONE',  #2166 ) ;
#3888 =( LENGTH_UNIT ( ) NAMED_UNIT ( * ) SI_UNIT ( .MILLI., .METRE. ) );
#3889 = VERTEX_POINT ( 'NONE', #3470 ) ;
#3890 = AXIS2_PLACEMENT_3D ( 'NONE', #1796, #264, #644 ) ;
#3891 = EDGE_LOOP ( 'NONE', ( #3659, #1748, #4732, #4187 ) ) ;
#3892 = VECTOR ( 'NONE', #4044, 1000.000000000000000 ) ;
#3893 = EDGE_CURVE ( 'NONE', #2960, #3163, #2026, .T. ) ;
#3894 = DIRECTION ( 'NONE',  ( 0.0000000000000000000, 0.0000000000000000000, 1.000000000000000000 ) ) ;
#3895 = DIRECTION ( 'NONE',  ( 0.0000000000000000000, 0.0000000000000000000, -1.000000000000000000 ) ) ;
#3896 = LINE ( 'NONE', #2854, #2910 ) ;
#3897 = STYLED_ITEM ( 'NONE', ( #1299 ), #4257 ) ;
#3898 = LINE ( 'NONE', #4003, #2073 ) ;
#3899 = VERTEX_POINT ( 'NONE', #1948 ) ;
#3900 = ADVANCED_FACE ( 'NONE', ( #2212 ), #3112, .F. ) ;
#3901 = EDGE_CURVE ( 'NONE', #407, #2340, #432, .T. ) ;
#3902 = PLANE ( 'NONE',  #4638 ) ;
#3903 = ORIENTED_EDGE ( 'NONE', *, *, #3431, .T. ) ;
#3904 = CARTESIAN_POINT ( 'NONE',  ( -85.49999999999981500, -9.586629735661305400E-015, 100.0000000000000000 ) ) ;
#3905 = CARTESIAN_POINT ( 'NONE',  ( -87.50000000000004300, -240.0000000000000000, 660.0000000000000000 ) ) ;
#3906 = VERTEX_POINT ( 'NONE', #4601 ) ;
#3907 = LINE ( 'NONE', #1709, #3289 ) ;
#3908 = DIRECTION ( 'NONE',  ( -0.0000000000000000000, -1.000000000000000000, -0.0000000000000000000 ) ) ;
#3909 = DIRECTION ( 'NONE',  ( 1.000000000000000000, -0.0000000000000000000, -0.0000000000000000000 ) ) ;
#3910 = EDGE_CURVE ( 'NONE', #2086, #374, #2076, .T. ) ;
#3911 = CARTESIAN_POINT ( 'NONE',  ( -62.49999999999999300, -420.0000000000000000, 684.9999999999998900 ) ) ;
#3912 = ORIENTED_EDGE ( 'NONE', *, *, #2870, .F. ) ;
#3913 = DIRECTION ( 'NONE',  ( -1.000000000000000000, -0.0000000000000000000, -0.0000000000000000000 ) ) ;
#3914 = CIRCLE ( 'NONE', #3323, 3.399999999999958600 ) ;
#3915 = EDGE_CURVE ( 'NONE', #1927, #3993, #1084, .T. ) ;
#3916 = AXIS2_PLACEMENT_3D ( 'NONE', #4274, #920, #2486 ) ;
#3917 = LINE ( 'NONE', #1016, #2933 ) ;
#3918 = DIRECTION ( 'NONE',  ( 0.0000000000000000000, 0.0000000000000000000, -1.000000000000000000 ) ) ;
#3919 =( NAMED_UNIT ( * ) SI_UNIT ( $, .STERADIAN. ) SOLID_ANGLE_UNIT ( ) );
#3920 = CARTESIAN_POINT ( 'NONE',  ( 158.2499999999978400, -158.2500000000154300, -700.0000000000000000 ) ) ;
#3921 =( NAMED_UNIT ( * ) PLANE_ANGLE_UNIT ( ) SI_UNIT ( $, .RADIAN. ) );
#3922 = AXIS2_PLACEMENT_3D ( 'NONE', #947, #2395, #4019 ) ;
#3923 = ADVANCED_FACE ( 'NONE', ( #3962 ), #2750, .F. ) ;
#3924 = EDGE_CURVE ( 'NONE', #1502, #868, #4022, .T. ) ;
#3925 = ORIENTED_EDGE ( 'NONE', *, *, #3546, .T. ) ;
#3926 = CARTESIAN_POINT ( 'NONE',  ( 86.49911572757891100, -14.49911572757860900, -99.95391547137907700 ) ) ;
#3927 = CARTESIAN_POINT ( 'NONE',  ( 56.50000000000022000, 173.0000000000000000, 700.0000000000000000 ) ) ;
#3928 = ORIENTED_EDGE ( 'NONE', *, *, #4142, .F. ) ;
#3929 = CARTESIAN_POINT ( 'NONE',  ( 87.50000000000014200, -15.49999999999983300, -100.8154254070282600 ) ) ;
#3930 = DIRECTION ( 'NONE',  ( 0.0000000000000000000, 0.0000000000000000000, -1.000000000000000000 ) ) ;
#3931 = DIRECTION ( 'NONE',  ( -0.7071067811865426900, 0.0000000000000000000, 0.7071067811865524600 ) ) ;
#3932 = ORIENTED_EDGE ( 'NONE', *, *, #4577, .F. ) ;
#3933 = DIRECTION ( 'NONE',  ( 0.0000000000000000000, 0.0000000000000000000, -1.000000000000000000 ) ) ;
#3934 = ORIENTED_EDGE ( 'NONE', *, *, #532, .F. ) ;
#3935 = VERTEX_POINT ( 'NONE', #2401 ) ;
#3936 =( NAMED_UNIT ( * ) SI_UNIT ( $, .STERADIAN. ) SOLID_ANGLE_UNIT ( ) );
#3937 = VERTEX_POINT ( 'NONE', #3536 ) ;
#3938 = CONICAL_SURFACE ( 'NONE', #2463, 3.399999999999958600, 1.029744258676654100 ) ;
#3939 = CARTESIAN_POINT ( 'NONE',  ( 57.50000000000014900, -22.00000000000011400, -97.54998718605756400 ) ) ;
#3940 = LINE ( 'NONE', #1984, #1524 ) ;
#3941 = ORIENTED_EDGE ( 'NONE', *, *, #1714, .F. ) ;
#3942 = VERTEX_POINT ( 'NONE', #4610 ) ;
#3943 = VECTOR ( 'NONE', #2901, 1000.000000000000100 ) ;
#3944 = FACE_OUTER_BOUND ( 'NONE', #1675, .T. ) ;
#3945 = CIRCLE ( 'NONE', #3821, 13.24999999999998400 ) ;
#3946 = DIRECTION ( 'NONE',  ( -1.000000000000000000, -0.0000000000000000000, -0.0000000000000000000 ) ) ;
#3947 = CARTESIAN_POINT ( 'NONE',  ( 87.50000000000014200, -9.586629735661305400E-015, 0.0000000000000000000 ) ) ;
#3948 = DIRECTION ( 'NONE',  ( 1.000000000000000000, 4.625929269271483700E-015, -0.0000000000000000000 ) ) ;
#3949 = VECTOR ( 'NONE', #3590, 1000.000000000000000 ) ;
#3950 = CARTESIAN_POINT ( 'NONE',  ( 189.7499999999999400, 189.7499999999999400, -700.0000000000000000 ) ) ;
#3951 = AXIS2_PLACEMENT_3D ( 'NONE', #519, #1639, #4699 ) ;
#3952 = EDGE_CURVE ( 'NONE', #1703, #1233, #900, .T. ) ;
#3953 = EDGE_CURVE ( 'NONE', #4920, #2845, #605, .T. ) ;
#3954 = EDGE_CURVE ( 'NONE', #3331, #1703, #4574, .T. ) ;
#3955 = CARTESIAN_POINT ( 'NONE',  ( 87.50000000000014200, -15.49999999999983300, 100.8154254070282600 ) ) ;
#3956 = SURFACE_STYLE_FILL_AREA ( #4700 ) ;
#3957 =( LENGTH_UNIT ( ) NAMED_UNIT ( * ) SI_UNIT ( .MILLI., .METRE. ) );
#3958 = CARTESIAN_POINT ( 'NONE',  ( 83.25000000000005700, 83.25000000000005700, -700.0000000000000000 ) ) ;
#3959 = MECHANICAL_DESIGN_GEOMETRIC_PRESENTATION_REPRESENTATION (  '', ( #4126 ), #3467 ) ;
#3960 = ADVANCED_FACE ( 'NONE', ( #4517 ), #1957, .F. ) ;
#3961 = ORIENTED_EDGE ( 'NONE', *, *, #2391, .T. ) ;
#3962 = FACE_OUTER_BOUND ( 'NONE', #2731, .T. ) ;
#3963 = CARTESIAN_POINT ( 'NONE',  ( 37.50000000000008500, -322.9999999999999400, -700.0000000000000000 ) ) ;
#3964 = FACE_OUTER_BOUND ( 'NONE', #3870, .T. ) ;
#3965 =( LENGTH_UNIT ( ) NAMED_UNIT ( * ) SI_UNIT ( .MILLI., .METRE. ) );
#3966 = LINE ( 'NONE', #1931, #4642 ) ;
#3967 = ORIENTED_EDGE ( 'NONE', *, *, #1089, .F. ) ;
#3968 = DIRECTION ( 'NONE',  ( -0.0000000000000000000, -1.000000000000000000, -0.0000000000000000000 ) ) ;
#3969 = ORIENTED_EDGE ( 'NONE', *, *, #3491, .T. ) ;
#3970 = DIRECTION ( 'NONE',  ( 0.0000000000000000000, 0.0000000000000000000, 1.000000000000000000 ) ) ;
#3971 = ADVANCED_FACE ( 'NONE', ( #4763 ), #2775, .T. ) ;
#3972 = VECTOR ( 'NONE', #340, 1000.000000000000100 ) ;
#3973 = AXIS2_PLACEMENT_3D ( 'NONE', #1298, #166, #3587 ) ;
#3974 = EDGE_LOOP ( 'NONE', ( #3582, #3410, #4650 ) ) ;
#3975 = ORIENTED_EDGE ( 'NONE', *, *, #3612, .F. ) ;
#3976 = DIRECTION ( 'NONE',  ( 0.7071067811865475700, -0.7071067811865475700, 0.0000000000000000000 ) ) ;
#3977 = EDGE_CURVE ( 'NONE', #455, #410, #4829, .T. ) ;
#3978 = ORIENTED_EDGE ( 'NONE', *, *, #960, .T. ) ;
#3979 = AXIS2_PLACEMENT_3D ( 'NONE', #1568, #1933, #2329 ) ;
#3980 =( NAMED_UNIT ( * ) SI_UNIT ( $, .STERADIAN. ) SOLID_ANGLE_UNIT ( ) );
#3981 = LINE ( 'NONE', #3501, #3001 ) ;
#3982 = DIRECTION ( 'NONE',  ( 1.000000000000000000, 4.625929269271481400E-015, -0.0000000000000000000 ) ) ;
#3983 = SURFACE_STYLE_USAGE ( .BOTH. , #2091 ) ;
#3984 = DIRECTION ( 'NONE',  ( 0.0000000000000000000, 0.0000000000000000000, -1.000000000000000000 ) ) ;
#3985 = ORIENTED_EDGE ( 'NONE', *, *, #4486, .T. ) ;
#3986 = CARTESIAN_POINT ( 'NONE',  ( -62.49999999999999300, -420.0000000000000000, 681.6000000000000200 ) ) ;
#3987 = DIRECTION ( 'NONE',  ( 0.0000000000000000000, 0.0000000000000000000, 1.000000000000000000 ) ) ;
#3988 = AXIS2_PLACEMENT_3D ( 'NONE', #369, #3366, #1852 ) ;
#3989 = DIRECTION ( 'NONE',  ( -0.0000000000000000000, -1.000000000000000000, -0.0000000000000000000 ) ) ;
#3990 = DIRECTION ( 'NONE',  ( 1.000000000000000000, 5.782411586589364800E-017, -0.0000000000000000000 ) ) ;
#3991 = CARTESIAN_POINT ( 'NONE',  ( 57.50000000000018500, -13.99999999999999600, -700.0000000000000000 ) ) ;
#3992 = ORIENTED_EDGE ( 'NONE', *, *, #2018, .T. ) ;
#3993 = VERTEX_POINT ( 'NONE', #1257 ) ;
#3994 = CYLINDRICAL_SURFACE ( 'NONE', #1328, 3.399999999999958600 ) ;
#3995 = ORIENTED_EDGE ( 'NONE', *, *, #2878, .F. ) ;
#3996 = VECTOR ( 'NONE', #3706, 1000.000000000000000 ) ;
#3997 = DIRECTION ( 'NONE',  ( 0.0000000000000000000, 0.0000000000000000000, -1.000000000000000000 ) ) ;
#3998 = DIRECTION ( 'NONE',  ( -0.0000000000000000000, -1.000000000000000000, -0.0000000000000000000 ) ) ;
#3999 = ORIENTED_EDGE ( 'NONE', *, *, #3319, .T. ) ;
#4000 = ORIENTED_EDGE ( 'NONE', *, *, #4082, .T. ) ;
#4001 = VECTOR ( 'NONE', #1940, 1000.000000000000000 ) ;
#4002 = CARTESIAN_POINT ( 'NONE',  ( -62.49999999999999300, -393.7500000000000000, 591.6000000000000200 ) ) ;
#4003 = CARTESIAN_POINT ( 'NONE',  ( 37.50000000000011400, -129.0000000000000000, 700.0000000000000000 ) ) ;
#4004 = VECTOR ( 'NONE', #108, 1000.000000000000100 ) ;
#4005 = FILL_AREA_STYLE ('',( #1383 ) ) ;
#4006 = LINE ( 'NONE', #1898, #220 ) ;
#4007 = ORIENTED_EDGE ( 'NONE', *, *, #997, .T. ) ;
#4008 = DIRECTION ( 'NONE',  ( 0.0000000000000000000, 0.0000000000000000000, 1.000000000000000000 ) ) ;
#4009 = CARTESIAN_POINT ( 'NONE',  ( 86.00000000000031300, -13.99999999999999800, 700.0000000000000000 ) ) ;
#4010 = PLANE ( 'NONE',  #1005 ) ;
#4011 = VECTOR ( 'NONE', #1625, 1000.000000000000100 ) ;
#4012 = DIRECTION ( 'NONE',  ( 0.0000000000000000000, 0.0000000000000000000, -1.000000000000000000 ) ) ;
#4013 =( GEOMETRIC_REPRESENTATION_CONTEXT ( 3 ) GLOBAL_UNCERTAINTY_ASSIGNED_CONTEXT ( ( #2296 ) ) GLOBAL_UNIT_ASSIGNED_CONTEXT ( ( #518, #546, #1681 ) ) REPRESENTATION_CONTEXT ( 'NONE', 'WORKASPACE' ) );
#4014 = LINE ( 'NONE', #4796, #527 ) ;
#4015 = VECTOR ( 'NONE', #3987, 1000.000000000000000 ) ;
#4016 =( LENGTH_UNIT ( ) NAMED_UNIT ( * ) SI_UNIT ( .MILLI., .METRE. ) );
#4017 = CARTESIAN_POINT ( 'NONE',  ( 87.50000000000014200, 13.99999999999999800, 99.01515035589251600 ) ) ;
#4018 = CARTESIAN_POINT ( 'NONE',  ( -62.49999999999999300, -420.0000000000000000, 595.0000000000000000 ) ) ;
#4019 = DIRECTION ( 'NONE',  ( 0.0000000000000000000, 0.0000000000000000000, -1.000000000000000000 ) ) ;
#4020 = ORIENTED_EDGE ( 'NONE', *, *, #4240, .F. ) ;
#4021 = AXIS2_PLACEMENT_3D ( 'NONE', #643, #1432, #4456 ) ;
#4022 = LINE ( 'NONE', #4329, #2144 ) ;
#4023 = EDGE_CURVE ( 'NONE', #4863, #1528, #2022, .T. ) ;
#4024 = EDGE_CURVE ( 'NONE', #1962, #4046, #1484, .T. ) ;
#4025 = DIRECTION ( 'NONE',  ( 0.0000000000000000000, 0.0000000000000000000, -1.000000000000000000 ) ) ;
#4026 = DIRECTION ( 'NONE',  ( 0.0000000000000000000, 0.0000000000000000000, 1.000000000000000000 ) ) ;
#4027 = SURFACE_STYLE_FILL_AREA ( #2457 ) ;
#4028 = CARTESIAN_POINT ( 'NONE',  ( 56.50000000000025600, 23.00000000000000000, -97.31906288081471200 ) ) ;
#4029 = ORIENTED_EDGE ( 'NONE', *, *, #4740, .T. ) ;
#4030 = SURFACE_STYLE_USAGE ( .BOTH. , #2902 ) ;
#4031 = FACE_OUTER_BOUND ( 'NONE', #1982, .T. ) ;
#4032 = PLANE ( 'NONE',  #670 ) ;
#4033 = FACE_OUTER_BOUND ( 'NONE', #2205, .T. ) ;
#4034 = VERTEX_POINT ( 'NONE', #3520 ) ;
#4035 = DIRECTION ( 'NONE',  ( 0.0000000000000000000, 0.0000000000000000000, -1.000000000000000000 ) ) ;
#4036 = FACE_OUTER_BOUND ( 'NONE', #176, .T. ) ;
#4037 = ORIENTED_EDGE ( 'NONE', *, *, #4708, .T. ) ;
#4038 = EDGE_CURVE ( 'NONE', #649, #1344, #3784, .T. ) ;
#4039 = CARTESIAN_POINT ( 'NONE',  ( -32.49999999999999300, -393.7500000000000000, -681.6000000000000200 ) ) ;
#4040 = UNCERTAINTY_MEASURE_WITH_UNIT (LENGTH_MEASURE( 1.000000000000000100E-005 ), #3547, 'distance_accuracy_value', 'NONE');
#4041 = CARTESIAN_POINT ( 'NONE',  ( 35.99999999999993600, -35.99999999999993600, 700.0000000000000000 ) ) ;
#4042 = LINE ( 'NONE', #8, #3799 ) ;
#4043 = LINE ( 'NONE', #4413, #1265 ) ;
#4044 = DIRECTION ( 'NONE',  ( 0.0000000000000000000, -0.0000000000000000000, -1.000000000000000000 ) ) ;
#4045 = VERTEX_POINT ( 'NONE', #2002 ) ;
#4046 = VERTEX_POINT ( 'NONE', #1272 ) ;
#4047 = CARTESIAN_POINT ( 'NONE',  ( 8.250000000000007100, 8.250000000000037300, -700.0000000000000000 ) ) ;
#4048 = EDGE_CURVE ( 'NONE', #4869, #3812, #116, .T. ) ;
#4049 = ORIENTED_EDGE ( 'NONE', *, *, #3162, .T. ) ;
#4050 = VECTOR ( 'NONE', #788, 1000.000000000000100 ) ;
#4051 = ORIENTED_EDGE ( 'NONE', *, *, #2742, .T. ) ;
#4052 = AXIS2_PLACEMENT_3D ( 'NONE', #772, #3737, #9 ) ;
#4053 = CARTESIAN_POINT ( 'NONE',  ( 39.50000000000012100, 127.0000000000000000, 700.0000000000000000 ) ) ;
#4054 = CARTESIAN_POINT ( 'NONE',  ( 87.50000000000000000, 420.0000000000000600, -697.5000000000000000 ) ) ;
#4055 = DIRECTION ( 'NONE',  ( -0.0000000000000000000, -1.000000000000000000, -0.0000000000000000000 ) ) ;
#4056 = CARTESIAN_POINT ( 'NONE',  ( 83.25000000000005700, -83.25000000000005700, -700.0000000000000000 ) ) ;
#4057 = EDGE_LOOP ( 'NONE', ( #2354, #1374, #3361 ) ) ;
#4058 = CARTESIAN_POINT ( 'NONE',  ( 57.50000000000014900, 22.00000000000011400, -700.0000000000000000 ) ) ;
#4059 =( LENGTH_UNIT ( ) NAMED_UNIT ( * ) SI_UNIT ( .MILLI., .METRE. ) );
#4060 = ORIENTED_EDGE ( 'NONE', *, *, #1178, .T. ) ;
#4061 = LINE ( 'NONE', #2169, #3532 ) ;
#4062 = CARTESIAN_POINT ( 'NONE',  ( 57.50000000000010700, 173.0000000000000000, 700.0000000000000000 ) ) ;
#4063 = ORIENTED_EDGE ( 'NONE', *, *, #4128, .T. ) ;
#4064 = ORIENTED_EDGE ( 'NONE', *, *, #2483, .F. ) ;
#4065 = ORIENTED_EDGE ( 'NONE', *, *, #3771, .F. ) ;
#4066 =( NAMED_UNIT ( * ) SI_UNIT ( $, .STERADIAN. ) SOLID_ANGLE_UNIT ( ) );
#4067 = VERTEX_POINT ( 'NONE', #1218 ) ;
#4068 = FACE_OUTER_BOUND ( 'NONE', #1406, .T. ) ;
#4069 = ORIENTED_EDGE ( 'NONE', *, *, #1669, .F. ) ;
#4070 = VECTOR ( 'NONE', #1745, 1000.000000000000100 ) ;
#4071 = CARTESIAN_POINT ( 'NONE',  ( 38.83488641741328700, -22.33488641741311700, -97.47625317783030100 ) ) ;
#4072 = VECTOR ( 'NONE', #4573, 1000.000000000000000 ) ;
#4073 =( NAMED_UNIT ( * ) PLANE_ANGLE_UNIT ( ) SI_UNIT ( $, .RADIAN. ) );
#4074 = DIRECTION ( 'NONE',  ( -0.0000000000000000000, -1.000000000000000000, -0.0000000000000000000 ) ) ;
#4075 = LINE ( 'NONE', #3871, #1129 ) ;
#4076 = MECHANICAL_DESIGN_GEOMETRIC_PRESENTATION_REPRESENTATION (  '', ( #3714 ), #861 ) ;
#4077 = VERTEX_POINT ( 'NONE', #1991 ) ;
#4078 =( NAMED_UNIT ( * ) SI_UNIT ( $, .STERADIAN. ) SOLID_ANGLE_UNIT ( ) );
#4079 = DIRECTION ( 'NONE',  ( -0.0000000000000000000, -1.000000000000000000, -0.0000000000000000000 ) ) ;
#4080 = ORIENTED_EDGE ( 'NONE', *, *, #2369, .F. ) ;
#4081 = DIRECTION ( 'NONE',  ( 0.0000000000000000000, -0.0000000000000000000, -1.000000000000000000 ) ) ;
#4082 = EDGE_CURVE ( 'NONE', #4410, #374, #1836, .T. ) ;
#4083 = DIRECTION ( 'NONE',  ( -0.7071067811865475700, 0.7071067811865475700, 0.0000000000000000000 ) ) ;
#4084 = AXIS2_PLACEMENT_3D ( 'NONE', #3541, #3948, #2832 ) ;
#4085 = VECTOR ( 'NONE', #3779, 1000.000000000000000 ) ;
#4086 = DIRECTION ( 'NONE',  ( 0.7071067811865474600, -0.7071067811865474600, -0.0000000000000000000 ) ) ;
#4087 = VERTEX_POINT ( 'NONE', #3874 ) ;
#4088 = DIRECTION ( 'NONE',  ( 0.0000000000000000000, -0.0000000000000000000, 1.000000000000000000 ) ) ;
#4089 = PLANE ( 'NONE',  #2807 ) ;
#4090 = AXIS2_PLACEMENT_3D ( 'NONE', #3445, #460, #1564 ) ;
#4091 = FACE_OUTER_BOUND ( 'NONE', #1672, .T. ) ;
#4092 = CARTESIAN_POINT ( 'NONE',  ( -32.49999999999999300, -420.0000000000000000, 681.6000000000000200 ) ) ;
#4093 = ORIENTED_EDGE ( 'NONE', *, *, #382, .T. ) ;
#4094 = CARTESIAN_POINT ( 'NONE',  ( -62.50000000000000000, -391.7070738953062800, 595.0000000000000000 ) ) ;
#4095 = CIRCLE ( 'NONE', #124, 13.24999999999998400 ) ;
#4096 = VERTEX_POINT ( 'NONE', #4683 ) ;
#4097 = DIRECTION ( 'NONE',  ( 1.049727191138618400E-016, -0.5150380749100544900, 0.8571673007021121100 ) ) ;
#4098 = LINE ( 'NONE', #3358, #3454 ) ;
#4099 = VERTEX_POINT ( 'NONE', #3478 ) ;
#4100 = ORIENTED_EDGE ( 'NONE', *, *, #3725, .T. ) ;
#4101 = DIRECTION ( 'NONE',  ( 0.0000000000000000000, 0.0000000000000000000, 1.000000000000000000 ) ) ;
#4102 = ORIENTED_EDGE ( 'NONE', *, *, #64, .F. ) ;
#4103 = ORIENTED_EDGE ( 'NONE', *, *, #941, .F. ) ;
#4104 = DIRECTION ( 'NONE',  ( 0.0000000000000000000, 0.0000000000000000000, 1.000000000000000000 ) ) ;
#4105 = ORIENTED_EDGE ( 'NONE', *, *, #1718, .T. ) ;
#4106 = CARTESIAN_POINT ( 'NONE',  ( -7.499999999999992900, 420.0000000000000000, 697.5000000000000000 ) ) ;
#4107 = CARTESIAN_POINT ( 'NONE',  ( -87.50000000000004300, 240.0000000000000000, 660.0000000000000000 ) ) ;
#4108 = VERTEX_POINT ( 'NONE', #123 ) ;
#4109 = CARTESIAN_POINT ( 'NONE',  ( 85.66666248187280500, 13.99999999999999800, 99.18347053848458500 ) ) ;
#4110 = AXIS2_PLACEMENT_3D ( 'NONE', #3083, #3453, #1932 ) ;
#4111 = CARTESIAN_POINT ( 'NONE',  ( 85.49999999999998600, 13.99999999999999800, -99.01515035589251600 ) ) ;
#4112 = VERTEX_POINT ( 'NONE', #1241 ) ;
#4113 = DIRECTION ( 'NONE',  ( -0.7071067811866260700, -0.7071067811864690800, -0.0000000000000000000 ) ) ;
#4114 = EDGE_LOOP ( 'NONE', ( #4838, #2074 ) ) ;
#4115 = EDGE_CURVE ( 'NONE', #3797, #800, #4379, .T. ) ;
#4116 = DIRECTION ( 'NONE',  ( 0.0000000000000000000, 0.0000000000000000000, 1.000000000000000000 ) ) ;
#4117 = ORIENTED_EDGE ( 'NONE', *, *, #2047, .T. ) ;
#4118 = PRESENTATION_LAYER_ASSIGNMENT (  '', '', ( #2171 ) ) ;
#4119 = CARTESIAN_POINT ( 'NONE',  ( 56.50000000000025600, 23.00000000000000000, 97.31906288081492600 ) ) ;
#4120 = CARTESIAN_POINT ( 'NONE',  ( 57.50000000000009900, -313.9999999999999400, -700.0000000000000000 ) ) ;
#4121 = EDGE_CURVE ( 'NONE', #836, #4034, #3245, .T. ) ;
#4122 = PLANE ( 'NONE',  #1799 ) ;
#4123 = ORIENTED_EDGE ( 'NONE', *, *, #4220, .T. ) ;
#4124 = ORIENTED_EDGE ( 'NONE', *, *, #618, .F. ) ;
#4125 = DIRECTION ( 'NONE',  ( 0.0000000000000000000, 0.0000000000000000000, -1.000000000000000000 ) ) ;
#4126 = STYLED_ITEM ( 'NONE', ( #2001 ), #4918 ) ;
#4127 = CARTESIAN_POINT ( 'NONE',  ( -62.49999999999999300, -393.7500000000000000, 595.0000000000000000 ) ) ;
#4128 = EDGE_CURVE ( 'NONE', #4571, #354, #2746, .T. ) ;
#4129 = LINE ( 'NONE', #371, #1126 ) ;
#4130 = ADVANCED_FACE ( 'NONE', ( #2263 ), #4320, .F. ) ;
#4131 = FACE_OUTER_BOUND ( 'NONE', #315, .T. ) ;
#4132 = EDGE_CURVE ( 'NONE', #3889, #1473, #1302, .T. ) ;
#4133 = ORIENTED_EDGE ( 'NONE', *, *, #1618, .F. ) ;
#4134 = DIRECTION ( 'NONE',  ( -1.000000000000000000, 0.0000000000000000000, 0.0000000000000000000 ) ) ;
#4135 = CARTESIAN_POINT ( 'NONE',  ( 37.50000000000011400, -170.9999999999999700, 700.0000000000000000 ) ) ;
#4136 = VECTOR ( 'NONE', #2133, 1000.000000000000000 ) ;
#4137 = AXIS2_PLACEMENT_3D ( 'NONE', #2553, #2112, #3634 ) ;
#4138 = CARTESIAN_POINT ( 'NONE',  ( -32.49999999999999300, -420.0000000000000000, -684.9999999999998900 ) ) ;
#4139 = FACE_OUTER_BOUND ( 'NONE', #270, .T. ) ;
#4140 = ORIENTED_EDGE ( 'NONE', *, *, #3029, .F. ) ;
#4141 = DIRECTION ( 'NONE',  ( 0.0000000000000000000, 0.0000000000000000000, -1.000000000000000000 ) ) ;
#4142 = EDGE_CURVE ( 'NONE', #4684, #4537, #3898, .T. ) ;
#4143 = SURFACE_SIDE_STYLE ('',( #1422 ) ) ;
#4144 = LINE ( 'NONE', #1139, #667 ) ;
#4145 = EDGE_CURVE ( 'NONE', #3258, #2984, #4895, .T. ) ;
#4146 = DIRECTION ( 'NONE',  ( 0.0000000000000000000, 0.0000000000000000000, -1.000000000000000000 ) ) ;
#4147 = VECTOR ( 'NONE', #1504, 1000.000000000000100 ) ;
#4148 = PRESENTATION_LAYER_ASSIGNMENT (  '', '', ( #675 ) ) ;
#4149 = LINE ( 'NONE', #2059, #1304 ) ;
#4150 = VERTEX_POINT ( 'NONE', #541 ) ;
#4151 = DIRECTION ( 'NONE',  ( -1.000000000000000000, -0.0000000000000000000, -0.0000000000000000000 ) ) ;
#4152 = LINE ( 'NONE', #2515, #1788 ) ;
#4153 = CARTESIAN_POINT ( 'NONE',  ( 57.50000000000009900, 313.9999999999999400, -700.0000000000000000 ) ) ;
#4154 = DIRECTION ( 'NONE',  ( -1.000000000000000000, -0.0000000000000000000, -0.0000000000000000000 ) ) ;
#4155 = CARTESIAN_POINT ( 'NONE',  ( 37.50000000000014900, -9.586629735661305400E-015, 0.0000000000000000000 ) ) ;
#4156 = FACE_OUTER_BOUND ( 'NONE', #922, .T. ) ;
#4157 = DIRECTION ( 'NONE',  ( 4.081702296416003700E-016, -1.000000000000000000, 0.0000000000000000000 ) ) ;
#4158 = AXIS2_PLACEMENT_3D ( 'NONE', #3656, #2554, #1380 ) ;
#4159 = VECTOR ( 'NONE', #596, 1000.000000000000000 ) ;
#4160 = VECTOR ( 'NONE', #2291, 1000.000000000000000 ) ;
#4161 = CARTESIAN_POINT ( 'NONE',  ( -62.49999999999999300, -393.7500000000000000, 595.0000000000000000 ) ) ;
#4162 = CARTESIAN_POINT ( 'NONE',  ( -87.50000000000004300, -9.586629735661305400E-015, 0.0000000000000000000 ) ) ;
#4163 = VECTOR ( 'NONE', #1165, 1000.000000000000000 ) ;
#4164 = PLANE ( 'NONE',  #4248 ) ;
#4165 = EDGE_CURVE ( 'NONE', #3419, #4046, #3500, .T. ) ;
#4166 = CARTESIAN_POINT ( 'NONE',  ( 87.50000000000014200, 13.99999999999999800, 700.0000000000000000 ) ) ;
#4167 = ORIENTED_EDGE ( 'NONE', *, *, #4817, .F. ) ;
#4168 = DIRECTION ( 'NONE',  ( 1.095614826932720100E-016, -1.000000000000000000, 0.0000000000000000000 ) ) ;
#4169 = ORIENTED_EDGE ( 'NONE', *, *, #2524, .T. ) ;
#4170 = EDGE_CURVE ( 'NONE', #1135, #100, #3151, .T. ) ;
#4171 = DIRECTION ( 'NONE',  ( -0.0000000000000000000, -0.0000000000000000000, -1.000000000000000000 ) ) ;
#4172 = DIRECTION ( 'NONE',  ( -1.000000000000000000, -0.0000000000000000000, -0.0000000000000000000 ) ) ;
#4173 = VERTEX_POINT ( 'NONE', #2512 ) ;
#4174 = CARTESIAN_POINT ( 'NONE',  ( 39.50000000000012100, 173.0000000000000000, 700.0000000000000000 ) ) ;
#4175 = CARTESIAN_POINT ( 'NONE',  ( 57.16627312371090900, -22.33372687628927600, 97.47472329838160500 ) ) ;
#4176 = LINE ( 'NONE', #1700, #2176 ) ;
#4177 = CARTESIAN_POINT ( 'NONE',  ( 57.50000000000010700, 127.0000000000000000, -700.0000000000000000 ) ) ;
#4178 = VERTEX_POINT ( 'NONE', #1754 ) ;
#4179 = ORIENTED_EDGE ( 'NONE', *, *, #1128, .T. ) ;
#4180 = FACE_OUTER_BOUND ( 'NONE', #269, .T. ) ;
#4181 = CARTESIAN_POINT ( 'NONE',  ( 87.50000000000009900, -134.4999999999999400, 700.0000000000000000 ) ) ;
#4182 = ORIENTED_EDGE ( 'NONE', *, *, #1113, .T. ) ;
#4183 = ADVANCED_FACE ( 'NONE', ( #3713 ), #4395, .F. ) ;
#4184 = ORIENTED_EDGE ( 'NONE', *, *, #3606, .F. ) ;
#4185 = SURFACE_STYLE_FILL_AREA ( #4005 ) ;
#4186 = AXIS2_PLACEMENT_3D ( 'NONE', #1861, #3769, #4530 ) ;
#4187 = ORIENTED_EDGE ( 'NONE', *, *, #133, .F. ) ;
#4188 = VECTOR ( 'NONE', #2755, 1000.000000000000000 ) ;
#4189 = EDGE_CURVE ( 'NONE', #2017, #4785, #3032, .T. ) ;
#4190 = VERTEX_POINT ( 'NONE', #253 ) ;
#4191 = APPLICATION_PROTOCOL_DEFINITION ( 'draft international standard', 'automotive_design', 1998, #2700 ) ;
#4192 = CARTESIAN_POINT ( 'NONE',  ( -87.50000000000004300, 2.904767615641728600E-015, -102.0000000000002600 ) ) ;
#4193 = VERTEX_POINT ( 'NONE', #2917 ) ;
#4194 = DIRECTION ( 'NONE',  ( 0.0000000000000000000, 0.0000000000000000000, 1.000000000000000000 ) ) ;
#4195 = FACE_OUTER_BOUND ( 'NONE', #4292, .T. ) ;
#4196 = SURFACE_STYLE_USAGE ( .BOTH. , #2744 ) ;
#4197 = DIRECTION ( 'NONE',  ( -0.5150380749100554900, 1.049727191138617700E-016, -0.8571673007021115600 ) ) ;
#4198 = LINE ( 'NONE', #3088, #4884 ) ;
#4199 = CARTESIAN_POINT ( 'NONE',  ( 57.50000000000010700, -173.0000000000000000, -700.0000000000000000 ) ) ;
#4200 = ORIENTED_EDGE ( 'NONE', *, *, #1163, .T. ) ;
#4201 = CARTESIAN_POINT ( 'NONE',  ( -32.49999999999998600, -393.7500000000000000, -595.0000000000000000 ) ) ;
#4202 = FACE_OUTER_BOUND ( 'NONE', #2969, .T. ) ;
#4203 = ORIENTED_EDGE ( 'NONE', *, *, #1714, .T. ) ;
#4204 = CARTESIAN_POINT ( 'NONE',  ( 39.50000000000008500, -277.0000000000000000, -700.0000000000000000 ) ) ;
#4205 = CARTESIAN_POINT ( 'NONE',  ( 39.50000000000012100, 127.0000000000000000, -700.0000000000000000 ) ) ;
#4206 = FACE_BOUND ( 'NONE', #4935, .T. ) ;
#4207 = DIRECTION ( 'NONE',  ( -0.7071067811865474600, -0.7071067811865474600, -0.0000000000000000000 ) ) ;
#4208 = ADVANCED_FACE ( 'NONE', ( #4202 ), #3834, .F. ) ;
#4209 = AXIS2_PLACEMENT_3D ( 'NONE', #4851, #2154, #3350 ) ;
#4210 = LINE ( 'NONE', #3808, #3223 ) ;
#4211 = DIRECTION ( 'NONE',  ( -0.0000000000000000000, -1.000000000000000000, -0.0000000000000000000 ) ) ;
#4212 = CYLINDRICAL_SURFACE ( 'NONE', #1775, 3.399999999999958600 ) ;
#4213 = CARTESIAN_POINT ( 'NONE',  ( 87.50000000000009900, 136.0000000000000000, 700.0000000000000000 ) ) ;
#4214 = DIRECTION ( 'NONE',  ( -1.000000000000000000, 1.734723475976808100E-016, 0.0000000000000000000 ) ) ;
#4215 = EDGE_CURVE ( 'NONE', #1644, #2505, #2682, .T. ) ;
#4216 = ORIENTED_EDGE ( 'NONE', *, *, #2130, .F. ) ;
#4217 = LINE ( 'NONE', #544, #791 ) ;
#4218 = STYLED_ITEM ( 'NONE', ( #281 ), #2501 ) ;
#4219 = EDGE_CURVE ( 'NONE', #1952, #1411, #4633, .T. ) ;
#4220 = EDGE_CURVE ( 'NONE', #4261, #229, #2382, .T. ) ;
#4221 = LINE ( 'NONE', #2546, #3232 ) ;
#4222 = DIRECTION ( 'NONE',  ( 0.0000000000000000000, 0.0000000000000000000, -1.000000000000000000 ) ) ;
#4223 = ORIENTED_EDGE ( 'NONE', *, *, #569, .T. ) ;
#4224 = SURFACE_SIDE_STYLE ('',( #805 ) ) ;
#4225 = ORIENTED_EDGE ( 'NONE', *, *, #4290, .F. ) ;
#4226 = CARTESIAN_POINT ( 'NONE',  ( 57.50000000000005700, -277.0000000000000000, -700.0000000000000000 ) ) ;
#4227 = AXIS2_PLACEMENT_3D ( 'NONE', #3731, #1858, #4921 ) ;
#4228 = CARTESIAN_POINT ( 'NONE',  ( -32.49999999999999300, -393.7500000000000000, 684.9999999999998900 ) ) ;
#4229 = ORIENTED_EDGE ( 'NONE', *, *, #4681, .F. ) ;
#4230 = FACE_OUTER_BOUND ( 'NONE', #671, .T. ) ;
#4231 = EDGE_CURVE ( 'NONE', #1401, #4860, #4752, .T. ) ;
#4232 = VERTEX_POINT ( 'NONE', #3388 ) ;
#4233 = CARTESIAN_POINT ( 'NONE',  ( 57.50000000000005700, 322.9999999999999400, -700.0000000000000000 ) ) ;
#4234 = CARTESIAN_POINT ( 'NONE',  ( 111.0000000000000300, -111.0000000000000300, 700.0000000000000000 ) ) ;
#4235 = ORIENTED_EDGE ( 'NONE', *, *, #2214, .F. ) ;
#4236 = DIRECTION ( 'NONE',  ( 0.0000000000000000000, 1.000000000000000000, -0.0000000000000000000 ) ) ;
#4237 = ADVANCED_FACE ( 'NONE', ( #658 ), #3352, .T. ) ;
#4238 = LINE ( 'NONE', #988, #809 ) ;
#4239 = ORIENTED_EDGE ( 'NONE', *, *, #3487, .F. ) ;
#4240 = EDGE_CURVE ( 'NONE', #4034, #1927, #2071, .T. ) ;
#4241 = ORIENTED_EDGE ( 'NONE', *, *, #3460, .T. ) ;
#4242 = ORIENTED_EDGE ( 'NONE', *, *, #3605, .F. ) ;
#4243 = EDGE_CURVE ( 'NONE', #2718, #1214, #592, .T. ) ;
#4244 = ORIENTED_EDGE ( 'NONE', *, *, #447, .F. ) ;
#4245 = CARTESIAN_POINT ( 'NONE',  ( 87.50000000000009900, 136.0000000000000000, -700.0000000000000000 ) ) ;
#4246 = EDGE_CURVE ( 'NONE', #3856, #3362, #2447, .T. ) ;
#4247 = CARTESIAN_POINT ( 'NONE',  ( 86.00000000000000000, 313.9999999999999400, 700.0000000000000000 ) ) ;
#4248 = AXIS2_PLACEMENT_3D ( 'NONE', #416, #1159, #3049 ) ;
#4249 = DIRECTION ( 'NONE',  ( 0.0000000000000000000, 0.0000000000000000000, 1.000000000000000000 ) ) ;
#4250 = CARTESIAN_POINT ( 'NONE',  ( 87.50000000000014200, 15.50000000000027700, 700.0000000000000000 ) ) ;
#4251 = ORIENTED_EDGE ( 'NONE', *, *, #4048, .F. ) ;
#4252 = FACE_OUTER_BOUND ( 'NONE', #2534, .T. ) ;
#4253 = ORIENTED_EDGE ( 'NONE', *, *, #3375, .T. ) ;
#4254 = LINE ( 'NONE', #4047, #1292 ) ;
#4255 = LINE ( 'NONE', #748, #3831 ) ;
#4256 = CARTESIAN_POINT ( 'NONE',  ( 87.50000000000009900, -165.4999999999998000, 700.0000000000000000 ) ) ;
#4257 = MANIFOLD_SOLID_BREP ( 'M8 螺纹孔1', #2862 ) ;
#4258 = ADVANCED_FACE ( 'NONE', ( #1191 ), #3405, .T. ) ;
#4259 = ORIENTED_EDGE ( 'NONE', *, *, #3798, .F. ) ;
#4260 = CARTESIAN_POINT ( 'NONE',  ( 37.50000000000014900, 20.99999999999999300, 97.77013859047156100 ) ) ;
#4261 = VERTEX_POINT ( 'NONE', #2989 ) ;
#4262 = PLANE ( 'NONE',  #3951 ) ;
#4263 = DIRECTION ( 'NONE',  ( 0.0000000000000000000, 0.0000000000000000000, -1.000000000000000000 ) ) ;
#4264 = VECTOR ( 'NONE', #507, 1000.000000000000000 ) ;
#4265 = DIRECTION ( 'NONE',  ( -0.0000000000000000000, -1.000000000000000000, -0.0000000000000000000 ) ) ;
#4266 = VECTOR ( 'NONE', #907, 1000.000000000000000 ) ;
#4267 = CIRCLE ( 'NONE', #1833, 3.399999999999958600 ) ;
#4268 = ORIENTED_EDGE ( 'NONE', *, *, #499, .T. ) ;
#4269 = SURFACE_STYLE_FILL_AREA ( #1969 ) ;
#4270 = CARTESIAN_POINT ( 'NONE',  ( -87.50000000000004300, -240.0000000000000000, -646.7500000000000000 ) ) ;
#4271 = EDGE_CURVE ( 'NONE', #4317, #2505, #2065, .T. ) ;
#4272 = ORIENTED_EDGE ( 'NONE', *, *, #4240, .T. ) ;
#4273 = MECHANICAL_DESIGN_GEOMETRIC_PRESENTATION_REPRESENTATION (  '', ( #2330 ), #3087 ) ;
#4274 = CARTESIAN_POINT ( 'NONE',  ( -87.50000000000004300, -240.0000000000000000, -660.0000000000000000 ) ) ;
#4275 = DIRECTION ( 'NONE',  ( -1.000000000000000000, -0.0000000000000000000, -0.0000000000000000000 ) ) ;
#4276 = CARTESIAN_POINT ( 'NONE',  ( 57.50000000000014900, -163.9999999999999700, 700.0000000000000000 ) ) ;
#4277 = ORIENTED_EDGE ( 'NONE', *, *, #4662, .F. ) ;
#4278 = VECTOR ( 'NONE', #2342, 1000.000000000000000 ) ;
#4279 = DIRECTION ( 'NONE',  ( 1.000000000000000000, 4.625929269271481400E-015, -0.0000000000000000000 ) ) ;
#4280 = ORIENTED_EDGE ( 'NONE', *, *, #4553, .T. ) ;
#4281 = CARTESIAN_POINT ( 'NONE',  ( -32.49999999999998600, -420.0000000000000000, 591.6000000000000200 ) ) ;
#4282 = STYLED_ITEM ( 'NONE', ( #1546 ), #3206 ) ;
#4283 = ADVANCED_FACE ( 'NONE', ( #1535 ), #3051, .F. ) ;
#4284 = LINE ( 'NONE', #3704, #3108 ) ;
#4285 = EDGE_CURVE ( 'NONE', #2942, #2430, #1014, .T. ) ;
#4286 = CARTESIAN_POINT ( 'NONE',  ( 57.50000000000011400, 128.0000000000001100, -700.0000000000000000 ) ) ;
#4287 = CIRCLE ( 'NONE', #2713, 100.0000000000000000 ) ;
#4288 = CARTESIAN_POINT ( 'NONE',  ( 37.50000000000011400, -170.9999999999999700, -700.0000000000000000 ) ) ;
#4289 = ORIENTED_EDGE ( 'NONE', *, *, #2056, .T. ) ;
#4290 = EDGE_CURVE ( 'NONE', #634, #3640, #4436, .T. ) ;
#4291 = CARTESIAN_POINT ( 'NONE',  ( 87.50000000000005700, 315.5000000000000000, -700.0000000000000000 ) ) ;
#4292 = EDGE_LOOP ( 'NONE', ( #2101, #3225, #3730, #1946 ) ) ;
#4293 = ORIENTED_EDGE ( 'NONE', *, *, #1585, .F. ) ;
#4294 = DIRECTION ( 'NONE',  ( -4.625929269271481400E-015, -1.000000000000000000, 0.0000000000000000000 ) ) ;
#4295 = CARTESIAN_POINT ( 'NONE',  ( -7.499999999999992900, 420.0000000000000000, -697.5000000000000000 ) ) ;
#4296 = ORIENTED_EDGE ( 'NONE', *, *, #1371, .F. ) ;
#4297 = ORIENTED_EDGE ( 'NONE', *, *, #998, .T. ) ;
#4298 = ORIENTED_EDGE ( 'NONE', *, *, #3606, .T. ) ;
#4299 = LINE ( 'NONE', #2614, #3996 ) ;
#4300 = CARTESIAN_POINT ( 'NONE',  ( 57.50000000000014900, 22.00000000000011000, 700.0000000000000000 ) ) ;
#4301 = ORIENTED_EDGE ( 'NONE', *, *, #258, .T. ) ;
#4302 = AXIS2_PLACEMENT_3D ( 'NONE', #571, #2511, #2533 ) ;
#4303 = DIRECTION ( 'NONE',  ( 0.0000000000000000000, 0.0000000000000000000, -1.000000000000000000 ) ) ;
#4304 = ORIENTED_EDGE ( 'NONE', *, *, #2093, .T. ) ;
#4305 = LINE ( 'NONE', #4177, #2307 ) ;
#4306 = EDGE_LOOP ( 'NONE', ( #4755, #2522, #1235, #4203 ) ) ;
#4307 = LINE ( 'NONE', #1784, #2610 ) ;
#4308 = FACE_OUTER_BOUND ( 'NONE', #3239, .T. ) ;
#4309 = SURFACE_STYLE_USAGE ( .BOTH. , #2358 ) ;
#4310 = EDGE_CURVE ( 'NONE', #3876, #535, #2257, .T. ) ;
#4311 = DIRECTION ( 'NONE',  ( -0.0000000000000000000, -1.000000000000000000, -0.0000000000000000000 ) ) ;
#4312 = ORIENTED_EDGE ( 'NONE', *, *, #4388, .T. ) ;
#4313 = AXIS2_PLACEMENT_3D ( 'NONE', #3845, #2720, #2737 ) ;
#4314 = ORIENTED_EDGE ( 'NONE', *, *, #485, .F. ) ;
#4315 = LINE ( 'NONE', #3297, #706 ) ;
#4316 = LINE ( 'NONE', #4536, #1715 ) ;
#4317 = VERTEX_POINT ( 'NONE', #2709 ) ;
#4318 = CARTESIAN_POINT ( 'NONE',  ( 87.50000000000009900, 136.0000000000000000, 700.0000000000000000 ) ) ;
#4319 = CARTESIAN_POINT ( 'NONE',  ( -62.49999999999999300, -393.7500000000000000, 688.3999999999998600 ) ) ;
#4320 = PLANE ( 'NONE',  #3158 ) ;
#4321 = LINE ( 'NONE', #93, #1827 ) ;
#4322 = LINE ( 'NONE', #167, #361 ) ;
#4323 = ORIENTED_EDGE ( 'NONE', *, *, #589, .T. ) ;
#4324 = AXIS2_PLACEMENT_3D ( 'NONE', #1781, #4827, #686 ) ;
#4325 = DIRECTION ( 'NONE',  ( -0.7071067811865475700, -0.7071067811865475700, 0.0000000000000000000 ) ) ;
#4326 = VECTOR ( 'NONE', #962, 1000.000000000000000 ) ;
#4327 = ORIENTED_EDGE ( 'NONE', *, *, #3662, .T. ) ;
#4328 = CARTESIAN_POINT ( 'NONE',  ( -32.49999999999998600, -420.0000000000000000, -595.0000000000000000 ) ) ;
#4329 = CARTESIAN_POINT ( 'NONE',  ( 39.50000000000015600, 22.99999999999999600, 700.0000000000000000 ) ) ;
#4330 = AXIS2_PLACEMENT_3D ( 'NONE', #2064, #913, #194 ) ;
#4331 = VECTOR ( 'NONE', #298, 1000.000000000000000 ) ;
#4332 = ORIENTED_EDGE ( 'NONE', *, *, #4582, .F. ) ;
#4333 = CARTESIAN_POINT ( 'NONE',  ( 37.50000000000008500, 279.0000000000000000, 700.0000000000000000 ) ) ;
#4334 = VECTOR ( 'NONE', #2479, 1000.000000000000100 ) ;
#4335 = VECTOR ( 'NONE', #1395, 1000.000000000000000 ) ;
#4336 = EDGE_CURVE ( 'NONE', #2530, #2332, #2318, .T. ) ;
#4337 = LINE ( 'NONE', #1716, #1680 ) ;
#4338 = AXIS2_PLACEMENT_3D ( 'NONE', #688, #1860, #2995 ) ;
#4339 = CARTESIAN_POINT ( 'NONE',  ( 37.50000000000014900, 20.99999999999999300, 700.0000000000000000 ) ) ;
#4340 = CARTESIAN_POINT ( 'NONE',  ( 87.50000000000014200, -13.99999999999999800, 99.01515035589251600 ) ) ;
#4341 = DIRECTION ( 'NONE',  ( 1.000000000000000000, 0.0000000000000000000, 0.0000000000000000000 ) ) ;
#4342 = CARTESIAN_POINT ( 'NONE',  ( 57.50000000000014900, 136.0000000000000000, -700.0000000000000000 ) ) ;
#4343 = ORIENTED_EDGE ( 'NONE', *, *, #3567, .F. ) ;
#4344 = AXIS2_PLACEMENT_3D ( 'NONE', #3426, #3059, #1846 ) ;
#4345 = SURFACE_SIDE_STYLE ('',( #1167 ) ) ;
#4346 = DIRECTION ( 'NONE',  ( 0.0000000000000000000, 0.0000000000000000000, 1.000000000000000000 ) ) ;
#4347 = DIRECTION ( 'NONE',  ( 0.0000000000000000000, 0.0000000000000000000, 1.000000000000000000 ) ) ;
#4348 = DIRECTION ( 'NONE',  ( -1.000000000000000000, -0.0000000000000000000, -0.0000000000000000000 ) ) ;
#4349 = ORIENTED_EDGE ( 'NONE', *, *, #3653, .F. ) ;
#4350 = ADVANCED_FACE ( 'NONE', ( #2677 ), #15, .T. ) ;
#4351 = CARTESIAN_POINT ( 'NONE',  ( 57.50000000000011400, -127.9999999999998900, 700.0000000000000000 ) ) ;
#4352 = CARTESIAN_POINT ( 'NONE',  ( -62.49999999999999300, -393.7500000000000000, -595.0000000000000000 ) ) ;
#4353 =( NAMED_UNIT ( * ) PLANE_ANGLE_UNIT ( ) SI_UNIT ( $, .RADIAN. ) );
#4354 = PRESENTATION_STYLE_ASSIGNMENT (( #2426 ) ) ;
#4355 = EDGE_LOOP ( 'NONE', ( #3826, #3037, #2460, #2766 ) ) ;
#4356 = VECTOR ( 'NONE', #1604, 1000.000000000000000 ) ;
#4357 = ORIENTED_EDGE ( 'NONE', *, *, #1635, .T. ) ;
#4358 = DIRECTION ( 'NONE',  ( 0.7071067811865474600, -0.7071067811865474600, -0.0000000000000000000 ) ) ;
#4359 = LINE ( 'NONE', #615, #3943 ) ;
#4360 = CARTESIAN_POINT ( 'NONE',  ( 87.50000000000000000, 420.0000000000000000, 697.5000000000000000 ) ) ;
#4361 = ADVANCED_FACE ( 'NONE', ( #1183 ), #3455, .T. ) ;
#4362 = ORIENTED_EDGE ( 'NONE', *, *, #3125, .F. ) ;
#4363 = CIRCLE ( 'NONE', #282, 3.399999999999958600 ) ;
#4364 = CARTESIAN_POINT ( 'NONE',  ( 39.50000000000015600, 23.00000000000000700, 97.31906288081488300 ) ) ;
#4365 = CYLINDRICAL_SURFACE ( 'NONE', #203, 100.0000000000000000 ) ;
#4366 = DIRECTION ( 'NONE',  ( -0.0000000000000000000, -1.000000000000000000, -0.0000000000000000000 ) ) ;
#4367 = ORIENTED_EDGE ( 'NONE', *, *, #4231, .T. ) ;
#4368 = CARTESIAN_POINT ( 'NONE',  ( 57.50000000000014900, 22.00000000000011400, 700.0000000000000000 ) ) ;
#4369 = CARTESIAN_POINT ( 'NONE',  ( -87.50000000000007100, 340.0000000000001100, 700.0000000000000000 ) ) ;
#4370 = EDGE_CURVE ( 'NONE', #1376, #191, #953, .T. ) ;
#4371 = ORIENTED_EDGE ( 'NONE', *, *, #3924, .T. ) ;
#4372 = EDGE_CURVE ( 'NONE', #1514, #3362, #4075, .T. ) ;
#4373 = EDGE_CURVE ( 'NONE', #2287, #3494, #3540, .T. ) ;
#4374 = CARTESIAN_POINT ( 'NONE',  ( -87.50000000000007100, 340.0000000000001100, 700.0000000000000000 ) ) ;
#4375 = ORIENTED_EDGE ( 'NONE', *, *, #2047, .F. ) ;
#4376 = SURFACE_SIDE_STYLE ('',( #2409 ) ) ;
#4377 = DIRECTION ( 'NONE',  ( 0.0000000000000000000, -1.000000000000000000, 0.0000000000000000000 ) ) ;
#4378 = DIRECTION ( 'NONE',  ( -1.000000000000000000, 0.0000000000000000000, 0.0000000000000000000 ) ) ;
#4379 = LINE ( 'NONE', #4281, #296 ) ;
#4380 = FACE_BOUND ( 'NONE', #1835, .T. ) ;
#4381 = CARTESIAN_POINT ( 'NONE',  ( -0.0000000000000000000, -417.5000000000000600, -700.0000000000000000 ) ) ;
#4382 = PRESENTATION_LAYER_ASSIGNMENT (  '', '', ( #2372 ) ) ;
#4383 = CARTESIAN_POINT ( 'NONE',  ( 85.49999999999998600, 13.99999999999999800, -99.01515035589251600 ) ) ;
#4384 = EDGE_CURVE ( 'NONE', #3993, #649, #1073, .T. ) ;
#4385 = CIRCLE ( 'NONE', #2769, 100.0000000000000000 ) ;
#4386 = EDGE_LOOP ( 'NONE', ( #2751, #3690, #4289, #1882, #3925 ) ) ;
#4387 = DIRECTION ( 'NONE',  ( -1.000000000000000000, -6.546126324440779700E-016, 0.0000000000000000000 ) ) ;
#4388 = EDGE_CURVE ( 'NONE', #535, #2644, #4198, .T. ) ;
#4389 = VERTEX_POINT ( 'NONE', #1607 ) ;
#4390 = CARTESIAN_POINT ( 'NONE',  ( 39.50000000000009200, 322.9999999999999400, 700.0000000000000000 ) ) ;
#4391 = CIRCLE ( 'NONE', #3604, 13.24999999999998400 ) ;
#4392 = COLOUR_RGB ( '',0.6470588235294118000, 0.6196078431372549200, 0.5882352941176470800 ) ;
#4393 = CARTESIAN_POINT ( 'NONE',  ( 57.50000000000009900, 313.9999999999999400, 700.0000000000000000 ) ) ;
#4394 =( NAMED_UNIT ( * ) SI_UNIT ( $, .STERADIAN. ) SOLID_ANGLE_UNIT ( ) );
#4395 = PLANE ( 'NONE',  #3806 ) ;
#4396 = CARTESIAN_POINT ( 'NONE',  ( 85.99999999999987200, 13.99999999999999800, 99.52009847262000600 ) ) ;
#4397 = CARTESIAN_POINT ( 'NONE',  ( 87.50000000000014200, 15.50000000000027700, -700.0000000000000000 ) ) ;
#4398 = CARTESIAN_POINT ( 'NONE',  ( -15.00000000000004100, 240.0000000000000000, -660.0000000000000000 ) ) ;
#4399 = ORIENTED_EDGE ( 'NONE', *, *, #3697, .F. ) ;
#4400 =( GEOMETRIC_REPRESENTATION_CONTEXT ( 3 ) GLOBAL_UNCERTAINTY_ASSIGNED_CONTEXT ( ( #2876 ) ) GLOBAL_UNIT_ASSIGNED_CONTEXT ( ( #2034, #3921, #3936 ) ) REPRESENTATION_CONTEXT ( 'NONE', 'WORKASPACE' ) );
#4401 = DIRECTION ( 'NONE',  ( -1.000000000000000000, -0.0000000000000000000, -0.0000000000000000000 ) ) ;
#4402 = DIRECTION ( 'NONE',  ( 0.0000000000000000000, 0.0000000000000000000, 1.000000000000000000 ) ) ;
#4403 = SURFACE_STYLE_FILL_AREA ( #3573 ) ;
#4404 = CARTESIAN_POINT ( 'NONE',  ( 57.50000000000011400, 172.0000000000000900, -700.0000000000000000 ) ) ;
#4405 = EDGE_CURVE ( 'NONE', #107, #2320, #4321, .T. ) ;
#4406 = EDGE_CURVE ( 'NONE', #335, #1401, #831, .T. ) ;
#4407 = ORIENTED_EDGE ( 'NONE', *, *, #2829, .T. ) ;
#4408 = AXIS2_PLACEMENT_3D ( 'NONE', #2595, #4055, #2589 ) ;
#4409 = DIRECTION ( 'NONE',  ( -0.0000000000000000000, -1.000000000000000000, -0.0000000000000000000 ) ) ;
#4410 = VERTEX_POINT ( 'NONE', #477 ) ;
#4411 = EDGE_CURVE ( 'NONE', #2337, #1502, #1243, .T. ) ;
#4412 = UNCERTAINTY_MEASURE_WITH_UNIT (LENGTH_MEASURE( 1.000000000000000100E-005 ), #2834, 'distance_accuracy_value', 'NONE');
#4413 = CARTESIAN_POINT ( 'NONE',  ( -87.50000000000000000, -420.0000000000000000, -697.5000000000000000 ) ) ;
#4414 = ORIENTED_EDGE ( 'NONE', *, *, #4145, .F. ) ;
#4415 = DIRECTION ( 'NONE',  ( 0.0000000000000000000, 0.0000000000000000000, -1.000000000000000000 ) ) ;
#4416 = ORIENTED_EDGE ( 'NONE', *, *, #1917, .F. ) ;
#4417 = DIRECTION ( 'NONE',  ( -0.0000000000000000000, -1.000000000000000000, -0.0000000000000000000 ) ) ;
#4418 = CARTESIAN_POINT ( 'NONE',  ( 0.0000000000000000000, -417.5000000000000600, 700.0000000000000000 ) ) ;
#4419 = CARTESIAN_POINT ( 'NONE',  ( -38.99999999999985100, -38.99999999999985100, 700.0000000000000000 ) ) ;
#4420 = ORIENTED_EDGE ( 'NONE', *, *, #835, .F. ) ;
#4421 = DIRECTION ( 'NONE',  ( 0.0000000000000000000, 0.0000000000000000000, 1.000000000000000000 ) ) ;
#4422 = DIRECTION ( 'NONE',  ( 0.7071067811865475700, -0.7071067811865475700, 0.0000000000000000000 ) ) ;
#4423 = EDGE_CURVE ( 'NONE', #2781, #2170, #3271, .T. ) ;
#4424 = SURFACE_STYLE_USAGE ( .BOTH. , #943 ) ;
#4425 = DIRECTION ( 'NONE',  ( 0.7071067811865474600, 0.7071067811865474600, -0.0000000000000000000 ) ) ;
#4426 = CARTESIAN_POINT ( 'NONE',  ( 87.50000000000014200, -13.99999999999999800, -700.0000000000000000 ) ) ;
#4427 = ORIENTED_EDGE ( 'NONE', *, *, #1327, .F. ) ;
#4428 = VECTOR ( 'NONE', #1621, 1000.000000000000100 ) ;
#4429 = VECTOR ( 'NONE', #4211, 1000.000000000000000 ) ;
#4430 = EDGE_CURVE ( 'NONE', #1496, #4444, #2012, .T. ) ;
#4431 = PLANE ( 'NONE',  #3212 ) ;
#4432 = LINE ( 'NONE', #2588, #4943 ) ;
#4433 = CARTESIAN_POINT ( 'NONE',  ( -87.50000000000004300, 240.0000000000000000, -660.0000000000000000 ) ) ;
#4434 = LINE ( 'NONE', #1823, #4628 ) ;
#4435 = EDGE_CURVE ( 'NONE', #3192, #4112, #1595, .T. ) ;
#4436 = LINE ( 'NONE', #4213, #3207 ) ;
#4437 = CARTESIAN_POINT ( 'NONE',  ( 57.50000000000014200, 22.00000000000011400, 97.54998718605757800 ) ) ;
#4438 = EDGE_CURVE ( 'NONE', #3812, #832, #3710, .T. ) ;
#4439 = LINE ( 'NONE', #4478, #4506 ) ;
#4440 = DIRECTION ( 'NONE',  ( 0.0000000000000000000, 0.0000000000000000000, -1.000000000000000000 ) ) ;
#4441 = ORIENTED_EDGE ( 'NONE', *, *, #3720, .F. ) ;
#4442 = DIRECTION ( 'NONE',  ( -1.000000000000000000, -0.0000000000000000000, -0.0000000000000000000 ) ) ;
#4443 = CARTESIAN_POINT ( 'NONE',  ( 57.50000000000009900, 286.0000000000000600, -700.0000000000000000 ) ) ;
#4444 = VERTEX_POINT ( 'NONE', #3837 ) ;
#4445 = AXIS2_PLACEMENT_3D ( 'NONE', #775, #1154, #3785 ) ;
#4446 = EDGE_CURVE ( 'NONE', #4869, #512, #2672, .T. ) ;
#4447 = DIRECTION ( 'NONE',  ( -0.0000000000000000000, -1.000000000000000000, -0.0000000000000000000 ) ) ;
#4448 = DIRECTION ( 'NONE',  ( 0.0000000000000000000, 0.0000000000000000000, -1.000000000000000000 ) ) ;
#4449 = CARTESIAN_POINT ( 'NONE',  ( 39.50000000000015600, 22.99999999999999600, -700.0000000000000000 ) ) ;
#4450 = ORIENTED_EDGE ( 'NONE', *, *, #1585, .T. ) ;
#4451 = CARTESIAN_POINT ( 'NONE',  ( 87.50000000000014200, -23.00000000000000700, 97.31906288081489700 ) ) ;
#4452 = LINE ( 'NONE', #4604, #3161 ) ;
#4453 = FACE_OUTER_BOUND ( 'NONE', #1726, .T. ) ;
#4454 =( LENGTH_UNIT ( ) NAMED_UNIT ( * ) SI_UNIT ( .MILLI., .METRE. ) );
#4455 = CARTESIAN_POINT ( 'NONE',  ( 57.50000000000006400, 277.9999999999998900, 700.0000000000000000 ) ) ;
#4456 = DIRECTION ( 'NONE',  ( 0.0000000000000000000, 0.0000000000000000000, 1.000000000000000000 ) ) ;
#4457 = DIRECTION ( 'NONE',  ( 0.0000000000000000000, 0.0000000000000000000, -1.000000000000000000 ) ) ;
#4458 = CYLINDRICAL_SURFACE ( 'NONE', #170, 3.399999999999958600 ) ;
#4459 = DIRECTION ( 'NONE',  ( 0.0000000000000000000, 0.0000000000000000000, -1.000000000000000000 ) ) ;
#4460 = VERTEX_POINT ( 'NONE', #3809 ) ;
#4461 =( NAMED_UNIT ( * ) PLANE_ANGLE_UNIT ( ) SI_UNIT ( $, .RADIAN. ) );
#4462 = CARTESIAN_POINT ( 'NONE',  ( 56.50000000000000000, 127.0000000000000000, -700.0000000000000000 ) ) ;
#4463 =( NAMED_UNIT ( * ) SI_UNIT ( $, .STERADIAN. ) SOLID_ANGLE_UNIT ( ) );
#4464 = AXIS2_PLACEMENT_3D ( 'NONE', #2374, #88, #3504 ) ;
#4465 = CARTESIAN_POINT ( 'NONE',  ( -32.49999999999998600, -393.7500000000000000, 598.3999999999999800 ) ) ;
#4466 = CARTESIAN_POINT ( 'NONE',  ( 38.16819639670781300, 21.66819639670765300, 97.62661701493563300 ) ) ;
#4467 = ORIENTED_EDGE ( 'NONE', *, *, #2659, .F. ) ;
#4468 = ORIENTED_EDGE ( 'NONE', *, *, #4438, .T. ) ;
#4469 = EDGE_CURVE ( 'NONE', #3792, #1626, #711, .T. ) ;
#4470 = ORIENTED_EDGE ( 'NONE', *, *, #1594, .F. ) ;
#4471 = VERTEX_POINT ( 'NONE', #1584 ) ;
#4472 = AXIS2_PLACEMENT_3D ( 'NONE', #3167, #1622, #537 ) ;
#4473 = SURFACE_SIDE_STYLE ('',( #3389 ) ) ;
#4474 =( NAMED_UNIT ( * ) SI_UNIT ( $, .STERADIAN. ) SOLID_ANGLE_UNIT ( ) );
#4475 = EDGE_CURVE ( 'NONE', #2651, #1135, #1291, .T. ) ;
#4476 = EDGE_CURVE ( 'NONE', #2297, #3860, #4625, .T. ) ;
#4477 = ORIENTED_EDGE ( 'NONE', *, *, #3146, .F. ) ;
#4478 = CARTESIAN_POINT ( 'NONE',  ( 39.50000000000008500, 322.9999999999999400, -700.0000000000000000 ) ) ;
#4479 = ORIENTED_EDGE ( 'NONE', *, *, #227, .F. ) ;
#4480 = DIRECTION ( 'NONE',  ( 0.0000000000000000000, 0.0000000000000000000, 1.000000000000000000 ) ) ;
#4481 = VECTOR ( 'NONE', #1467, 1000.000000000000000 ) ;
#4482 = FILL_AREA_STYLE_COLOUR ( '', #2836 ) ;
#4483 = ORIENTED_EDGE ( 'NONE', *, *, #3616, .F. ) ;
#4484 = VERTEX_POINT ( 'NONE', #4608 ) ;
#4485 = SURFACE_STYLE_USAGE ( .BOTH. , #4915 ) ;
#4486 = EDGE_CURVE ( 'NONE', #4067, #520, #470, .T. ) ;
#4487 = LINE ( 'NONE', #1491, #341 ) ;
#4488 = VERTEX_POINT ( 'NONE', #4680 ) ;
#4489 = CARTESIAN_POINT ( 'NONE',  ( 57.50000000000005700, -322.9999999999999400, 700.0000000000000000 ) ) ;
#4490 = ORIENTED_EDGE ( 'NONE', *, *, #4740, .F. ) ;
#4491 = VECTOR ( 'NONE', #4814, 1000.000000000000000 ) ;
#4492 = ADVANCED_FACE ( 'NONE', ( #2311 ), #2772, .F. ) ;
#4493 = FACE_OUTER_BOUND ( 'NONE', #1312, .T. ) ;
#4494 = ORIENTED_EDGE ( 'NONE', *, *, #3162, .F. ) ;
#4495 = EDGE_LOOP ( 'NONE', ( #3668, #149, #4241, #1589, #3314, #4563 ) ) ;
#4496 = FACE_OUTER_BOUND ( 'NONE', #1451, .T. ) ;
#4497 = SURFACE_STYLE_FILL_AREA ( #1874 ) ;
#4498 = EDGE_LOOP ( 'NONE', ( #2892, #265, #2052, #1115 ) ) ;
#4499 = CARTESIAN_POINT ( 'NONE',  ( 158.2500000000000600, 158.2500000000000600, -700.0000000000000000 ) ) ;
#4500 = FACE_OUTER_BOUND ( 'NONE', #415, .T. ) ;
#4501 = CARTESIAN_POINT ( 'NONE',  ( 56.50000000000000000, -173.0000000000000000, 700.0000000000000000 ) ) ;
#4502 = ORIENTED_EDGE ( 'NONE', *, *, #4643, .T. ) ;
#4503 = VECTOR ( 'NONE', #2906, 1000.000000000000000 ) ;
#4504 = STYLED_ITEM ( 'NONE', ( #241 ), #554 ) ;
#4505 = CARTESIAN_POINT ( 'NONE',  ( -32.49999999999999300, -393.7500000000000000, 684.9999999999998900 ) ) ;
#4506 = VECTOR ( 'NONE', #1800, 1000.000000000000000 ) ;
#4507 = ORIENTED_EDGE ( 'NONE', *, *, #21, .T. ) ;
#4508 = CARTESIAN_POINT ( 'NONE',  ( 87.50000000000009900, 136.0000000000000000, 700.0000000000000000 ) ) ;
#4509 = COLOUR_RGB ( '',0.6470588235294118000, 0.6196078431372549200, 0.5882352941176470800 ) ;
#4510 = EDGE_LOOP ( 'NONE', ( #2028, #3417, #3168, #539 ) ) ;
#4511 = EDGE_CURVE ( 'NONE', #2020, #2879, #352, .T. ) ;
#4512 = CARTESIAN_POINT ( 'NONE',  ( -32.49999999999999300, -393.7500000000000000, -684.9999999999998900 ) ) ;
#4513 = AXIS2_PLACEMENT_3D ( 'NONE', #2629, #2600, #348 ) ;
#4514 = ORIENTED_EDGE ( 'NONE', *, *, #1751, .F. ) ;
#4515 = ORIENTED_EDGE ( 'NONE', *, *, #2130, .T. ) ;
#4516 = CARTESIAN_POINT ( 'NONE',  ( 87.50000000000005700, 315.5000000000000000, -700.0000000000000000 ) ) ;
#4517 = FACE_OUTER_BOUND ( 'NONE', #2060, .T. ) ;
#4518 = DIRECTION ( 'NONE',  ( -4.625929269271481400E-015, -1.000000000000000000, 0.0000000000000000000 ) ) ;
#4519 = DIRECTION ( 'NONE',  ( 1.000000000000000000, -0.0000000000000000000, -0.0000000000000000000 ) ) ;
#4520 = LINE ( 'NONE', #48, #1733 ) ;
#4521 = AXIS2_PLACEMENT_3D ( 'NONE', #845, #807, #3451 ) ;
#4522 = EDGE_LOOP ( 'NONE', ( #2418, #1632 ) ) ;
#4523 = ADVANCED_FACE ( 'NONE', ( #218 ), #105, .F. ) ;
#4524 = LINE ( 'NONE', #2944, #1308 ) ;
#4525 = PLANE ( 'NONE',  #2258 ) ;
#4526 = CYLINDRICAL_SURFACE ( 'NONE', #2365, 3.399999999999958600 ) ;
#4527 = DIRECTION ( 'NONE',  ( 0.0000000000000000000, 0.0000000000000000000, 1.000000000000000000 ) ) ;
#4528 = LINE ( 'NONE', #1448, #3050 ) ;
#4529 = CARTESIAN_POINT ( 'NONE',  ( -15.00000000000004100, -240.0000000000000000, 646.7500000000000000 ) ) ;
#4530 = DIRECTION ( 'NONE',  ( -1.000000000000000000, -5.782411586589363600E-017, 0.0000000000000000000 ) ) ;
#4531 = ORIENTED_EDGE ( 'NONE', *, *, #2905, .T. ) ;
#4532 = COLOUR_RGB ( '',0.6470588235294118000, 0.6196078431372549200, 0.5882352941176470800 ) ;
#4533 = CARTESIAN_POINT ( 'NONE',  ( -87.50000000000004300, 240.0000000000000000, 646.7500000000000000 ) ) ;
#4534 = CARTESIAN_POINT ( 'NONE',  ( -85.49999999999981500, -9.586629735661305400E-015, 0.0000000000000000000 ) ) ;
#4535 = EDGE_LOOP ( 'NONE', ( #1849, #2538, #3992, #3416 ) ) ;
#4536 = CARTESIAN_POINT ( 'NONE',  ( 87.50000000000009900, -163.9999999999999700, 700.0000000000000000 ) ) ;
#4537 = VERTEX_POINT ( 'NONE', #1955 ) ;
#4538 = DIRECTION ( 'NONE',  ( 3.412570772413391000E-016, 1.000000000000000000, -0.0000000000000000000 ) ) ;
#4539 = EDGE_CURVE ( 'NONE', #2984, #3533, #583, .T. ) ;
#4540 = ORIENTED_EDGE ( 'NONE', *, *, #1550, .T. ) ;
#4541 = AXIS2_PLACEMENT_3D ( 'NONE', #206, #1356, #2880 ) ;
#4542 = CARTESIAN_POINT ( 'NONE',  ( 37.50000000000014900, -21.00000000000000000, 700.0000000000000000 ) ) ;
#4543 = VECTOR ( 'NONE', #3562, 1000.000000000000000 ) ;
#4544 = ORIENTED_EDGE ( 'NONE', *, *, #1942, .F. ) ;
#4545 = DIRECTION ( 'NONE',  ( -1.000000000000000000, 0.0000000000000000000, 0.0000000000000000000 ) ) ;
#4546 = ADVANCED_FACE ( 'NONE', ( #3139 ), #1002, .T. ) ;
#4547 = DIRECTION ( 'NONE',  ( 0.0000000000000000000, 1.000000000000000000, 0.0000000000000000000 ) ) ;
#4548 = VERTEX_POINT ( 'NONE', #1421 ) ;
#4549 = MECHANICAL_DESIGN_GEOMETRIC_PRESENTATION_REPRESENTATION (  '', ( #2867 ), #899 ) ;
#4550 = DIRECTION ( 'NONE',  ( 0.0000000000000000000, 0.0000000000000000000, 1.000000000000000000 ) ) ;
#4551 = ORIENTED_EDGE ( 'NONE', *, *, #2622, .F. ) ;
#4552 = EDGE_CURVE ( 'NONE', #1262, #3052, #1772, .T. ) ;
#4553 = EDGE_CURVE ( 'NONE', #4484, #3640, #4562, .T. ) ;
#4554 = DIRECTION ( 'NONE',  ( 0.0000000000000000000, 0.0000000000000000000, 1.000000000000000000 ) ) ;
#4555 = DIRECTION ( 'NONE',  ( 0.0000000000000000000, -0.0000000000000000000, -1.000000000000000000 ) ) ;
#4556 = CARTESIAN_POINT ( 'NONE',  ( 56.83293686442693400, -22.66706313557317300, 97.39774785429428100 ) ) ;
#4557 = VERTEX_POINT ( 'NONE', #4396 ) ;
#4558 = VECTOR ( 'NONE', #549, 1000.000000000000000 ) ;
#4559 = DIRECTION ( 'NONE',  ( 0.0000000000000000000, 0.0000000000000000000, -1.000000000000000000 ) ) ;
#4560 = VECTOR ( 'NONE', #4709, 1000.000000000000000 ) ;
#4561 = EDGE_LOOP ( 'NONE', ( #815, #81, #325, #4783 ) ) ;
#4562 = LINE ( 'NONE', #683, #3437 ) ;
#4563 = ORIENTED_EDGE ( 'NONE', *, *, #2328, .T. ) ;
#4564 = ORIENTED_EDGE ( 'NONE', *, *, #4539, .T. ) ;
#4565 = EDGE_CURVE ( 'NONE', #4571, #3256, #4432, .T. ) ;
#4566 = CYLINDRICAL_SURFACE ( 'NONE', #4541, 3.399999999999958600 ) ;
#4567 = DIRECTION ( 'NONE',  ( -1.000000000000000000, 0.0000000000000000000, 0.0000000000000000000 ) ) ;
#4568 = VERTEX_POINT ( 'NONE', #653 ) ;
#4569 = CARTESIAN_POINT ( 'NONE',  ( 85.99999999999987200, 13.99999999999999800, 99.52009847262000600 ) ) ;
#4570 = ADVANCED_FACE ( 'NONE', ( #409 ), #4743, .F. ) ;
#4571 = VERTEX_POINT ( 'NONE', #2189 ) ;
#4572 = AXIS2_PLACEMENT_3D ( 'NONE', #2019, #1610, #2000 ) ;
#4573 = DIRECTION ( 'NONE',  ( -0.0000000000000000000, -1.000000000000000000, -0.0000000000000000000 ) ) ;
#4574 = LINE ( 'NONE', #3171, #4898 ) ;
#4575 = CARTESIAN_POINT ( 'NONE',  ( 57.50000000000024900, -9.586629735661305400E-015, 0.0000000000000000000 ) ) ;
#4576 = LINE ( 'NONE', #3863, #4266 ) ;
#4577 = EDGE_CURVE ( 'NONE', #2430, #2942, #1527, .T. ) ;
#4578 = FACE_OUTER_BOUND ( 'NONE', #2451, .T. ) ;
#4579 = ORIENTED_EDGE ( 'NONE', *, *, #3605, .T. ) ;
#4580 = STYLED_ITEM ( 'NONE', ( #2649 ), #2763 ) ;
#4581 = CARTESIAN_POINT ( 'NONE',  ( -15.00000000000004100, -240.0000000000000000, 660.0000000000000000 ) ) ;
#4582 = EDGE_CURVE ( 'NONE', #868, #461, #1408, .T. ) ;
#4583 = DIRECTION ( 'NONE',  ( 0.7071067811865475700, 0.7071067811865475700, -0.0000000000000000000 ) ) ;
#4584 = VERTEX_POINT ( 'NONE', #1814 ) ;
#4585 = AXIS2_PLACEMENT_3D ( 'NONE', #4107, #1832, #4480 ) ;
#4586 = CARTESIAN_POINT ( 'NONE',  ( 57.50000000000014900, -136.0000000000000000, 700.0000000000000000 ) ) ;
#4587 = LINE ( 'NONE', #2572, #1560 ) ;
#4588 = DIRECTION ( 'NONE',  ( -0.7071067811865474600, -0.7071067811865474600, -0.0000000000000000000 ) ) ;
#4589 = VERTEX_POINT ( 'NONE', #4462 ) ;
#4590 = CARTESIAN_POINT ( 'NONE',  ( 39.50000000000015600, -22.99999999999999600, 700.0000000000000000 ) ) ;
#4591 = ORIENTED_EDGE ( 'NONE', *, *, #4243, .T. ) ;
#4592 = DIRECTION ( 'NONE',  ( -0.0000000000000000000, -1.000000000000000000, -0.0000000000000000000 ) ) ;
#4593 = ADVANCED_FACE ( 'NONE', ( #2436 ), #235, .F. ) ;
#4594 = ORIENTED_EDGE ( 'NONE', *, *, #2197, .F. ) ;
#4595 = ORIENTED_EDGE ( 'NONE', *, *, #4038, .F. ) ;
#4596 = DIRECTION ( 'NONE',  ( 1.000000000000000000, -0.0000000000000000000, -0.0000000000000000000 ) ) ;
#4597 = EDGE_CURVE ( 'NONE', #4537, #91, #4359, .T. ) ;
#4598 = SURFACE_STYLE_FILL_AREA ( #3591 ) ;
#4599 = FACE_OUTER_BOUND ( 'NONE', #1277, .T. ) ;
#4600 = DIRECTION ( 'NONE',  ( -1.000000000000000000, -3.412570772413391000E-016, 0.0000000000000000000 ) ) ;
#4601 = CARTESIAN_POINT ( 'NONE',  ( 37.50000000000008500, -320.9999999999999400, -700.0000000000000000 ) ) ;
#4602 = EDGE_CURVE ( 'NONE', #2241, #1859, #742, .T. ) ;
#4603 = ORIENTED_EDGE ( 'NONE', *, *, #1456, .T. ) ;
#4604 = CARTESIAN_POINT ( 'NONE',  ( 56.50000000000000000, 127.0000000000000000, -700.0000000000000000 ) ) ;
#4605 = ORIENTED_EDGE ( 'NONE', *, *, #4805, .T. ) ;
#4606 = AXIS2_PLACEMENT_3D ( 'NONE', #3677, #2922, #656 ) ;
#4607 = DIRECTION ( 'NONE',  ( -0.0000000000000000000, -1.000000000000000000, -0.0000000000000000000 ) ) ;
#4608 = CARTESIAN_POINT ( 'NONE',  ( 87.50000000000009900, 134.4999999999999400, -700.0000000000000000 ) ) ;
#4609 = EDGE_LOOP ( 'NONE', ( #2654, #3881, #3482, #712 ) ) ;
#4610 = CARTESIAN_POINT ( 'NONE',  ( 37.50000000000008500, -320.9999999999999400, 700.0000000000000000 ) ) ;
#4611 = CARTESIAN_POINT ( 'NONE',  ( 37.50000000000011400, -173.0000000000000000, 700.0000000000000000 ) ) ;
#4612 = ORIENTED_EDGE ( 'NONE', *, *, #1888, .F. ) ;
#4613 = AXIS2_PLACEMENT_3D ( 'NONE', #2568, #287, #262 ) ;
#4614 = ORIENTED_EDGE ( 'NONE', *, *, #1669, .T. ) ;
#4615 = VECTOR ( 'NONE', #2427, 1000.000000000000000 ) ;
#4616 = EDGE_LOOP ( 'NONE', ( #2063, #4702, #3355, #3265 ) ) ;
#4617 = VECTOR ( 'NONE', #3516, 1000.000000000000000 ) ;
#4618 = CARTESIAN_POINT ( 'NONE',  ( -15.00000000000004100, -240.0000000000000000, -673.2500000000000000 ) ) ;
#4619 = ORIENTED_EDGE ( 'NONE', *, *, #4756, .T. ) ;
#4620 =( NAMED_UNIT ( * ) SI_UNIT ( $, .STERADIAN. ) SOLID_ANGLE_UNIT ( ) );
#4621 = VECTOR ( 'NONE', #197, 1000.000000000000000 ) ;
#4622 = DIRECTION ( 'NONE',  ( 0.0000000000000000000, 0.0000000000000000000, 1.000000000000000000 ) ) ;
#4623 = ADVANCED_FACE ( 'NONE', ( #465 ), #2937, .T. ) ;
#4624 = DIRECTION ( 'NONE',  ( -3.412570772413391000E-016, 1.000000000000000000, -0.0000000000000000000 ) ) ;
#4625 = CIRCLE ( 'NONE', #931, 102.0000000000002600 ) ;
#4626 = VERTEX_POINT ( 'NONE', #2919 ) ;
#4627 = LINE ( 'NONE', #2175, #4503 ) ;
#4628 = VECTOR ( 'NONE', #4833, 1000.000000000000000 ) ;
#4629 = FACE_OUTER_BOUND ( 'NONE', #624, .T. ) ;
#4630 = EDGE_LOOP ( 'NONE', ( #200, #367 ) ) ;
#4631 = DIRECTION ( 'NONE',  ( 0.0000000000000000000, 0.0000000000000000000, -1.000000000000000000 ) ) ;
#4632 = DIRECTION ( 'NONE',  ( 0.0000000000000000000, 0.0000000000000000000, 1.000000000000000000 ) ) ;
#4633 = LINE ( 'NONE', #4465, #3386 ) ;
#4634 = EDGE_LOOP ( 'NONE', ( #2556, #3688, #2111, #749 ) ) ;
#4635 = LINE ( 'NONE', #4757, #4326 ) ;
#4636 = DIRECTION ( 'NONE',  ( 1.000000000000000000, 4.625929269271481400E-015, -0.0000000000000000000 ) ) ;
#4637 = FACE_OUTER_BOUND ( 'NONE', #1031, .T. ) ;
#4638 = AXIS2_PLACEMENT_3D ( 'NONE', #2013, #491, #2408 ) ;
#4639 = DIRECTION ( 'NONE',  ( -1.000000000000000000, -0.0000000000000000000, -0.0000000000000000000 ) ) ;
#4640 = DIRECTION ( 'NONE',  ( -1.000000000000000000, 0.0000000000000000000, 0.0000000000000000000 ) ) ;
#4641 = CARTESIAN_POINT ( 'NONE',  ( 57.50000000000006400, 321.9999999999998300, -700.0000000000000000 ) ) ;
#4642 = VECTOR ( 'NONE', #3080, 1000.000000000000100 ) ;
#4643 = EDGE_CURVE ( 'NONE', #4584, #1934, #3830, .T. ) ;
#4644 = ORIENTED_EDGE ( 'NONE', *, *, #3953, .F. ) ;
#4645 = FACE_OUTER_BOUND ( 'NONE', #3345, .T. ) ;
#4646 = PLANE ( 'NONE',  #828 ) ;
#4647 = AXIS2_PLACEMENT_3D ( 'NONE', #2931, #3712, #2234 ) ;
#4648 = ADVANCED_FACE ( 'NONE', ( #3086 ), #271, .T. ) ;
#4649 = COLOUR_RGB ( '',0.6470588235294118000, 0.6196078431372549200, 0.5882352941176470800 ) ;
#4650 = ORIENTED_EDGE ( 'NONE', *, *, #3392, .T. ) ;
#4651 = EDGE_CURVE ( 'NONE', #2054, #6, #2373, .T. ) ;
#4652 = EDGE_CURVE ( 'NONE', #4108, #455, #833, .T. ) ;
#4653 = VECTOR ( 'NONE', #4596, 1000.000000000000000 ) ;
#4654 = AXIS2_PLACEMENT_3D ( 'NONE', #1778, #2138, #4421 ) ;
#4655 = VECTOR ( 'NONE', #1186, 1000.000000000000000 ) ;
#4656 = VERTEX_POINT ( 'NONE', #973 ) ;
#4657 = CARTESIAN_POINT ( 'NONE',  ( 86.00000000000004300, 136.0000000000000000, -700.0000000000000000 ) ) ;
#4658 = LINE ( 'NONE', #3351, #3301 ) ;
#4659 = EDGE_CURVE ( 'NONE', #4626, #2767, #2733, .T. ) ;
#4660 = EDGE_LOOP ( 'NONE', ( #3325, #4223, #4515, #3067 ) ) ;
#4661 = DIRECTION ( 'NONE',  ( 0.0000000000000000000, 0.0000000000000000000, -1.000000000000000000 ) ) ;
#4662 = EDGE_CURVE ( 'NONE', #2306, #2552, #2961, .T. ) ;
#4663 = VERTEX_POINT ( 'NONE', #579 ) ;
#4664 = FACE_OUTER_BOUND ( 'NONE', #377, .T. ) ;
#4665 = ORIENTED_EDGE ( 'NONE', *, *, #4652, .T. ) ;
#4666 = EDGE_LOOP ( 'NONE', ( #2403, #703, #2110, #4758, #2874, #4772 ) ) ;
#4667 = AXIS2_PLACEMENT_3D ( 'NONE', #2626, #2208, #1851 ) ;
#4668 = DIRECTION ( 'NONE',  ( 0.7071067811865475700, 0.7071067811865475700, -0.0000000000000000000 ) ) ;
#4669 = DIRECTION ( 'NONE',  ( -1.000000000000000000, 1.734723475976808100E-016, 0.0000000000000000000 ) ) ;
#4670 = ORIENTED_EDGE ( 'NONE', *, *, #501, .F. ) ;
#4671 = EDGE_LOOP ( 'NONE', ( #2229, #4272, #1133, #412, #3120 ) ) ;
#4672 = ADVANCED_FACE ( 'NONE', ( #4496 ), #159, .F. ) ;
#4673 = EDGE_CURVE ( 'NONE', #1076, #1990, #2248, .T. ) ;
#4674 = EDGE_CURVE ( 'NONE', #2628, #3533, #4875, .T. ) ;
#4675 = VERTEX_POINT ( 'NONE', #1386 ) ;
#4676 = DIRECTION ( 'NONE',  ( 0.0000000000000000000, 0.0000000000000000000, -1.000000000000000000 ) ) ;
#4677 = ORIENTED_EDGE ( 'NONE', *, *, #4165, .T. ) ;
#4678 = ORIENTED_EDGE ( 'NONE', *, *, #4771, .T. ) ;
#4679 = ORIENTED_EDGE ( 'NONE', *, *, #3491, .F. ) ;
#4680 = CARTESIAN_POINT ( 'NONE',  ( 57.50000000000009900, 286.0000000000000600, 700.0000000000000000 ) ) ;
#4681 = EDGE_CURVE ( 'NONE', #1927, #2665, #1713, .T. ) ;
#4682 = CARTESIAN_POINT ( 'NONE',  ( 57.50000000000011400, 172.0000000000000900, 700.0000000000000000 ) ) ;
#4683 = CARTESIAN_POINT ( 'NONE',  ( 37.50000000000008500, 279.0000000000000000, -700.0000000000000000 ) ) ;
#4684 = VERTEX_POINT ( 'NONE', #2889 ) ;
#4685 = LINE ( 'NONE', #3166, #4615 ) ;
#4686 = PLANE ( 'NONE',  #429 ) ;
#4687 = AXIS2_PLACEMENT_3D ( 'NONE', #1147, #2661, #760 ) ;
#4688 = DIRECTION ( 'NONE',  ( -0.0000000000000000000, -1.000000000000000000, -0.0000000000000000000 ) ) ;
#4689 = ORIENTED_EDGE ( 'NONE', *, *, #3643, .F. ) ;
#4690 = LINE ( 'NONE', #4451, #713 ) ;
#4691 = FACE_OUTER_BOUND ( 'NONE', #2782, .T. ) ;
#4692 = ORIENTED_EDGE ( 'NONE', *, *, #442, .T. ) ;
#4693 = CARTESIAN_POINT ( 'NONE',  ( -87.50000000000004300, -240.0000000000000000, -660.0000000000000000 ) ) ;
#4694 = EDGE_CURVE ( 'NONE', #4675, #3312, #1184, .T. ) ;
#4695 = ORIENTED_EDGE ( 'NONE', *, *, #1917, .T. ) ;
#4696 = SURFACE_SIDE_STYLE ('',( #459 ) ) ;
#4697 = ORIENTED_EDGE ( 'NONE', *, *, #4435, .F. ) ;
#4698 = CARTESIAN_POINT ( 'NONE',  ( 56.50000000000022000, -127.0000000000000000, 700.0000000000000000 ) ) ;
#4699 = DIRECTION ( 'NONE',  ( 0.7071067811865486800, 0.7071067811865464600, 0.0000000000000000000 ) ) ;
#4700 = FILL_AREA_STYLE ('',( #896 ) ) ;
#4701 = VECTOR ( 'NONE', #3136, 1000.000000000000000 ) ;
#4702 = ORIENTED_EDGE ( 'NONE', *, *, #3953, .T. ) ;
#4703 = ADVANCED_FACE ( 'NONE', ( #948 ), #4686, .T. ) ;
#4704 = LINE ( 'NONE', #4940, #902 ) ;
#4705 = EDGE_LOOP ( 'NONE', ( #4679, #1654, #3018, #2082 ) ) ;
#4706 = EDGE_CURVE ( 'NONE', #3935, #4471, #3489, .T. ) ;
#4707 = AXIS2_PLACEMENT_3D ( 'NONE', #3309, #1405, #2559 ) ;
#4708 = EDGE_CURVE ( 'NONE', #3571, #3519, #45, .T. ) ;
#4709 = DIRECTION ( 'NONE',  ( 1.000000000000000000, 0.0000000000000000000, 0.0000000000000000000 ) ) ;
#4710 =( LENGTH_UNIT ( ) NAMED_UNIT ( * ) SI_UNIT ( .MILLI., .METRE. ) );
#4711 = FACE_OUTER_BOUND ( 'NONE', #138, .T. ) ;
#4712 = ORIENTED_EDGE ( 'NONE', *, *, #3629, .T. ) ;
#4713 = DIRECTION ( 'NONE',  ( -0.7071067811865474600, -0.7071067811865474600, -0.0000000000000000000 ) ) ;
#4714 = DIRECTION ( 'NONE',  ( 1.049727191138618400E-016, -0.5150380749100544900, 0.8571673007021121100 ) ) ;
#4715 =( GEOMETRIC_REPRESENTATION_CONTEXT ( 3 ) GLOBAL_UNCERTAINTY_ASSIGNED_CONTEXT ( ( #4793 ) ) GLOBAL_UNIT_ASSIGNED_CONTEXT ( ( #3593, #3262, #2117 ) ) REPRESENTATION_CONTEXT ( 'NONE', 'WORKASPACE' ) );
#4716 = LINE ( 'NONE', #1701, #2757 ) ;
#4717 = FILL_AREA_STYLE ('',( #1755 ) ) ;
#4718 = EDGE_CURVE ( 'NONE', #1693, #1612, #355, .T. ) ;
#4719 = ORIENTED_EDGE ( 'NONE', *, *, #4834, .T. ) ;
#4720 = CARTESIAN_POINT ( 'NONE',  ( -15.00000000000004100, 240.0000000000000000, -660.0000000000000000 ) ) ;
#4721 = ORIENTED_EDGE ( 'NONE', *, *, #4024, .F. ) ;
#4722 = ADVANCED_FACE ( 'NONE', ( #521 ), #274, .F. ) ;
#4723 = CARTESIAN_POINT ( 'NONE',  ( -32.49999999999999300, -393.7500000000000000, -684.9999999999998900 ) ) ;
#4724 = SURFACE_STYLE_USAGE ( .BOTH. , #1997 ) ;
#4725 = B_SPLINE_CURVE_WITH_KNOTS ( 'NONE', 3,
 ( #406, #2719, #1964, #3109 ),
 .UNSPECIFIED., .F., .F.,
 ( 4, 4 ),
 ( 1.962615573354719000E-017, 0.0007106142417566922900 ),
 .UNSPECIFIED. ) ;
#4726 = DIRECTION ( 'NONE',  ( -0.0000000000000000000, -1.000000000000000000, -0.0000000000000000000 ) ) ;
#4727 = ORIENTED_EDGE ( 'NONE', *, *, #2676, .F. ) ;
#4728 = CARTESIAN_POINT ( 'NONE',  ( -62.49999999999999300, -393.7500000000000000, -681.6000000000000200 ) ) ;
#4729 = PRESENTATION_STYLE_ASSIGNMENT (( #3576 ) ) ;
#4730 = ORIENTED_EDGE ( 'NONE', *, *, #3487, .T. ) ;
#4731 = ORIENTED_EDGE ( 'NONE', *, *, #2727, .F. ) ;
#4732 = ORIENTED_EDGE ( 'NONE', *, *, #485, .T. ) ;
#4733 = CARTESIAN_POINT ( 'NONE',  ( -32.49999999999998600, -393.7500000000000000, -591.6000000000000200 ) ) ;
#4734 = DIRECTION ( 'NONE',  ( 0.0000000000000000000, 0.0000000000000000000, 1.000000000000000000 ) ) ;
#4735 = ORIENTED_EDGE ( 'NONE', *, *, #4370, .T. ) ;
#4736 = LINE ( 'NONE', #798, #2840 ) ;
#4737 = ORIENTED_EDGE ( 'NONE', *, *, #4681, .T. ) ;
#4738 = CARTESIAN_POINT ( 'NONE',  ( 56.50000000000022000, 173.0000000000000000, -700.0000000000000000 ) ) ;
#4739 = VERTEX_POINT ( 'NONE', #1039 ) ;
#4740 = EDGE_CURVE ( 'NONE', #4878, #236, #4690, .T. ) ;
#4741 = SURFACE_STYLE_USAGE ( .BOTH. , #2129 ) ;
#4742 = DIRECTION ( 'NONE',  ( -0.0000000000000000000, -1.000000000000000000, -0.0000000000000000000 ) ) ;
#4743 = CONICAL_SURFACE ( 'NONE', #741, 3.399999999999958600, 1.029744258676654100 ) ;
#4744 = LINE ( 'NONE', #745, #2492 ) ;
#4745 = ORIENTED_EDGE ( 'NONE', *, *, #442, .F. ) ;
#4746 = EDGE_CURVE ( 'NONE', #4548, #1135, #4254, .T. ) ;
#4747 = EDGE_CURVE ( 'NONE', #4798, #4663, #4627, .T. ) ;
#4748 = EDGE_CURVE ( 'NONE', #4675, #107, #2674, .T. ) ;
#4749 = CARTESIAN_POINT ( 'NONE',  ( 37.50000000000008500, -320.9999999999999400, -700.0000000000000000 ) ) ;
#4750 = ORIENTED_EDGE ( 'NONE', *, *, #3768, .F. ) ;
#4751 = PRESENTATION_LAYER_ASSIGNMENT (  '', '', ( #2011 ) ) ;
#4752 = CIRCLE ( 'NONE', #776, 13.24999999999998400 ) ;
#4753 = ORIENTED_EDGE ( 'NONE', *, *, #2197, .T. ) ;
#4754 = CARTESIAN_POINT ( 'NONE',  ( -62.49999999999999300, -420.0000000000000000, 688.3999999999998600 ) ) ;
#4755 = ORIENTED_EDGE ( 'NONE', *, *, #1809, .F. ) ;
#4756 = EDGE_CURVE ( 'NONE', #4112, #4045, #471, .T. ) ;
#4757 = CARTESIAN_POINT ( 'NONE',  ( 87.50000000000005700, 315.5000000000000000, 700.0000000000000000 ) ) ;
#4758 = ORIENTED_EDGE ( 'NONE', *, *, #2571, .T. ) ;
#4759 = CARTESIAN_POINT ( 'NONE',  ( 37.50000000000011400, 129.0000000000000000, -700.0000000000000000 ) ) ;
#4760 = FACE_BOUND ( 'NONE', #4114, .T. ) ;
#4761 = CARTESIAN_POINT ( 'NONE',  ( 38.16819639670780600, -21.66819639670765000, 97.62661701493563300 ) ) ;
#4762 = ADVANCED_FACE ( 'NONE', ( #4944 ), #3678, .F. ) ;
#4763 = FACE_OUTER_BOUND ( 'NONE', #873, .T. ) ;
#4764 = ORIENTED_EDGE ( 'NONE', *, *, #1182, .F. ) ;
#4765 = CARTESIAN_POINT ( 'NONE',  ( 86.00000000000031300, -13.99999999999999800, 99.52009847262044700 ) ) ;
#4766 = DIRECTION ( 'NONE',  ( -0.7071067811865474600, 0.7071067811865474600, -0.0000000000000000000 ) ) ;
#4767 = DIRECTION ( 'NONE',  ( 0.0000000000000000000, 0.0000000000000000000, 1.000000000000000000 ) ) ;
#4768 =( GEOMETRIC_REPRESENTATION_CONTEXT ( 3 ) GLOBAL_UNCERTAINTY_ASSIGNED_CONTEXT ( ( #2516 ) ) GLOBAL_UNIT_ASSIGNED_CONTEXT ( ( #1427, #2195, #4066 ) ) REPRESENTATION_CONTEXT ( 'NONE', 'WORKASPACE' ) );
#4769 = PLANE ( 'NONE',  #2477 ) ;
#4770 = FACE_OUTER_BOUND ( 'NONE', #3597, .T. ) ;
#4771 = EDGE_CURVE ( 'NONE', #4488, #3391, #219, .T. ) ;
#4772 = ORIENTED_EDGE ( 'NONE', *, *, #1646, .T. ) ;
#4773 = DIRECTION ( 'NONE',  ( 0.0000000000000000000, -0.0000000000000000000, 1.000000000000000000 ) ) ;
#4774 = FACE_OUTER_BOUND ( 'NONE', #4666, .T. ) ;
#4775 = AXIS2_PLACEMENT_3D ( 'NONE', #4155, #23, #3078 ) ;
#4776 = ORIENTED_EDGE ( 'NONE', *, *, #1034, .T. ) ;
#4777 = DIRECTION ( 'NONE',  ( 0.0000000000000000000, 0.0000000000000000000, 1.000000000000000000 ) ) ;
#4778 = CARTESIAN_POINT ( 'NONE',  ( 37.50000000000014900, -21.00000000000000000, 700.0000000000000000 ) ) ;
#4779 = CARTESIAN_POINT ( 'NONE',  ( 57.50000000000009900, -313.9999999999999400, 700.0000000000000000 ) ) ;
#4780 = LINE ( 'NONE', #750, #984 ) ;
#4781 = ORIENTED_EDGE ( 'NONE', *, *, #2268, .F. ) ;
#4782 = AXIS2_PLACEMENT_3D ( 'NONE', #4352, #2881, #3569 ) ;
#4783 = ORIENTED_EDGE ( 'NONE', *, *, #1238, .F. ) ;
#4784 = DIRECTION ( 'NONE',  ( -1.000000000000000000, -0.0000000000000000000, -0.0000000000000000000 ) ) ;
#4785 = VERTEX_POINT ( 'NONE', #619 ) ;
#4786 = CARTESIAN_POINT ( 'NONE',  ( 87.50000000000014200, 13.99999999999999800, 700.0000000000000000 ) ) ;
#4787 = CARTESIAN_POINT ( 'NONE',  ( -32.49999999999999300, -391.7070738953062800, 595.0000000000000000 ) ) ;
#4788 = ADVANCED_FACE ( 'NONE', ( #2254 ), #4010, .T. ) ;
#4789 = DIRECTION ( 'NONE',  ( 0.0000000000000000000, -0.5150380749100544900, -0.8571673007021121100 ) ) ;
#4790 = LINE ( 'NONE', #3205, #4543 ) ;
#4791 = CARTESIAN_POINT ( 'NONE',  ( 57.50000000000010700, -127.0000000000000000, 700.0000000000000000 ) ) ;
#4792 =( LENGTH_UNIT ( ) NAMED_UNIT ( * ) SI_UNIT ( .MILLI., .METRE. ) );
#4793 = UNCERTAINTY_MEASURE_WITH_UNIT (LENGTH_MEASURE( 1.000000000000000100E-005 ), #3593, 'distance_accuracy_value', 'NONE');
#4794 = DIRECTION ( 'NONE',  ( 0.0000000000000000000, 0.0000000000000000000, -1.000000000000000000 ) ) ;
#4795 = ORIENTED_EDGE ( 'NONE', *, *, #1246, .T. ) ;
#4796 = CARTESIAN_POINT ( 'NONE',  ( 57.50000000000014900, -22.00000000000011400, 700.0000000000000000 ) ) ;
#4797 = CARTESIAN_POINT ( 'NONE',  ( -32.49999999999998600, -393.7500000000000000, 595.0000000000000000 ) ) ;
#4798 = VERTEX_POINT ( 'NONE', #2142 ) ;
#4799 = DIRECTION ( 'NONE',  ( 0.0000000000000000000, 0.0000000000000000000, -1.000000000000000000 ) ) ;
#4800 = ORIENTED_EDGE ( 'NONE', *, *, #901, .T. ) ;
#4801 = VECTOR ( 'NONE', #4912, 1000.000000000000100 ) ;
#4802 = FILL_AREA_STYLE_COLOUR ( '', #1975 ) ;
#4803 = VERTEX_POINT ( 'NONE', #4807 ) ;
#4804 = CARTESIAN_POINT ( 'NONE',  ( -62.49999999999999300, -420.0000000000000000, 591.6000000000000200 ) ) ;
#4805 = EDGE_CURVE ( 'NONE', #515, #2651, #4810, .T. ) ;
#4806 = CIRCLE ( 'NONE', #3020, 100.0000000000000000 ) ;
#4807 = CARTESIAN_POINT ( 'NONE',  ( 86.00000000000004300, -136.0000000000000000, -700.0000000000000000 ) ) ;
#4808 = DIRECTION ( 'NONE',  ( -1.000000000000000000, -0.0000000000000000000, -0.0000000000000000000 ) ) ;
#4809 = CIRCLE ( 'NONE', #92, 100.0000000000000000 ) ;
#4810 = LINE ( 'NONE', #1021, #3024 ) ;
#4811 = VECTOR ( 'NONE', #2319, 1000.000000000000000 ) ;
#4812 = CARTESIAN_POINT ( 'NONE',  ( 86.00000000000000000, 286.0000000000000600, 700.0000000000000000 ) ) ;
#4813 = ORIENTED_EDGE ( 'NONE', *, *, #2740, .T. ) ;
#4814 = DIRECTION ( 'NONE',  ( 6.546126324440779700E-016, 1.000000000000000000, -0.0000000000000000000 ) ) ;
#4815 = AXIS2_PLACEMENT_3D ( 'NONE', #3947, #3913, #4734 ) ;
#4816 = EDGE_CURVE ( 'NONE', #1619, #2054, #4129, .T. ) ;
#4817 = EDGE_CURVE ( 'NONE', #2879, #2020, #2790, .T. ) ;
#4818 = CARTESIAN_POINT ( 'NONE',  ( 39.50000000000012100, -127.0000000000000000, 700.0000000000000000 ) ) ;
#4819 = LINE ( 'NONE', #1314, #226 ) ;
#4820 = VERTEX_POINT ( 'NONE', #4917 ) ;
#4821 = DIRECTION ( 'NONE',  ( -1.000000000000000000, 0.0000000000000000000, -0.0000000000000000000 ) ) ;
#4822 =( NAMED_UNIT ( * ) SI_UNIT ( $, .STERADIAN. ) SOLID_ANGLE_UNIT ( ) );
#4823 = VERTEX_POINT ( 'NONE', #2630 ) ;
#4824 = CARTESIAN_POINT ( 'NONE',  ( -15.00000000000004100, -240.0000000000000000, 673.2500000000000000 ) ) ;
#4825 = AXIS2_PLACEMENT_3D ( 'NONE', #1471, #3393, #2247 ) ;
#4826 = ORIENTED_EDGE ( 'NONE', *, *, #4, .T. ) ;
#4827 = DIRECTION ( 'NONE',  ( -0.7071067811865475700, -0.7071067811865475700, -0.0000000000000000000 ) ) ;
#4828 = CARTESIAN_POINT ( 'NONE',  ( 57.50000000000010700, -127.0000000000000000, 700.0000000000000000 ) ) ;
#4829 = LINE ( 'NONE', #1587, #3722 ) ;
#4830 = EDGE_LOOP ( 'NONE', ( #3751, #4235, #954, #2683 ) ) ;
#4831 = LINE ( 'NONE', #2924, #4147 ) ;
#4832 = ORIENTED_EDGE ( 'NONE', *, *, #247, .T. ) ;
#4833 = DIRECTION ( 'NONE',  ( 0.0000000000000000000, 0.0000000000000000000, 1.000000000000000000 ) ) ;
#4834 = EDGE_CURVE ( 'NONE', #888, #4317, #1180, .T. ) ;
#4835 = DIRECTION ( 'NONE',  ( 0.0000000000000000000, 0.0000000000000000000, 1.000000000000000000 ) ) ;
#4836 = ORIENTED_EDGE ( 'NONE', *, *, #4370, .F. ) ;
#4837 = CARTESIAN_POINT ( 'NONE',  ( -32.49999999999998600, -420.0000000000000000, 595.0000000000000000 ) ) ;
#4838 = ORIENTED_EDGE ( 'NONE', *, *, #2399, .F. ) ;
#4839 = CARTESIAN_POINT ( 'NONE',  ( 57.50000000000011400, -127.9999999999998900, 700.0000000000000000 ) ) ;
#4840 = DIRECTION ( 'NONE',  ( 0.0000000000000000000, 0.0000000000000000000, 1.000000000000000000 ) ) ;
#4841 = ORIENTED_EDGE ( 'NONE', *, *, #926, .F. ) ;
#4842 = DIRECTION ( 'NONE',  ( 0.7071067811865489100, -0.7071067811865462400, -0.0000000000000000000 ) ) ;
#4843 = DIRECTION ( 'NONE',  ( 0.0000000000000000000, 0.0000000000000000000, -1.000000000000000000 ) ) ;
#4844 = LINE ( 'NONE', #1945, #4278 ) ;
#4845 = PLANE ( 'NONE',  #2982 ) ;
#4846 = ORIENTED_EDGE ( 'NONE', *, *, #3226, .F. ) ;
#4847 = CARTESIAN_POINT ( 'NONE',  ( 57.50000000000009900, 286.0000000000000600, 700.0000000000000000 ) ) ;
#4848 = DIRECTION ( 'NONE',  ( -0.0000000000000000000, -0.0000000000000000000, -1.000000000000000000 ) ) ;
#4849 = EDGE_CURVE ( 'NONE', #1943, #1514, #212, .T. ) ;
#4850 = DIRECTION ( 'NONE',  ( 4.625929269271481400E-015, -1.000000000000000000, -0.0000000000000000000 ) ) ;
#4851 = CARTESIAN_POINT ( 'NONE',  ( -62.49999999999999300, -420.0000000000000000, 595.0000000000000000 ) ) ;
#4852 = CIRCLE ( 'NONE', #4052, 13.24999999999998400 ) ;
#4853 = DIRECTION ( 'NONE',  ( 4.625929269271481400E-015, -1.000000000000000000, -0.0000000000000000000 ) ) ;
#4854 = DIRECTION ( 'NONE',  ( 0.0000000000000000000, 1.000000000000000000, -0.0000000000000000000 ) ) ;
#4855 = EDGE_LOOP ( 'NONE', ( #3367, #1362, #1651, #1274 ) ) ;
#4856 = VECTOR ( 'NONE', #1375, 1000.000000000000000 ) ;
#4857 = DIRECTION ( 'NONE',  ( -0.0000000000000000000, -0.0000000000000000000, -1.000000000000000000 ) ) ;
#4858 = DIRECTION ( 'NONE',  ( 0.0000000000000000000, 0.0000000000000000000, -1.000000000000000000 ) ) ;
#4859 = ORIENTED_EDGE ( 'NONE', *, *, #3249, .F. ) ;
#4860 = VERTEX_POINT ( 'NONE', #1911 ) ;
#4861 = VERTEX_POINT ( 'NONE', #1956 ) ;
#4862 = FILL_AREA_STYLE_COLOUR ( '', #1245 ) ;
#4863 = VERTEX_POINT ( 'NONE', #2334 ) ;
#4864 = CARTESIAN_POINT ( 'NONE',  ( -32.49999999999999300, -420.0000000000000000, -681.6000000000000200 ) ) ;
#4865 = EDGE_LOOP ( 'NONE', ( #949, #3434, #3458, #2239 ) ) ;
#4866 = DIRECTION ( 'NONE',  ( 0.0000000000000000000, 0.0000000000000000000, -1.000000000000000000 ) ) ;
#4867 = CARTESIAN_POINT ( 'NONE',  ( 57.50000000000009900, -286.0000000000000600, 700.0000000000000000 ) ) ;
#4868 = CARTESIAN_POINT ( 'NONE',  ( 57.50000000000010700, 127.0000000000000000, 700.0000000000000000 ) ) ;
#4869 = VERTEX_POINT ( 'NONE', #1872 ) ;
#4870 = LINE ( 'NONE', #1971, #516 ) ;
#4871 = EDGE_LOOP ( 'NONE', ( #2814, #3941, #2443, #1317 ) ) ;
#4872 = ORIENTED_EDGE ( 'NONE', *, *, #89, .F. ) ;
#4873 = PRESENTATION_LAYER_ASSIGNMENT (  '', '', ( #1866 ) ) ;
#4874 = CARTESIAN_POINT ( 'NONE',  ( 39.50000000000012100, -127.0000000000000000, -700.0000000000000000 ) ) ;
#4875 = LINE ( 'NONE', #630, #3588 ) ;
#4876 = CARTESIAN_POINT ( 'NONE',  ( 57.50000000000011400, 172.0000000000000900, 700.0000000000000000 ) ) ;
#4877 =( NAMED_UNIT ( * ) PLANE_ANGLE_UNIT ( ) SI_UNIT ( $, .RADIAN. ) );
#4878 = VERTEX_POINT ( 'NONE', #3353 ) ;
#4879 = VECTOR ( 'NONE', #3464, 1000.000000000000000 ) ;
#4880 =( LENGTH_UNIT ( ) NAMED_UNIT ( * ) SI_UNIT ( .MILLI., .METRE. ) );
#4881 = LINE ( 'NONE', #1884, #4072 ) ;
#4882 = EDGE_CURVE ( 'NONE', #2241, #4150, #3705, .T. ) ;
#4883 = CARTESIAN_POINT ( 'NONE',  ( 87.50000000000005700, -313.9999999999999400, -700.0000000000000000 ) ) ;
#4884 = VECTOR ( 'NONE', #4588, 1000.000000000000100 ) ;
#4885 = ORIENTED_EDGE ( 'NONE', *, *, #3613, .F. ) ;
#4886 = ORIENTED_EDGE ( 'NONE', *, *, #997, .F. ) ;
#4887 = CARTESIAN_POINT ( 'NONE',  ( -62.49999999999999300, -393.7500000000000000, -598.3999999999999800 ) ) ;
#4888 = LINE ( 'NONE', #3598, #3333 ) ;
#4889 = DIRECTION ( 'NONE',  ( 1.000000000000000000, -4.625929269271483700E-015, 0.0000000000000000000 ) ) ;
#4890 = SURFACE_STYLE_USAGE ( .BOTH. , #1825 ) ;
#4891 = PRESENTATION_STYLE_ASSIGNMENT (( #523 ) ) ;
#4892 = ORIENTED_EDGE ( 'NONE', *, *, #4747, .F. ) ;
#4893 = AXIS2_PLACEMENT_3D ( 'NONE', #2701, #3833, #1224 ) ;
#4894 = ADVANCED_FACE ( 'NONE', ( #3944 ), #3748, .F. ) ;
#4895 = LINE ( 'NONE', #1786, #843 ) ;
#4896 = DIRECTION ( 'NONE',  ( -0.0000000000000000000, -1.000000000000000000, -0.0000000000000000000 ) ) ;
#4897 = CARTESIAN_POINT ( 'NONE',  ( 57.50000000000014900, 163.9999999999999700, -700.0000000000000000 ) ) ;
#4898 = VECTOR ( 'NONE', #1230, 1000.000000000000000 ) ;
#4899 = ORIENTED_EDGE ( 'NONE', *, *, #4706, .F. ) ;
#4900 = UNCERTAINTY_MEASURE_WITH_UNIT (LENGTH_MEASURE( 1.000000000000000100E-005 ), #3957, 'distance_accuracy_value', 'NONE');
#4901 = CARTESIAN_POINT ( 'NONE',  ( 87.50000000000014200, -9.586629735661305400E-015, 0.0000000000000000000 ) ) ;
#4902 = ORIENTED_EDGE ( 'NONE', *, *, #2018, .F. ) ;
#4903 =( NAMED_UNIT ( * ) PLANE_ANGLE_UNIT ( ) SI_UNIT ( $, .RADIAN. ) );
#4904 = ORIENTED_EDGE ( 'NONE', *, *, #2882, .T. ) ;
#4905 = CARTESIAN_POINT ( 'NONE',  ( 87.50000000000009900, -134.4999999999999400, -700.0000000000000000 ) ) ;
#4906 = LINE ( 'NONE', #959, #1744 ) ;
#4907 = VECTOR ( 'NONE', #4896, 1000.000000000000000 ) ;
#4908 = DIRECTION ( 'NONE',  ( -1.000000000000000000, -0.0000000000000000000, -0.0000000000000000000 ) ) ;
#4909 = EDGE_LOOP ( 'NONE', ( #2579, #3592, #2428 ) ) ;
#4910 = VECTOR ( 'NONE', #3442, 1000.000000000000000 ) ;
#4911 = ORIENTED_EDGE ( 'NONE', *, *, #1095, .F. ) ;
#4912 = DIRECTION ( 'NONE',  ( -7.747166736926520100E-017, 0.7071067811865474600, 0.7071067811865474600 ) ) ;
#4913 = CYLINDRICAL_SURFACE ( 'NONE', #3922, 3.399999999999958600 ) ;
#4914 = AXIS2_PLACEMENT_3D ( 'NONE', #1284, #1641, #1229 ) ;
#4915 = SURFACE_SIDE_STYLE ('',( #2503 ) ) ;
#4916 = ORIENTED_EDGE ( 'NONE', *, *, #3377, .T. ) ;
#4917 = CARTESIAN_POINT ( 'NONE',  ( 85.99999999999982900, 163.9999999999999700, 700.0000000000000000 ) ) ;
#4918 = ADVANCED_FACE ( 'NONE', ( #2897 ), #1466, .F. ) ;
#4919 = EDGE_CURVE ( 'NONE', #260, #819, #4744, .T. ) ;
#4920 = VERTEX_POINT ( 'NONE', #2648 ) ;
#4921 = DIRECTION ( 'NONE',  ( 0.0000000000000000000, 0.0000000000000000000, 1.000000000000000000 ) ) ;
#4922 = VERTEX_POINT ( 'NONE', #4938 ) ;
#4923 = MECHANICAL_DESIGN_GEOMETRIC_PRESENTATION_REPRESENTATION (  '', ( #2171 ), #4715 ) ;
#4924 = CARTESIAN_POINT ( 'NONE',  ( 57.50000000000009900, 313.9999999999999400, 700.0000000000000000 ) ) ;
#4925 = EDGE_CURVE ( 'NONE', #3647, #2116, #4487, .T. ) ;
#4926 = EDGE_CURVE ( 'NONE', #995, #4537, #3072, .T. ) ;
#4927 = ORIENTED_EDGE ( 'NONE', *, *, #2967, .F. ) ;
#4928 = CARTESIAN_POINT ( 'NONE',  ( -32.49999999999998600, -420.0000000000000000, -591.6000000000000200 ) ) ;
#4929 = CARTESIAN_POINT ( 'NONE',  ( -32.49999999999998600, -420.0000000000000000, -591.6000000000000200 ) ) ;
#4930 = AXIS2_PLACEMENT_3D ( 'NONE', #4418, #2157, #4821 ) ;
#4931 = ORIENTED_EDGE ( 'NONE', *, *, #89, .T. ) ;
#4932 = CARTESIAN_POINT ( 'NONE',  ( -87.50000000000000000, -420.0000000000000000, 697.5000000000000000 ) ) ;
#4933 = EDGE_CURVE ( 'NONE', #1463, #335, #645, .T. ) ;
#4934 = ORIENTED_EDGE ( 'NONE', *, *, #2435, .F. ) ;
#4935 = EDGE_LOOP ( 'NONE', ( #1232, #2481 ) ) ;
#4936 = EDGE_CURVE ( 'NONE', #260, #1076, #277, .T. ) ;
#4937 = ORIENTED_EDGE ( 'NONE', *, *, #604, .T. ) ;
#4938 = CARTESIAN_POINT ( 'NONE',  ( -85.49999999999981500, -9.586629735661305400E-015, 100.0000000000000000 ) ) ;
#4939 = EDGE_LOOP ( 'NONE', ( #2385, #2707, #4594, #1902 ) ) ;
#4940 = CARTESIAN_POINT ( 'NONE',  ( 57.50000000000009900, 286.0000000000000600, 700.0000000000000000 ) ) ;
#4941 = CARTESIAN_POINT ( 'NONE',  ( 37.50000000000014900, 22.99999999999999600, 700.0000000000000000 ) ) ;
#4942 =( NAMED_UNIT ( * ) SI_UNIT ( $, .STERADIAN. ) SOLID_ANGLE_UNIT ( ) );
#4943 = VECTOR ( 'NONE', #2949, 1000.000000000000000 ) ;
#4944 = FACE_OUTER_BOUND ( 'NONE', #2033, .T. ) ;
#4945 = ADVANCED_FACE ( 'NONE', ( #2608 ), #3994, .F. ) ;
#4946 = AXIS2_PLACEMENT_3D ( 'NONE', #2068, #3976, #4347 ) ;
#4947 = LINE ( 'NONE', #4874, #3892 ) ;
#4948 = SURFACE_STYLE_USAGE ( .BOTH. , #2640 ) ;
#4949 = VERTEX_POINT ( 'NONE', #4397 ) ;
#4950 = EDGE_CURVE ( 'NONE', #3337, #3450, #268, .T. ) ;
#4951 =( NAMED_UNIT ( * ) PLANE_ANGLE_UNIT ( ) SI_UNIT ( $, .RADIAN. ) );
#4952 = CYLINDRICAL_SURFACE ( 'NONE', #2455, 3.399999999999958600 ) ;
#4953 = VERTEX_POINT ( 'NONE', #2137 ) ;
ENDSEC;
END-ISO-10303-21;
