ISO-10303-21;
HEADER;
FILE_DESCRIPTION (( 'STEP AP214' ),
    '1' );
FILE_NAME ('Z250A-2-12AÖá³Ð×ù.STEP',
    '2026-04-20T06:33:15',
    ( '' ),
    ( '' ),
    'SwSTEP 2.0',
    'SolidWorks 2016',
    '' );
FILE_SCHEMA (( 'AUTOMOTIVE_DESIGN' ));
ENDSEC;

DATA;
#1 = CARTESIAN_POINT ( 'NONE',  ( -178.7500000000000300, 134.9999999999999700, 94.50000000000000000 ) ) ;
#2 = CARTESIAN_POINT ( 'NONE',  ( -3.795010394150846200, 182.1060767360342300, 22.14558638231643400 ) ) ;
#3 = AXIS2_PLACEMENT_3D ( 'NONE', #3098, #2525, #778 ) ;
#4 = DIRECTION ( 'NONE',  ( -0.0000000000000000000, -0.0000000000000000000, 1.000000000000000000 ) ) ;
#5 = CARTESIAN_POINT ( 'NONE',  ( 2.904522437881529300, 122.4656725906388500, 83.86711249758397500 ) ) ;
#6 = ORIENTED_EDGE ( 'NONE', *, *, #828, .T. ) ;
#7 = ORIENTED_EDGE ( 'NONE', *, *, #1240, .T. ) ;
#8 = CARTESIAN_POINT ( 'NONE',  ( 3.313586503647043900E-014, 180.0000000000000000, 135.9978484524311300 ) ) ;
#9 = EDGE_CURVE ( 'NONE', #514, #59, #3251, .T. ) ;
#10 = ORIENTED_EDGE ( 'NONE', *, *, #2967, .F. ) ;
#11 = LINE ( 'NONE', #1646, #1497 ) ;
#12 = ORIENTED_EDGE ( 'NONE', *, *, #1942, .F. ) ;
#13 = CARTESIAN_POINT ( 'NONE',  ( 0.0000000000000000000, -122.4999999999999900, 19.50000000000000000 ) ) ;
#14 = CARTESIAN_POINT ( 'NONE',  ( 161.2500000000000000, -165.0000000000000900, 94.50000000000000000 ) ) ;
#15 = DIRECTION ( 'NONE',  ( -1.000000000000000000, 0.0000000000000000000, 0.0000000000000000000 ) ) ;
#16 = EDGE_CURVE ( 'NONE', #1161, #454, #1399, .T. ) ;
#17 = DIRECTION ( 'NONE',  ( -1.000000000000000000, 0.0000000000000000000, 0.0000000000000000000 ) ) ;
#18 = ADVANCED_FACE ( 'NONE', ( #1491 ), #1217, .F. ) ;
#19 = CARTESIAN_POINT ( 'NONE',  ( 3.912790395663920100, 122.4374998581305100, 81.20641559438300300 ) ) ;
#20 = AXIS2_PLACEMENT_3D ( 'NONE', #1059, #2166, #3658 ) ;
#21 = DIRECTION ( 'NONE',  ( -1.000000000000000000, 0.0000000000000000000, 0.0000000000000000000 ) ) ;
#22 = FILL_AREA_STYLE ('',( #2633 ) ) ;
#23 = SURFACE_STYLE_FILL_AREA ( #2449 ) ;
#24 = AXIS2_PLACEMENT_3D ( 'NONE', #200, #496, #2493 ) ;
#25 = DIRECTION ( 'NONE',  ( -0.0000000000000000000, -0.0000000000000000000, -1.000000000000000000 ) ) ;
#26 = SURFACE_STYLE_FILL_AREA ( #3712 ) ;
#27 =( NAMED_UNIT ( * ) SI_UNIT ( $, .STERADIAN. ) SOLID_ANGLE_UNIT ( ) );
#28 = CIRCLE ( 'NONE', #2823, 59.99999999999997900 ) ;
#29 = SURFACE_STYLE_FILL_AREA ( #162 ) ;
#30 = ORIENTED_EDGE ( 'NONE', *, *, #3565, .T. ) ;
#31 = CARTESIAN_POINT ( 'NONE',  ( -1.241291687892190500, 122.4937932616334700, 85.31445865839414500 ) ) ;
#32 = DIRECTION ( 'NONE',  ( 1.000000000000000000, 0.0000000000000000000, 0.0000000000000000000 ) ) ;
#33 = LINE ( 'NONE', #1287, #2998 ) ;
#34 = FACE_OUTER_BOUND ( 'NONE', #2527, .T. ) ;
#35 = EDGE_CURVE ( 'NONE', #3638, #387, #2784, .T. ) ;
#36 =( LENGTH_UNIT ( ) NAMED_UNIT ( * ) SI_UNIT ( .MILLI., .METRE. ) );
#37 = DIRECTION ( 'NONE',  ( -1.000000000000000000, 0.0000000000000000000, 0.0000000000000000000 ) ) ;
#38 = VECTOR ( 'NONE', #1756, 999.9999999999998900 ) ;
#39 = CIRCLE ( 'NONE', #3280, 2.499999999999994200 ) ;
#40 = EDGE_CURVE ( 'NONE', #471, #782, #2029, .T. ) ;
#41 = TOROIDAL_SURFACE ( 'NONE', #1771, 199.9999999999999400, 10.00000000000000000 ) ;
#42 = DIRECTION ( 'NONE',  ( -0.0000000000000000000, -0.0000000000000000000, 1.000000000000000000 ) ) ;
#43 = DIRECTION ( 'NONE',  ( -0.0000000000000000000, -0.0000000000000000000, 1.000000000000000000 ) ) ;
#44 = FACE_OUTER_BOUND ( 'NONE', #2626, .T. ) ;
#45 = ORIENTED_EDGE ( 'NONE', *, *, #2855, .T. ) ;
#46 = DIRECTION ( 'NONE',  ( -0.0000000000000000000, -0.0000000000000000000, -1.000000000000000000 ) ) ;
#47 = STYLED_ITEM ( 'NONE', ( #3228 ), #2135 ) ;
#48 = CIRCLE ( 'NONE', #962, 8.749999999999980500 ) ;
#49 = ORIENTED_EDGE ( 'NONE', *, *, #2734, .F. ) ;
#50 = DIRECTION ( 'NONE',  ( 1.000000000000000000, 0.0000000000000000000, 0.0000000000000000000 ) ) ;
#51 = VECTOR ( 'NONE', #3563, 1000.000000000000000 ) ;
#52 = DIRECTION ( 'NONE',  ( -1.000000000000000000, 0.0000000000000000000, 0.0000000000000000000 ) ) ;
#53 = DIRECTION ( 'NONE',  ( -0.0000000000000000000, -0.0000000000000000000, -1.000000000000000000 ) ) ;
#54 = EDGE_CURVE ( 'NONE', #2459, #998, #48, .T. ) ;
#55 = VECTOR ( 'NONE', #1390, 1000.000000000000000 ) ;
#56 = AXIS2_PLACEMENT_3D ( 'NONE', #2483, #2792, #3039 ) ;
#57 = VERTEX_POINT ( 'NONE', #1885 ) ;
#58 = ORIENTED_EDGE ( 'NONE', *, *, #768, .T. ) ;
#59 = VERTEX_POINT ( 'NONE', #409 ) ;
#60 = FILL_AREA_STYLE ('',( #1561 ) ) ;
#61 = FACE_OUTER_BOUND ( 'NONE', #1630, .T. ) ;
#62 = ORIENTED_EDGE ( 'NONE', *, *, #2176, .T. ) ;
#63 =( NAMED_UNIT ( * ) PLANE_ANGLE_UNIT ( ) SI_UNIT ( $, .RADIAN. ) );
#64 = FILL_AREA_STYLE ('',( #1150 ) ) ;
#65 = ORIENTED_EDGE ( 'NONE', *, *, #3269, .T. ) ;
#66 =( NAMED_UNIT ( * ) SI_UNIT ( $, .STERADIAN. ) SOLID_ANGLE_UNIT ( ) );
#67 = DIRECTION ( 'NONE',  ( -0.0000000000000000000, -0.0000000000000000000, -1.000000000000000000 ) ) ;
#68 = ORIENTED_EDGE ( 'NONE', *, *, #3507, .T. ) ;
#69 = EDGE_CURVE ( 'NONE', #1762, #215, #506, .T. ) ;
#70 = ORIENTED_EDGE ( 'NONE', *, *, #1313, .F. ) ;
#71 = DIRECTION ( 'NONE',  ( 0.0000000000000000000, 0.0000000000000000000, -1.000000000000000000 ) ) ;
#72 = LINE ( 'NONE', #2937, #201 ) ;
#73 = VERTEX_POINT ( 'NONE', #498 ) ;
#74 = STYLED_ITEM ( 'NONE', ( #2108 ), #1473 ) ;
#75 = CARTESIAN_POINT ( 'NONE',  ( -1.525475452771613200, 122.4905837904335500, 85.16953261841133800 ) ) ;
#76 = DIRECTION ( 'NONE',  ( -0.0000000000000000000, -0.0000000000000000000, -1.000000000000000000 ) ) ;
#77 = CIRCLE ( 'NONE', #3031, 54.99999999999998600 ) ;
#78 = FACE_BOUND ( 'NONE', #446, .T. ) ;
#79 = ORIENTED_EDGE ( 'NONE', *, *, #1477, .T. ) ;
#80 = ADVANCED_FACE ( 'NONE', ( #2290 ), #642, .F. ) ;
#81 = AXIS2_PLACEMENT_3D ( 'NONE', #867, #3289, #2686 ) ;
#82 = CIRCLE ( 'NONE', #1936, 2.500000000000002200 ) ;
#83 = CARTESIAN_POINT ( 'NONE',  ( -153.3845726811991600, -89.99999999999961600, 137.5000000000000000 ) ) ;
#84 = DIRECTION ( 'NONE',  ( 1.000000000000000000, 0.0000000000000000000, 0.0000000000000000000 ) ) ;
#85 = COLOUR_RGB ( '',0.2000000000000000100, 0.2000000000000000100, 0.2000000000000000100 ) ;
#86 = ORIENTED_EDGE ( 'NONE', *, *, #1409, .T. ) ;
#87 = DIRECTION ( 'NONE',  ( 1.000000000000000000, 0.0000000000000000000, 0.0000000000000000000 ) ) ;
#88 = AXIS2_PLACEMENT_3D ( 'NONE', #1305, #2977, #1563 ) ;
#89 = EDGE_CURVE ( 'NONE', #1165, #3294, #229, .T. ) ;
#90 = VECTOR ( 'NONE', #3048, 1000.000000000000000 ) ;
#91 = DIRECTION ( 'NONE',  ( -1.000000000000000000, 0.0000000000000000000, 0.0000000000000000000 ) ) ;
#92 = CIRCLE ( 'NONE', #2538, 12.99999999999998400 ) ;
#93 = DIRECTION ( 'NONE',  ( -1.000000000000000000, 0.0000000000000000000, 0.0000000000000000000 ) ) ;
#94 = CIRCLE ( 'NONE', #337, 12.99999999999998400 ) ;
#95 = LINE ( 'NONE', #1196, #1664 ) ;
#96 = ORIENTED_EDGE ( 'NONE', *, *, #425, .T. ) ;
#97 = MECHANICAL_DESIGN_GEOMETRIC_PRESENTATION_REPRESENTATION (  '', ( #1013 ), #1541 ) ;
#98 = DIRECTION ( 'NONE',  ( 1.000000000000000000, 0.0000000000000000000, 0.0000000000000000000 ) ) ;
#99 = FACE_OUTER_BOUND ( 'NONE', #1017, .T. ) ;
#100 = VECTOR ( 'NONE', #1090, 1000.000000000000000 ) ;
#101 = CYLINDRICAL_SURFACE ( 'NONE', #842, 12.99999999999998400 ) ;
#102 = B_SPLINE_CURVE_WITH_KNOTS ( 'NONE', 3,
 ( #477, #801, #1431, #2269 ),
 .UNSPECIFIED., .F., .F.,
 ( 4, 4 ),
 ( 0.001317158202891770600, 0.001421087080208589700 ),
 .UNSPECIFIED. ) ;
#103 = EDGE_LOOP ( 'NONE', ( #2151, #1328, #2102 ) ) ;
#104 = AXIS2_PLACEMENT_3D ( 'NONE', #3010, #2172, #418 ) ;
#105 = CARTESIAN_POINT ( 'NONE',  ( -155.8845726811991600, -89.99999999999961600, 137.5000000000000000 ) ) ;
#106 = DIRECTION ( 'NONE',  ( -0.0000000000000000000, -0.0000000000000000000, 1.000000000000000000 ) ) ;
#107 = VECTOR ( 'NONE', #3653, 1000.000000000000000 ) ;
#108 = EDGE_CURVE ( 'NONE', #1412, #316, #2742, .T. ) ;
#109 = AXIS2_PLACEMENT_3D ( 'NONE', #913, #926, #1244 ) ;
#110 =( NAMED_UNIT ( * ) SI_UNIT ( $, .STERADIAN. ) SOLID_ANGLE_UNIT ( ) );
#111 = ORIENTED_EDGE ( 'NONE', *, *, #2360, .F. ) ;
#112 = APPLICATION_CONTEXT ( 'automotive_design' ) ;
#113 = EDGE_CURVE ( 'NONE', #387, #1878, #1803, .T. ) ;
#114 = ADVANCED_FACE ( 'NONE', ( #1709 ), #2227, .T. ) ;
#115 = FACE_OUTER_BOUND ( 'NONE', #3735, .T. ) ;
#116 = CIRCLE ( 'NONE', #195, 2.500000000000002200 ) ;
#117 = CARTESIAN_POINT ( 'NONE',  ( 4.249999999999996400, -122.4999999999999900, 0.9262976817621537700 ) ) ;
#118 =( NAMED_UNIT ( * ) PLANE_ANGLE_UNIT ( ) SI_UNIT ( $, .RADIAN. ) );
#119 =( NAMED_UNIT ( * ) SI_UNIT ( $, .STERADIAN. ) SOLID_ANGLE_UNIT ( ) );
#120 =( GEOMETRIC_REPRESENTATION_CONTEXT ( 3 ) GLOBAL_UNCERTAINTY_ASSIGNED_CONTEXT ( ( #3506 ) ) GLOBAL_UNIT_ASSIGNED_CONTEXT ( ( #36, #3519, #932 ) ) REPRESENTATION_CONTEXT ( 'NONE', 'WORKASPACE' ) );
#121 = FACE_OUTER_BOUND ( 'NONE', #737, .T. ) ;
#122 = ORIENTED_EDGE ( 'NONE', *, *, #1033, .F. ) ;
#123 =( GEOMETRIC_REPRESENTATION_CONTEXT ( 3 ) GLOBAL_UNCERTAINTY_ASSIGNED_CONTEXT ( ( #2250 ) ) GLOBAL_UNIT_ASSIGNED_CONTEXT ( ( #1871, #3030, #110 ) ) REPRESENTATION_CONTEXT ( 'NONE', 'WORKASPACE' ) );
#124 = APPLICATION_CONTEXT ( 'automotive_design' ) ;
#125 = LINE ( 'NONE', #899, #1334 ) ;
#126 = VERTEX_POINT ( 'NONE', #3666 ) ;
#127 = EDGE_CURVE ( 'NONE', #1039, #3275, #931, .T. ) ;
#128 = DIRECTION ( 'NONE',  ( -0.0000000000000000000, -0.0000000000000000000, 1.000000000000000000 ) ) ;
#129 =( GEOMETRIC_REPRESENTATION_CONTEXT ( 3 ) GLOBAL_UNCERTAINTY_ASSIGNED_CONTEXT ( ( #2119 ) ) GLOBAL_UNIT_ASSIGNED_CONTEXT ( ( #1532, #944, #3268 ) ) REPRESENTATION_CONTEXT ( 'NONE', 'WORKASPACE' ) );
#130 = DIRECTION ( 'NONE',  ( -1.000000000000000000, 0.0000000000000000000, 0.0000000000000000000 ) ) ;
#131 = LINE ( 'NONE', #1607, #2952 ) ;
#132 = DIRECTION ( 'NONE',  ( 1.000000000000000000, 0.0000000000000000000, 0.0000000000000000000 ) ) ;
#133 = CARTESIAN_POINT ( 'NONE',  ( 0.0000000000000000000, -122.4999999999999900, 0.0000000000000000000 ) ) ;
#134 = ADVANCED_FACE ( 'NONE', ( #2465 ), #1440, .T. ) ;
#135 = UNCERTAINTY_MEASURE_WITH_UNIT (LENGTH_MEASURE( 1.000000000000000100E-005 ), #2922, 'distance_accuracy_value', 'NONE');
#136 = DIRECTION ( 'NONE',  ( 0.0000000000000000000, 0.0000000000000000000, -1.000000000000000000 ) ) ;
#137 = ORIENTED_EDGE ( 'NONE', *, *, #2341, .F. ) ;
#138 = EDGE_CURVE ( 'NONE', #3585, #2732, #1258, .T. ) ;
#139 = EDGE_CURVE ( 'NONE', #3465, #621, #1488, .T. ) ;
#140 = FACE_OUTER_BOUND ( 'NONE', #563, .T. ) ;
#141 =( LENGTH_UNIT ( ) NAMED_UNIT ( * ) SI_UNIT ( .MILLI., .METRE. ) );
#142 = DIRECTION ( 'NONE',  ( -0.0000000000000000000, -0.0000000000000000000, 1.000000000000000000 ) ) ;
#143 = SURFACE_SIDE_STYLE ('',( #2645 ) ) ;
#144 = CARTESIAN_POINT ( 'NONE',  ( 94.99999999999997200, 1.163414459189985300E-014, 170.5000000000000000 ) ) ;
#145 = DIRECTION ( 'NONE',  ( -1.000000000000000000, 0.0000000000000000000, 0.0000000000000000000 ) ) ;
#146 = AXIS2_PLACEMENT_3D ( 'NONE', #182, #2455, #415 ) ;
#147 = ORIENTED_EDGE ( 'NONE', *, *, #3223, .T. ) ;
#148 = ORIENTED_EDGE ( 'NONE', *, *, #1306, .F. ) ;
#149 = AXIS2_PLACEMENT_3D ( 'NONE', #2286, #1449, #3734 ) ;
#150 = VECTOR ( 'NONE', #3279, 1000.000000000000000 ) ;
#151 = EDGE_LOOP ( 'NONE', ( #473, #3075, #1798 ) ) ;
#152 = CARTESIAN_POINT ( 'NONE',  ( 161.2499999999999700, -165.0000000000000900, 94.50000000000000000 ) ) ;
#153 = ORIENTED_EDGE ( 'NONE', *, *, #2153, .T. ) ;
#154 = PRESENTATION_LAYER_ASSIGNMENT (  '', '', ( #2762 ) ) ;
#155 = CARTESIAN_POINT ( 'NONE',  ( -2.499999999999996900, -67.50000000000000000, 132.0000000000000000 ) ) ;
#156 = EDGE_LOOP ( 'NONE', ( #1864, #894, #729, #10, #665, #1373, #70, #2233, #2693 ) ) ;
#157 = EDGE_LOOP ( 'NONE', ( #2580, #1804, #1182, #1058 ) ) ;
#158 = EDGE_CURVE ( 'NONE', #57, #1256, #2601, .T. ) ;
#159 = COLOUR_RGB ( '',0.2000000000000000100, 0.2000000000000000100, 0.2000000000000000100 ) ;
#160 = CARTESIAN_POINT ( 'NONE',  ( 2.644022725736788100, 183.3341075211299700, 23.35307770370149800 ) ) ;
#161 = CARTESIAN_POINT ( 'NONE',  ( 0.0000000000000000000, 122.4999999999999900, 0.0000000000000000000 ) ) ;
#162 = FILL_AREA_STYLE ('',( #1054 ) ) ;
#163 = ORIENTED_EDGE ( 'NONE', *, *, #3486, .T. ) ;
#164 = EDGE_CURVE ( 'NONE', #2982, #1055, #1669, .T. ) ;
#165 = CARTESIAN_POINT ( 'NONE',  ( 65.00000000000001400, 3.061616997868360500E-016, 147.0000000000000300 ) ) ;
#166 = CYLINDRICAL_SURFACE ( 'NONE', #1438, 2.500000000000002200 ) ;
#167 = ORIENTED_EDGE ( 'NONE', *, *, #2845, .T. ) ;
#168 = CIRCLE ( 'NONE', #2274, 189.9999999999999700 ) ;
#169 =( GEOMETRIC_REPRESENTATION_CONTEXT ( 3 ) GLOBAL_UNCERTAINTY_ASSIGNED_CONTEXT ( ( #901 ) ) GLOBAL_UNIT_ASSIGNED_CONTEXT ( ( #2409, #2049, #1548 ) ) REPRESENTATION_CONTEXT ( 'NONE', 'WORKASPACE' ) );
#170 = EDGE_LOOP ( 'NONE', ( #2485, #3080, #887, #564, #3724 ) ) ;
#171 = FACE_BOUND ( 'NONE', #1388, .T. ) ;
#172 = EDGE_CURVE ( 'NONE', #424, #1016, #879, .T. ) ;
#173 = FACE_OUTER_BOUND ( 'NONE', #3026, .T. ) ;
#174 = CARTESIAN_POINT ( 'NONE',  ( 190.0000000000000000, -229.9999999999999400, 124.5000000000000000 ) ) ;
#175 = SURFACE_SIDE_STYLE ('',( #29 ) ) ;
#176 = ORIENTED_EDGE ( 'NONE', *, *, #691, .T. ) ;
#177 = CYLINDRICAL_SURFACE ( 'NONE', #2494, 12.99999999999998400 ) ;
#178 = EDGE_CURVE ( 'NONE', #1594, #2874, #3587, .T. ) ;
#179 = ORIENTED_EDGE ( 'NONE', *, *, #2815, .T. ) ;
#180 = DIRECTION ( 'NONE',  ( -0.0000000000000000000, -0.0000000000000000000, 1.000000000000000000 ) ) ;
#181 = EDGE_CURVE ( 'NONE', #3244, #2652, #318, .T. ) ;
#182 = CARTESIAN_POINT ( 'NONE',  ( -170.0000000000000300, -200.0000000000000300, 94.50000000000000000 ) ) ;
#183 = ORIENTED_EDGE ( 'NONE', *, *, #3167, .F. ) ;
#184 = COLOUR_RGB ( '',0.2000000000000000100, 0.2000000000000000100, 0.2000000000000000100 ) ;
#185 = CARTESIAN_POINT ( 'NONE',  ( -220.0000000000000000, 189.9999999999998000, 94.50000000000000000 ) ) ;
#186 = DIRECTION ( 'NONE',  ( 1.000000000000000000, 0.0000000000000000000, 0.0000000000000000000 ) ) ;
#187 = AXIS2_PLACEMENT_3D ( 'NONE', #813, #1972, #1734 ) ;
#188 = CIRCLE ( 'NONE', #3646, 2.500000000000002200 ) ;
#189 = DIRECTION ( 'NONE',  ( -0.0000000000000000000, -0.0000000000000000000, 1.000000000000000000 ) ) ;
#190 = ORIENTED_EDGE ( 'NONE', *, *, #1498, .T. ) ;
#191 = CARTESIAN_POINT ( 'NONE',  ( -220.0000000000000000, -229.9999999999997200, 124.5000000000000000 ) ) ;
#192 = EDGE_LOOP ( 'NONE', ( #1084, #2866 ) ) ;
#193 = CARTESIAN_POINT ( 'NONE',  ( -59.99999999999997900, 0.0000000000000000000, 134.0000000000000000 ) ) ;
#194 = CARTESIAN_POINT ( 'NONE',  ( 0.0000000000000000000, 144.9999999999999700, 121.0000000000000000 ) ) ;
#195 = AXIS2_PLACEMENT_3D ( 'NONE', #2857, #3721, #814 ) ;
#196 = ORIENTED_EDGE ( 'NONE', *, *, #2341, .T. ) ;
#197 = ORIENTED_EDGE ( 'NONE', *, *, #3318, .T. ) ;
#198 = CARTESIAN_POINT ( 'NONE',  ( 3.595699295582512400, 179.9422570924485000, 19.97815296042139000 ) ) ;
#199 = DIRECTION ( 'NONE',  ( -0.0000000000000000000, -0.0000000000000000000, 1.000000000000000000 ) ) ;
#200 = CARTESIAN_POINT ( 'NONE',  ( 155.8845726811991600, 89.99999999999970200, 137.5000000000000000 ) ) ;
#201 = VECTOR ( 'NONE', #1468, 1000.000000000000000 ) ;
#202 = EDGE_CURVE ( 'NONE', #2870, #1770, #224, .T. ) ;
#203 = DIRECTION ( 'NONE',  ( -0.0000000000000000000, -0.0000000000000000000, -1.000000000000000000 ) ) ;
#204 = FACE_BOUND ( 'NONE', #1254, .T. ) ;
#205 = EDGE_LOOP ( 'NONE', ( #1318, #3609, #3604, #3195 ) ) ;
#206 = EDGE_CURVE ( 'NONE', #2996, #1949, #2510, .T. ) ;
#207 = CARTESIAN_POINT ( 'NONE',  ( 4.165084321431635300E-015, 122.4999999999999700, 74.26955262170038500 ) ) ;
#208 = FACE_OUTER_BOUND ( 'NONE', #1689, .T. ) ;
#209 = CIRCLE ( 'NONE', #1825, 2.499999999999996900 ) ;
#210 = B_SPLINE_CURVE_WITH_KNOTS ( 'NONE', 3,
 ( #639, #653, #1261, #576 ),
 .UNSPECIFIED., .F., .F.,
 ( 4, 4 ),
 ( 2.865218606479868500E-007, 0.001317158202891770600 ),
 .UNSPECIFIED. ) ;
#211 = VERTEX_POINT ( 'NONE', #823 ) ;
#212 = CARTESIAN_POINT ( 'NONE',  ( 3.472043746781709100, 182.6135234348670600, 22.64646634532973100 ) ) ;
#213 = DIRECTION ( 'NONE',  ( 0.8571673007021147800, 0.0000000000000000000, 0.5150380749100501600 ) ) ;
#214 = CYLINDRICAL_SURFACE ( 'NONE', #3104, 12.99999999999998400 ) ;
#215 = VERTEX_POINT ( 'NONE', #269 ) ;
#216 =( NAMED_UNIT ( * ) SI_UNIT ( $, .STERADIAN. ) SOLID_ANGLE_UNIT ( ) );
#217 = AXIS2_PLACEMENT_3D ( 'NONE', #1089, #3649, #1380 ) ;
#218 = CARTESIAN_POINT ( 'NONE',  ( 4.249999999999996400, -122.4999999999999900, 0.9262976817621537700 ) ) ;
#219 = LINE ( 'NONE', #2736, #3358 ) ;
#220 = EDGE_LOOP ( 'NONE', ( #1194, #2426, #3062, #2466 ) ) ;
#221 = CARTESIAN_POINT ( 'NONE',  ( 3.796631661870042900, 180.2836556814998200, 20.32360222654511300 ) ) ;
#222 = AXIS2_PLACEMENT_3D ( 'NONE', #2017, #237, #3150 ) ;
#223 = DIRECTION ( 'NONE',  ( -0.0000000000000000000, -0.0000000000000000000, -1.000000000000000000 ) ) ;
#224 = LINE ( 'NONE', #2036, #2733 ) ;
#225 = CARTESIAN_POINT ( 'NONE',  ( -5.401588245426607100E-015, -122.4999999999999900, 22.05365763086713200 ) ) ;
#226 = DIRECTION ( 'NONE',  ( 1.000000000000000000, -1.460819769243628900E-016, 0.0000000000000000000 ) ) ;
#227 = CIRCLE ( 'NONE', #1501, 2.499999999999996900 ) ;
#228 = EDGE_CURVE ( 'NONE', #2414, #621, #2825, .T. ) ;
#229 = CIRCLE ( 'NONE', #385, 76.99999999999998600 ) ;
#230 = UNCERTAINTY_MEASURE_WITH_UNIT (LENGTH_MEASURE( 1.000000000000000100E-005 ), #2345, 'distance_accuracy_value', 'NONE');
#231 = LINE ( 'NONE', #1226, #51 ) ;
#232 = CARTESIAN_POINT ( 'NONE',  ( 4.165084321431635300E-015, 122.4999999999999700, 74.26955262170038500 ) ) ;
#233 = CARTESIAN_POINT ( 'NONE',  ( 1.241987563139190800, 122.4940738647293600, 74.53725439778442300 ) ) ;
#234 = ORIENTED_EDGE ( 'NONE', *, *, #16, .T. ) ;
#235 = AXIS2_PLACEMENT_3D ( 'NONE', #1012, #1301, #1602 ) ;
#236 = CARTESIAN_POINT ( 'NONE',  ( 3.999878073308085200, 181.3772375750154100, 21.42133644449154800 ) ) ;
#237 = DIRECTION ( 'NONE',  ( -0.0000000000000000000, 0.0000000000000000000, -1.000000000000000000 ) ) ;
#238 = ORIENTED_EDGE ( 'NONE', *, *, #2920, .F. ) ;
#239 = FILL_AREA_STYLE ('',( #2008 ) ) ;
#240 = AXIS2_PLACEMENT_3D ( 'NONE', #2877, #2865, #2019 ) ;
#241 = ORIENTED_EDGE ( 'NONE', *, *, #254, .T. ) ;
#242 = CARTESIAN_POINT ( 'NONE',  ( -4.216221515353538500, 123.1214513539685800, 0.3064045274401301400 ) ) ;
#243 = CARTESIAN_POINT ( 'NONE',  ( 2.499999999999990200, -180.0000000000000300, 170.5000000000000000 ) ) ;
#244 = VERTEX_POINT ( 'NONE', #2559 ) ;
#245 = LINE ( 'NONE', #1973, #1728 ) ;
#246 = PLANE ( 'NONE',  #1203 ) ;
#247 = VERTEX_POINT ( 'NONE', #876 ) ;
#248 = ORIENTED_EDGE ( 'NONE', *, *, #2330, .F. ) ;
#249 = CARTESIAN_POINT ( 'NONE',  ( -94.99999999999997200, 0.0000000000000000000, 170.5000000000000000 ) ) ;
#250 = FACE_OUTER_BOUND ( 'NONE', #3682, .T. ) ;
#251 = CARTESIAN_POINT ( 'NONE',  ( -122.4999999999999700, 0.0000000000000000000, 121.0000000000000000 ) ) ;
#252 =( LENGTH_UNIT ( ) NAMED_UNIT ( * ) SI_UNIT ( .MILLI., .METRE. ) );
#253 = DIRECTION ( 'NONE',  ( -0.0000000000000000000, -0.0000000000000000000, -1.000000000000000000 ) ) ;
#254 = EDGE_CURVE ( 'NONE', #3684, #3673, #975, .T. ) ;
#255 = VECTOR ( 'NONE', #2584, 1000.000000000000000 ) ;
#256 = DIRECTION ( 'NONE',  ( -0.0000000000000000000, -0.0000000000000000000, -1.000000000000000000 ) ) ;
#257 = DIRECTION ( 'NONE',  ( -0.0000000000000000000, -0.0000000000000000000, 1.000000000000000000 ) ) ;
#258 = CIRCLE ( 'NONE', #1877, 8.749999999999980500 ) ;
#259 = EDGE_CURVE ( 'NONE', #2692, #3382, #2078, .T. ) ;
#260 =( NAMED_UNIT ( * ) SI_UNIT ( $, .STERADIAN. ) SOLID_ANGLE_UNIT ( ) );
#261 = ORIENTED_EDGE ( 'NONE', *, *, #668, .F. ) ;
#262 = DIRECTION ( 'NONE',  ( -0.0000000000000000000, -0.0000000000000000000, -1.000000000000000000 ) ) ;
#263 = CARTESIAN_POINT ( 'NONE',  ( -161.2500000000000600, 134.9999999999999700, 124.5000000000000000 ) ) ;
#264 = AXIS2_PLACEMENT_3D ( 'NONE', #3595, #2981, #3630 ) ;
#265 = ADVANCED_FACE ( 'NONE', ( #140 ), #3016, .F. ) ;
#266 = DIRECTION ( 'NONE',  ( -0.0000000000000000000, -0.0000000000000000000, -1.000000000000000000 ) ) ;
#267 = ORIENTED_EDGE ( 'NONE', *, *, #139, .F. ) ;
#268 = FACE_BOUND ( 'NONE', #777, .T. ) ;
#269 = CARTESIAN_POINT ( 'NONE',  ( 3.674951612863408900E-015, 184.0416305603426400, 24.04163056034266400 ) ) ;
#270 = CARTESIAN_POINT ( 'NONE',  ( 182.9999999999999700, 169.9999999999999400, 124.5000000000000000 ) ) ;
#271 = CYLINDRICAL_SURFACE ( 'NONE', #1340, 2.499999999999992500 ) ;
#272 = EDGE_LOOP ( 'NONE', ( #343, #1108 ) ) ;
#273 = ORIENTED_EDGE ( 'NONE', *, *, #1883, .F. ) ;
#274 = AXIS2_PLACEMENT_3D ( 'NONE', #767, #2487, #3100 ) ;
#275 = CARTESIAN_POINT ( 'NONE',  ( -122.4999999999999700, 0.0000000000000000000, 1.000000000000070600 ) ) ;
#276 = DIRECTION ( 'NONE',  ( -1.000000000000000000, 0.0000000000000000000, -0.0000000000000000000 ) ) ;
#277 = CARTESIAN_POINT ( 'NONE',  ( 3.998009002089543400, 122.4347415052627600, 79.62795741739992600 ) ) ;
#278 = CARTESIAN_POINT ( 'NONE',  ( -189.9999999999999400, 0.0000000000000000000, 170.5000000000000000 ) ) ;
#279 =( GEOMETRIC_REPRESENTATION_CONTEXT ( 3 ) GLOBAL_UNCERTAINTY_ASSIGNED_CONTEXT ( ( #2495 ) ) GLOBAL_UNIT_ASSIGNED_CONTEXT ( ( #2731, #3316, #671 ) ) REPRESENTATION_CONTEXT ( 'NONE', 'WORKASPACE' ) );
#280 = DIRECTION ( 'NONE',  ( -0.0000000000000000000, -0.0000000000000000000, -1.000000000000000000 ) ) ;
#281 = CARTESIAN_POINT ( 'NONE',  ( 0.0000000000000000000, 0.0000000000000000000, 30.00000000000000700 ) ) ;
#282 = CARTESIAN_POINT ( 'NONE',  ( -3.597057607739115400, 179.9443427716398100, 19.98026570658126000 ) ) ;
#283 = EDGE_CURVE ( 'NONE', #2185, #3072, #1304, .T. ) ;
#284 = ADVANCED_FACE ( 'NONE', ( #2242, #1019, #2378, #1981, #1628, #2164, #2553, #44 ), #1132, .T. ) ;
#285 = CARTESIAN_POINT ( 'NONE',  ( 190.0000000000000000, -229.9999999999999400, 124.5000000000000000 ) ) ;
#286 = CARTESIAN_POINT ( 'NONE',  ( 220.0000000000000000, -229.9999999999997400, 124.5000000000000000 ) ) ;
#287 = AXIS2_PLACEMENT_3D ( 'NONE', #1082, #760, #3020 ) ;
#288 = EDGE_LOOP ( 'NONE', ( #111, #2372, #3429 ) ) ;
#289 = ORIENTED_EDGE ( 'NONE', *, *, #3479, .T. ) ;
#290 = PRESENTATION_STYLE_ASSIGNMENT (( #1834 ) ) ;
#291 = ORIENTED_EDGE ( 'NONE', *, *, #2210, .T. ) ;
#292 = MECHANICAL_DESIGN_GEOMETRIC_PRESENTATION_REPRESENTATION (  '', ( #613 ), #2905 ) ;
#293 = CARTESIAN_POINT ( 'NONE',  ( -3.178993009830825700, 182.9260879018151200, 22.95364865918895000 ) ) ;
#294 = EDGE_LOOP ( 'NONE', ( #1222, #2088 ) ) ;
#295 = LINE ( 'NONE', #1955, #3304 ) ;
#296 = EDGE_CURVE ( 'NONE', #247, #1032, #549, .T. ) ;
#297 = FILL_AREA_STYLE_COLOUR ( '', #2187 ) ;
#298 = CARTESIAN_POINT ( 'NONE',  ( 1.660070246710701800, 122.4888210696104500, 85.08842549274224600 ) ) ;
#299 = AXIS2_PLACEMENT_3D ( 'NONE', #1836, #660, #2690 ) ;
#300 = CARTESIAN_POINT ( 'NONE',  ( 0.0000000000000000000, 122.4999999999999900, 0.0000000000000000000 ) ) ;
#301 =( NAMED_UNIT ( * ) SI_UNIT ( $, .STERADIAN. ) SOLID_ANGLE_UNIT ( ) );
#302 = ORIENTED_EDGE ( 'NONE', *, *, #1430, .F. ) ;
#303 = ADVANCED_FACE ( 'NONE', ( #3198 ), #450, .F. ) ;
#304 = DIRECTION ( 'NONE',  ( 0.0000000000000000000, 0.0000000000000000000, 1.000000000000000000 ) ) ;
#305 = FACE_OUTER_BOUND ( 'NONE', #742, .T. ) ;
#306 = CARTESIAN_POINT ( 'NONE',  ( -2.459521589212878600, 178.9435872828229300, 18.96011194733002000 ) ) ;
#307 = DIRECTION ( 'NONE',  ( -1.000000000000000000, 0.0000000000000000000, 0.0000000000000000000 ) ) ;
#308 = AXIS2_PLACEMENT_3D ( 'NONE', #484, #795, #523 ) ;
#309 = ORIENTED_EDGE ( 'NONE', *, *, #2109, .T. ) ;
#310 = CARTESIAN_POINT ( 'NONE',  ( -4.249999999999995600, -122.4999999999999900, 19.50000000000000000 ) ) ;
#311 = CARTESIAN_POINT ( 'NONE',  ( 178.7499999999999700, -165.0000000000000900, 124.5000000000000000 ) ) ;
#312 = SURFACE_STYLE_FILL_AREA ( #22 ) ;
#313 = CARTESIAN_POINT ( 'NONE',  ( 0.0000000000000000000, 0.0000000000000000000, 134.0000000000000300 ) ) ;
#314 = VERTEX_POINT ( 'NONE', #2074 ) ;
#315 = SURFACE_STYLE_USAGE ( .BOTH. , #2083 ) ;
#316 = VERTEX_POINT ( 'NONE', #347 ) ;
#317 =( NAMED_UNIT ( * ) SI_UNIT ( $, .STERADIAN. ) SOLID_ANGLE_UNIT ( ) );
#318 = LINE ( 'NONE', #1475, #2416 ) ;
#319 = EDGE_CURVE ( 'NONE', #2732, #1878, #1069, .T. ) ;
#320 = VERTEX_POINT ( 'NONE', #1814 ) ;
#321 = AXIS2_PLACEMENT_3D ( 'NONE', #2471, #1349, #1310 ) ;
#322 = FACE_OUTER_BOUND ( 'NONE', #3694, .T. ) ;
#323 = CARTESIAN_POINT ( 'NONE',  ( -4.249999999999996400, -122.4999999999999900, 0.9262976817621537700 ) ) ;
#324 = CIRCLE ( 'NONE', #3240, 2.499999999999988500 ) ;
#325 = CARTESIAN_POINT ( 'NONE',  ( -1.661928669551608500, 122.4887963660779200, 85.08728379596991000 ) ) ;
#326 =( NAMED_UNIT ( * ) PLANE_ANGLE_UNIT ( ) SI_UNIT ( $, .RADIAN. ) );
#327 = ORIENTED_EDGE ( 'NONE', *, *, #1899, .T. ) ;
#328 = B_SPLINE_CURVE_WITH_KNOTS ( 'NONE', 3,
 ( #225, #2352, #1509, #1378 ),
 .UNSPECIFIED., .F., .F.,
 ( 4, 4 ),
 ( -2.188883362784765900E-008, 0.004958489483297946800 ),
 .UNSPECIFIED. ) ;
#329 = LINE ( 'NONE', #3055, #1593 ) ;
#330 = DIRECTION ( 'NONE',  ( 1.000000000000000000, 0.0000000000000000000, 0.0000000000000000000 ) ) ;
#331 = CARTESIAN_POINT ( 'NONE',  ( -0.5203298264137807800, 178.4023332601165100, 18.40290485723079100 ) ) ;
#332 = DIRECTION ( 'NONE',  ( 0.0000000000000000000, 1.000000000000000000, 0.0000000000000000000 ) ) ;
#333 = DIRECTION ( 'NONE',  ( -0.0000000000000000000, -0.0000000000000000000, 1.000000000000000000 ) ) ;
#334 = ORIENTED_EDGE ( 'NONE', *, *, #2258, .F. ) ;
#335 = FACE_OUTER_BOUND ( 'NONE', #1505, .T. ) ;
#336 = CARTESIAN_POINT ( 'NONE',  ( -2.499999999999994200, -180.0000000000000300, 137.5000000000000000 ) ) ;
#337 = AXIS2_PLACEMENT_3D ( 'NONE', #980, #2705, #395 ) ;
#338 = ORIENTED_EDGE ( 'NONE', *, *, #2708, .T. ) ;
#339 = CARTESIAN_POINT ( 'NONE',  ( -3.838800209661988600, 122.4398613332257600, 78.36443618332251000 ) ) ;
#340 = ORIENTED_EDGE ( 'NONE', *, *, #567, .T. ) ;
#341 = FACE_BOUND ( 'NONE', #2383, .T. ) ;
#342 = CARTESIAN_POINT ( 'NONE',  ( 0.0000000000000000000, -180.0000000000000300, 137.5000000000000000 ) ) ;
#343 = ORIENTED_EDGE ( 'NONE', *, *, #631, .F. ) ;
#344 = B_SPLINE_CURVE_WITH_KNOTS ( 'NONE', 3,
 ( #117, #1309, #3038, #1259 ),
 .UNSPECIFIED., .F., .F.,
 ( 4, 4 ),
 ( 0.0001042107326384517300, 0.001421082413669577900 ),
 .UNSPECIFIED. ) ;
#345 = EDGE_LOOP ( 'NONE', ( #1544, #2079 ) ) ;
#346 = FACE_OUTER_BOUND ( 'NONE', #2550, .T. ) ;
#347 = CARTESIAN_POINT ( 'NONE',  ( -144.9999999999999700, 0.0000000000000000000, 121.0000000000000100 ) ) ;
#348 = AXIS2_PLACEMENT_3D ( 'NONE', #2542, #1136, #3414 ) ;
#349 = EDGE_LOOP ( 'NONE', ( #3359, #759, #2563, #2125 ) ) ;
#350 = DIRECTION ( 'NONE',  ( -1.000000000000000000, 0.0000000000000000000, 0.0000000000000000000 ) ) ;
#351 = CIRCLE ( 'NONE', #2136, 2.500000000000002200 ) ;
#352 = FILL_AREA_STYLE_COLOUR ( '', #1596 ) ;
#353 = AXIS2_PLACEMENT_3D ( 'NONE', #2297, #2608, #871 ) ;
#354 = UNCERTAINTY_MEASURE_WITH_UNIT (LENGTH_MEASURE( 1.000000000000000100E-005 ), #1891, 'distance_accuracy_value', 'NONE');
#355 = CARTESIAN_POINT ( 'NONE',  ( -2.279878884643013600, 122.4789635210109700, 75.28384987271265100 ) ) ;
#356 =( NAMED_UNIT ( * ) PLANE_ANGLE_UNIT ( ) SI_UNIT ( $, .RADIAN. ) );
#357 = FACE_OUTER_BOUND ( 'NONE', #3149, .T. ) ;
#358 = EDGE_LOOP ( 'NONE', ( #2727, #718, #1134 ) ) ;
#359 = EDGE_CURVE ( 'NONE', #244, #1079, #1925, .T. ) ;
#360 = CARTESIAN_POINT ( 'NONE',  ( -153.3845726811992200, 89.99999999999955900, 170.5000000000000000 ) ) ;
#361 = ORIENTED_EDGE ( 'NONE', *, *, #1078, .T. ) ;
#362 = CIRCLE ( 'NONE', #1068, 54.99999999999997900 ) ;
#363 = ADVANCED_FACE ( 'NONE', ( #971, #1481 ), #3447, .T. ) ;
#364 = EDGE_CURVE ( 'NONE', #2091, #1452, #2820, .T. ) ;
#365 = CIRCLE ( 'NONE', #771, 2.499999999999990200 ) ;
#366 = ORIENTED_EDGE ( 'NONE', *, *, #1382, .F. ) ;
#367 = CARTESIAN_POINT ( 'NONE',  ( 153.3845726811991300, -89.99999999999948800, 170.5000000000000000 ) ) ;
#368 = DIRECTION ( 'NONE',  ( -1.000000000000000000, 0.0000000000000000000, 0.0000000000000000000 ) ) ;
#369 = ORIENTED_EDGE ( 'NONE', *, *, #1906, .F. ) ;
#370 = DIRECTION ( 'NONE',  ( -1.000000000000000000, 0.0000000000000000000, 0.0000000000000000000 ) ) ;
#371 = ORIENTED_EDGE ( 'NONE', *, *, #3218, .F. ) ;
#372 = AXIS2_PLACEMENT_3D ( 'NONE', #2850, #1131, #1711 ) ;
#373 = EDGE_LOOP ( 'NONE', ( #445, #2337, #3720, #479 ) ) ;
#374 = FILL_AREA_STYLE_COLOUR ( '', #1341 ) ;
#375 = CARTESIAN_POINT ( 'NONE',  ( 0.0000000000000000000, 0.0000000000000000000, 8.548764340407696400E-016 ) ) ;
#376 = CARTESIAN_POINT ( 'NONE',  ( 153.3845726811991600, 89.99999999999970200, 137.5000000000000000 ) ) ;
#377 = EDGE_CURVE ( 'NONE', #693, #3189, #2730, .T. ) ;
#378 = DIRECTION ( 'NONE',  ( -1.000000000000000000, 0.0000000000000000000, 0.0000000000000000000 ) ) ;
#379 =( LENGTH_UNIT ( ) NAMED_UNIT ( * ) SI_UNIT ( .MILLI., .METRE. ) );
#380 = ORIENTED_EDGE ( 'NONE', *, *, #3041, .T. ) ;
#381 = ADVANCED_FACE ( 'NONE', ( #3492 ), #2110, .F. ) ;
#382 = VERTEX_POINT ( 'NONE', #1248 ) ;
#383 = CARTESIAN_POINT ( 'NONE',  ( 4.216221515353539400, 123.1214513539685800, 0.3064045274401304100 ) ) ;
#384 = DIRECTION ( 'NONE',  ( -0.8571673007021147800, 1.049727191138621700E-016, 0.5150380749100501600 ) ) ;
#385 = AXIS2_PLACEMENT_3D ( 'NONE', #3370, #203, #1656 ) ;
#386 = LINE ( 'NONE', #3271, #746 ) ;
#387 = VERTEX_POINT ( 'NONE', #2350 ) ;
#388 = SURFACE_STYLE_USAGE ( .BOTH. , #2162 ) ;
#389 = FACE_BOUND ( 'NONE', #3601, .T. ) ;
#390 = LINE ( 'NONE', #1098, #2530 ) ;
#391 = ORIENTED_EDGE ( 'NONE', *, *, #927, .T. ) ;
#392 = CARTESIAN_POINT ( 'NONE',  ( -1.528437313381867800, 122.4907367014119900, 74.69216301216276600 ) ) ;
#393 = CARTESIAN_POINT ( 'NONE',  ( 0.0000000000000000000, 0.0000000000000000000, 0.0000000000000000000 ) ) ;
#394 = VERTEX_POINT ( 'NONE', #890 ) ;
#395 = DIRECTION ( 'NONE',  ( -1.000000000000000000, 0.0000000000000000000, 0.0000000000000000000 ) ) ;
#396 = AXIS2_PLACEMENT_3D ( 'NONE', #1107, #3726, #1741 ) ;
#397 = DIRECTION ( 'NONE',  ( 0.0000000000000000000, 0.0000000000000000000, -1.000000000000000000 ) ) ;
#398 = FILL_AREA_STYLE ('',( #1284 ) ) ;
#399 = ADVANCED_FACE ( 'NONE', ( #2374 ), #41, .F. ) ;
#400 = CARTESIAN_POINT ( 'NONE',  ( 4.249999999999995600, 122.4999999999999900, 19.50000000000000000 ) ) ;
#401 = EDGE_CURVE ( 'NONE', #2659, #1352, #365, .T. ) ;
#402 = FACE_OUTER_BOUND ( 'NONE', #1202, .T. ) ;
#403 = DIRECTION ( 'NONE',  ( -0.0000000000000000000, 0.0000000000000000000, -1.000000000000000000 ) ) ;
#404 = ORIENTED_EDGE ( 'NONE', *, *, #2406, .F. ) ;
#405 = CYLINDRICAL_SURFACE ( 'NONE', #264, 59.99999999999997900 ) ;
#406 = DIRECTION ( 'NONE',  ( 1.000000000000000000, 0.0000000000000000000, 0.0000000000000000000 ) ) ;
#407 = CIRCLE ( 'NONE', #3003, 59.99999999999997900 ) ;
#408 = ORIENTED_EDGE ( 'NONE', *, *, #2520, .T. ) ;
#409 = CARTESIAN_POINT ( 'NONE',  ( 2.499999999999996900, -67.50000000000000000, 132.0000000000000000 ) ) ;
#410 =( GEOMETRIC_REPRESENTATION_CONTEXT ( 3 ) GLOBAL_UNCERTAINTY_ASSIGNED_CONTEXT ( ( #3212 ) ) GLOBAL_UNIT_ASSIGNED_CONTEXT ( ( #1763, #3483, #2332 ) ) REPRESENTATION_CONTEXT ( 'NONE', 'WORKASPACE' ) );
#411 = CARTESIAN_POINT ( 'NONE',  ( 155.8845726811991300, -89.99999999999948800, 137.5000000000000000 ) ) ;
#412 = ORIENTED_EDGE ( 'NONE', *, *, #1209, .T. ) ;
#413 = AXIS2_PLACEMENT_3D ( 'NONE', #3405, #1690, #3368 ) ;
#414 = ADVANCED_FACE ( 'NONE', ( #3760 ), #722, .F. ) ;
#415 = DIRECTION ( 'NONE',  ( -1.000000000000000000, 0.0000000000000000000, 0.0000000000000000000 ) ) ;
#416 = ORIENTED_EDGE ( 'NONE', *, *, #2258, .T. ) ;
#417 = DIRECTION ( 'NONE',  ( -0.0000000000000000000, -0.0000000000000000000, -1.000000000000000000 ) ) ;
#418 = DIRECTION ( 'NONE',  ( -1.000000000000000000, 0.0000000000000000000, 0.0000000000000000000 ) ) ;
#419 = PRESENTATION_LAYER_ASSIGNMENT (  '', '', ( #1686 ) ) ;
#420 = DIRECTION ( 'NONE',  ( -0.0000000000000000000, -0.0000000000000000000, 1.000000000000000000 ) ) ;
#421 = ORIENTED_EDGE ( 'NONE', *, *, #3586, .T. ) ;
#422 = ORIENTED_EDGE ( 'NONE', *, *, #3422, .T. ) ;
#423 = VECTOR ( 'NONE', #3467, 1000.000000000000000 ) ;
#424 = VERTEX_POINT ( 'NONE', #1520 ) ;
#425 = EDGE_CURVE ( 'NONE', #2721, #3164, #2236, .T. ) ;
#426 = DIRECTION ( 'NONE',  ( -0.8571673007021147800, 1.049727191138621700E-016, 0.5150380749100501600 ) ) ;
#427 = SURFACE_STYLE_USAGE ( .BOTH. , #143 ) ;
#428 = DIRECTION ( 'NONE',  ( -1.000000000000000000, 0.0000000000000000000, 0.0000000000000000000 ) ) ;
#429 = STYLED_ITEM ( 'NONE', ( #2598 ), #303 ) ;
#430 = FACE_BOUND ( 'NONE', #2282, .T. ) ;
#431 = VECTOR ( 'NONE', #2377, 1000.000000000000000 ) ;
#432 = DIRECTION ( 'NONE',  ( -0.0000000000000000000, -0.0000000000000000000, -1.000000000000000000 ) ) ;
#433 = ADVANCED_FACE ( 'NONE', ( #3717 ), #271, .F. ) ;
#434 = DIRECTION ( 'NONE',  ( -1.000000000000000000, 0.0000000000000000000, 0.0000000000000000000 ) ) ;
#435 = CIRCLE ( 'NONE', #3668, 4.249999999999995600 ) ;
#436 = AXIS2_PLACEMENT_3D ( 'NONE', #3191, #1461, #3460 ) ;
#437 = PRESENTATION_STYLE_ASSIGNMENT (( #1829 ) ) ;
#438 = LINE ( 'NONE', #2028, #1614 ) ;
#439 = FACE_OUTER_BOUND ( 'NONE', #2097, .T. ) ;
#440 = AXIS2_PLACEMENT_3D ( 'NONE', #3692, #1133, #3141 ) ;
#441 = CARTESIAN_POINT ( 'NONE',  ( 144.9999999999999700, 1.775737858763661500E-014, 0.0000000000000000000 ) ) ;
#442 = SURFACE_STYLE_FILL_AREA ( #3005 ) ;
#443 = CYLINDRICAL_SURFACE ( 'NONE', #1657, 4.249999999999996400 ) ;
#444 = DIRECTION ( 'NONE',  ( 0.0000000000000000000, 0.0000000000000000000, -1.000000000000000000 ) ) ;
#445 = ORIENTED_EDGE ( 'NONE', *, *, #2745, .F. ) ;
#446 = EDGE_LOOP ( 'NONE', ( #1424, #3337 ) ) ;
#447 = ORIENTED_EDGE ( 'NONE', *, *, #504, .T. ) ;
#448 = PRESENTATION_STYLE_ASSIGNMENT (( #636 ) ) ;
#449 = EDGE_CURVE ( 'NONE', #3687, #3266, #2595, .T. ) ;
#450 = CYLINDRICAL_SURFACE ( 'NONE', #983, 2.499999999999993300 ) ;
#451 = ORIENTED_EDGE ( 'NONE', *, *, #2573, .T. ) ;
#452 = SURFACE_SIDE_STYLE ('',( #1707 ) ) ;
#453 = DIRECTION ( 'NONE',  ( -0.0000000000000000000, -0.0000000000000000000, 1.000000000000000000 ) ) ;
#454 = VERTEX_POINT ( 'NONE', #2694 ) ;
#455 = PRESENTATION_STYLE_ASSIGNMENT (( #3027 ) ) ;
#456 = DIRECTION ( 'NONE',  ( -1.000000000000000000, 0.0000000000000000000, 0.0000000000000000000 ) ) ;
#457 = AXIS2_PLACEMENT_3D ( 'NONE', #2753, #1327, #2712 ) ;
#458 = VERTEX_POINT ( 'NONE', #2417 ) ;
#459 = CYLINDRICAL_SURFACE ( 'NONE', #440, 76.99999999999998600 ) ;
#460 = B_SPLINE_CURVE_WITH_KNOTS ( 'NONE', 3,
 ( #1584, #383, #1841, #3259 ),
 .UNSPECIFIED., .F., .F.,
 ( 4, 4 ),
 ( 2.865218606479868500E-007, 0.001317158202891770600 ),
 .UNSPECIFIED. ) ;
#461 = DIRECTION ( 'NONE',  ( -0.0000000000000000000, -0.0000000000000000000, 1.000000000000000000 ) ) ;
#462 = AXIS2_PLACEMENT_3D ( 'NONE', #1794, #483, #2839 ) ;
#463 = ORIENTED_EDGE ( 'NONE', *, *, #3586, .F. ) ;
#464 = CARTESIAN_POINT ( 'NONE',  ( -155.8845726811992200, 89.99999999999955900, 137.5000000000000000 ) ) ;
#465 = ORIENTED_EDGE ( 'NONE', *, *, #1670, .T. ) ;
#466 = SURFACE_STYLE_FILL_AREA ( #2092 ) ;
#467 = ORIENTED_EDGE ( 'NONE', *, *, #1694, .T. ) ;
#468 = DIRECTION ( 'NONE',  ( -0.0000000000000000000, -0.0000000000000000000, -1.000000000000000000 ) ) ;
#469 = PRODUCT_DEFINITION ( 'Î´Öª', '', #3439, #3249 ) ;
#470 = EDGE_CURVE ( 'NONE', #518, #1998, #219, .T. ) ;
#471 = VERTEX_POINT ( 'NONE', #1556 ) ;
#472 = DIRECTION ( 'NONE',  ( -0.0000000000000000000, -0.0000000000000000000, -1.000000000000000000 ) ) ;
#473 = ORIENTED_EDGE ( 'NONE', *, *, #647, .F. ) ;
#474 = EDGE_CURVE ( 'NONE', #2261, #57, #344, .T. ) ;
#475 = CARTESIAN_POINT ( 'NONE',  ( 3.754459351340091000E-014, 67.50000000000000000, 130.4978484524311300 ) ) ;
#476 = ORIENTED_EDGE ( 'NONE', *, *, #2787, .T. ) ;
#477 = CARTESIAN_POINT ( 'NONE',  ( 4.249999999999996400, 122.4999999999999900, 0.9262976817621537700 ) ) ;
#478 = CARTESIAN_POINT ( 'NONE',  ( 169.9999999999999700, -200.0000000000000900, 124.5000000000000000 ) ) ;
#479 = ORIENTED_EDGE ( 'NONE', *, *, #2479, .T. ) ;
#480 = AXIS2_PLACEMENT_3D ( 'NONE', #3574, #1866, #3025 ) ;
#481 = CARTESIAN_POINT ( 'NONE',  ( 0.0000000000000000000, 0.0000000000000000000, 121.0000000000000100 ) ) ;
#482 = COLOUR_RGB ( '',0.2000000000000000100, 0.2000000000000000100, 0.2000000000000000100 ) ;
#483 = DIRECTION ( 'NONE',  ( 0.0000000000000000000, 0.0000000000000000000, -1.000000000000000000 ) ) ;
#484 = CARTESIAN_POINT ( 'NONE',  ( 169.9999999999999700, -200.0000000000000900, 94.50000000000000000 ) ) ;
#485 = CARTESIAN_POINT ( 'NONE',  ( -189.9999999999997700, -259.9999999999998900, 124.5000000000000000 ) ) ;
#486 =( GEOMETRIC_REPRESENTATION_CONTEXT ( 3 ) GLOBAL_UNCERTAINTY_ASSIGNED_CONTEXT ( ( #3700 ) ) GLOBAL_UNIT_ASSIGNED_CONTEXT ( ( #252, #2875, #3138 ) ) REPRESENTATION_CONTEXT ( 'NONE', 'WORKASPACE' ) );
#487 = CARTESIAN_POINT ( 'NONE',  ( 189.9999999999999400, 2.326828918379970700E-014, 134.5000000000000000 ) ) ;
#488 = VERTEX_POINT ( 'NONE', #3561 ) ;
#489 = DIRECTION ( 'NONE',  ( -0.0000000000000000000, -0.0000000000000000000, 1.000000000000000000 ) ) ;
#490 = UNCERTAINTY_MEASURE_WITH_UNIT (LENGTH_MEASURE( 1.000000000000000100E-005 ), #582, 'distance_accuracy_value', 'NONE');
#491 = EDGE_CURVE ( 'NONE', #2091, #320, #94, .T. ) ;
#492 = CARTESIAN_POINT ( 'NONE',  ( 2.006737434420505100, 178.7539625307735800, 18.76509631446178300 ) ) ;
#493 = AXIS2_PLACEMENT_3D ( 'NONE', #2848, #3376, #1363 ) ;
#494 = DIRECTION ( 'NONE',  ( -0.0000000000000000000, -0.0000000000000000000, 1.000000000000000000 ) ) ;
#495 = DIRECTION ( 'NONE',  ( -0.0000000000000000000, -0.0000000000000000000, 1.000000000000000000 ) ) ;
#496 = DIRECTION ( 'NONE',  ( -0.0000000000000000000, -0.0000000000000000000, 1.000000000000000000 ) ) ;
#497 = VERTEX_POINT ( 'NONE', #1597 ) ;
#498 = CARTESIAN_POINT ( 'NONE',  ( 59.99999999999997900, 7.347880794884116800E-015, 134.0000000000000000 ) ) ;
#499 = CARTESIAN_POINT ( 'NONE',  ( 182.9999999999999700, 169.9999999999999400, 94.50000000000000000 ) ) ;
#500 = EDGE_CURVE ( 'NONE', #3518, #2692, #1065, .T. ) ;
#501 = ORIENTED_EDGE ( 'NONE', *, *, #526, .F. ) ;
#502 = DIRECTION ( 'NONE',  ( -0.0000000000000000000, -0.0000000000000000000, 1.000000000000000000 ) ) ;
#503 = CARTESIAN_POINT ( 'NONE',  ( -76.99999999999998600, 0.0000000000000000000, 147.0000000000000300 ) ) ;
#504 = EDGE_CURVE ( 'NONE', #651, #3216, #3241, .T. ) ;
#505 = DIRECTION ( 'NONE',  ( 1.000000000000000000, 0.0000000000000000000, 0.0000000000000000000 ) ) ;
#506 = LINE ( 'NONE', #1315, #1121 ) ;
#507 = ORIENTED_EDGE ( 'NONE', *, *, #1959, .T. ) ;
#508 = DIRECTION ( 'NONE',  ( 1.000000000000000000, 0.0000000000000000000, 0.0000000000000000000 ) ) ;
#509 = CARTESIAN_POINT ( 'NONE',  ( -2.833537665388052000, -122.4754180789085000, 20.35109639903875200 ) ) ;
#510 = VERTEX_POINT ( 'NONE', #1271 ) ;
#511 = AXIS2_PLACEMENT_3D ( 'NONE', #3442, #333, #1573 ) ;
#512 = FACE_OUTER_BOUND ( 'NONE', #535, .T. ) ;
#513 = DIRECTION ( 'NONE',  ( 1.000000000000000000, 0.0000000000000000000, 0.0000000000000000000 ) ) ;
#514 = VERTEX_POINT ( 'NONE', #688 ) ;
#515 = EDGE_CURVE ( 'NONE', #1894, #2422, #2497, .T. ) ;
#516 = CARTESIAN_POINT ( 'NONE',  ( -2.499999999999990200, -67.50000000000000000, 147.0000000000000300 ) ) ;
#517 = AXIS2_PLACEMENT_3D ( 'NONE', #2315, #257, #513 ) ;
#518 = VERTEX_POINT ( 'NONE', #3276 ) ;
#519 = ORIENTED_EDGE ( 'NONE', *, *, #1694, .F. ) ;
#520 = ORIENTED_EDGE ( 'NONE', *, *, #1507, .F. ) ;
#521 = DIRECTION ( 'NONE',  ( -1.000000000000000000, 0.0000000000000000000, 0.0000000000000000000 ) ) ;
#522 = CARTESIAN_POINT ( 'NONE',  ( -2.499999999999948500, 180.0000000000000000, 170.5000000000000000 ) ) ;
#523 = DIRECTION ( 'NONE',  ( -1.000000000000000000, 0.0000000000000000000, 0.0000000000000000000 ) ) ;
#524 = DIRECTION ( 'NONE',  ( -0.0000000000000000000, -0.0000000000000000000, 1.000000000000000000 ) ) ;
#525 = CIRCLE ( 'NONE', #589, 12.99999999999998400 ) ;
#526 = EDGE_CURVE ( 'NONE', #1153, #1859, #1111, .T. ) ;
#527 = CARTESIAN_POINT ( 'NONE',  ( 67.50000000000000000, 0.0000000000000000000, 147.0000000000000300 ) ) ;
#528 = DIRECTION ( 'NONE',  ( 0.0000000000000000000, 0.0000000000000000000, 1.000000000000000000 ) ) ;
#529 = CIRCLE ( 'NONE', #2070, 4.249999999999995600 ) ;
#530 = CYLINDRICAL_SURFACE ( 'NONE', #1564, 144.9999999999999700 ) ;
#531 = CARTESIAN_POINT ( 'NONE',  ( 4.164928747774379500E-015, 178.3847763108503000, 18.38477631085028500 ) ) ;
#532 =( NAMED_UNIT ( * ) PLANE_ANGLE_UNIT ( ) SI_UNIT ( $, .RADIAN. ) );
#533 = SURFACE_SIDE_STYLE ('',( #26 ) ) ;
#534 = AXIS2_PLACEMENT_3D ( 'NONE', #2861, #1977, #505 ) ;
#535 = EDGE_LOOP ( 'NONE', ( #1502, #267, #2971, #1156 ) ) ;
#536 = DIRECTION ( 'NONE',  ( -1.000000000000000000, 0.0000000000000000000, 0.0000000000000000000 ) ) ;
#537 = CARTESIAN_POINT ( 'NONE',  ( -220.0000000000000000, -229.9999999999997200, 124.5000000000000000 ) ) ;
#538 = DIRECTION ( 'NONE',  ( 0.0000000000000000000, 0.0000000000000000000, -1.000000000000000000 ) ) ;
#539 = CARTESIAN_POINT ( 'NONE',  ( 1.416140093904477900, 122.4999999999999700, 21.20275481738385200 ) ) ;
#540 = AXIS2_PLACEMENT_3D ( 'NONE', #2308, #3239, #554 ) ;
#541 = CIRCLE ( 'NONE', #2346, 12.99999999999998400 ) ;
#542 = CARTESIAN_POINT ( 'NONE',  ( 0.0000000000000000000, 122.4999999999999900, 19.50000000000000000 ) ) ;
#543 = DIRECTION ( 'NONE',  ( -0.8571673007021138900, 1.049727191138620700E-016, 0.5150380749100514900 ) ) ;
#544 =( GEOMETRIC_REPRESENTATION_CONTEXT ( 3 ) GLOBAL_UNCERTAINTY_ASSIGNED_CONTEXT ( ( #677 ) ) GLOBAL_UNIT_ASSIGNED_CONTEXT ( ( #587, #532, #2568 ) ) REPRESENTATION_CONTEXT ( 'NONE', 'WORKASPACE' ) );
#545 = ORIENTED_EDGE ( 'NONE', *, *, #1758, .T. ) ;
#546 = CARTESIAN_POINT ( 'NONE',  ( -54.99999999999997900, 0.0000000000000000000, 0.0000000000000000000 ) ) ;
#547 = SURFACE_STYLE_FILL_AREA ( #64 ) ;
#548 = DIRECTION ( 'NONE',  ( -1.000000000000000000, 0.0000000000000000000, 0.0000000000000000000 ) ) ;
#549 = LINE ( 'NONE', #2021, #3101 ) ;
#550 = DIRECTION ( 'NONE',  ( -0.8571673007021147800, 1.049727191138621700E-016, 0.5150380749100501600 ) ) ;
#551 =( LENGTH_UNIT ( ) NAMED_UNIT ( * ) SI_UNIT ( .MILLI., .METRE. ) );
#552 = DIRECTION ( 'NONE',  ( -1.000000000000000000, 0.0000000000000000000, 0.0000000000000000000 ) ) ;
#553 = ADVANCED_FACE ( 'NONE', ( #1014 ), #3533, .F. ) ;
#554 = DIRECTION ( 'NONE',  ( -1.000000000000000000, 0.0000000000000000000, 0.0000000000000000000 ) ) ;
#555 = ORIENTED_EDGE ( 'NONE', *, *, #1033, .T. ) ;
#556 = CYLINDRICAL_SURFACE ( 'NONE', #3744, 30.00000000000000000 ) ;
#557 = COLOUR_RGB ( '',0.2000000000000000100, 0.2000000000000000100, 0.2000000000000000100 ) ;
#558 = ORIENTED_EDGE ( 'NONE', *, *, #1647, .F. ) ;
#559 = DIRECTION ( 'NONE',  ( -0.0000000000000000000, -0.0000000000000000000, -1.000000000000000000 ) ) ;
#560 = AXIS2_PLACEMENT_3D ( 'NONE', #1668, #468, #1066 ) ;
#561 = ORIENTED_EDGE ( 'NONE', *, *, #1534, .F. ) ;
#562 = CARTESIAN_POINT ( 'NONE',  ( -170.0000000000000300, -200.0000000000000300, 94.50000000000000000 ) ) ;
#563 = EDGE_LOOP ( 'NONE', ( #875, #1776, #979, #2519 ) ) ;
#564 = ORIENTED_EDGE ( 'NONE', *, *, #3041, .F. ) ;
#565 = PLANE ( 'NONE',  #3315 ) ;
#566 = ORIENTED_EDGE ( 'NONE', *, *, #3347, .T. ) ;
#567 = EDGE_CURVE ( 'NONE', #3382, #1441, #2638, .T. ) ;
#568 = CARTESIAN_POINT ( 'NONE',  ( -189.9999999999997700, -259.9999999999998900, 94.50000000000000000 ) ) ;
#569 = ORIENTED_EDGE ( 'NONE', *, *, #228, .T. ) ;
#570 = STYLED_ITEM ( 'NONE', ( #2966 ), #3283 ) ;
#571 = DIRECTION ( 'NONE',  ( -0.0000000000000000000, -0.0000000000000000000, -1.000000000000000000 ) ) ;
#572 = ORIENTED_EDGE ( 'NONE', *, *, #1330, .F. ) ;
#573 = ADVANCED_FACE ( 'NONE', ( #3404 ), #861, .F. ) ;
#574 = EDGE_CURVE ( 'NONE', #394, #59, #2275, .T. ) ;
#575 = PRESENTATION_STYLE_ASSIGNMENT (( #3729 ) ) ;
#576 = CARTESIAN_POINT ( 'NONE',  ( -4.249999999999996400, -122.4999999999999900, 0.9262976817621537700 ) ) ;
#577 = DIRECTION ( 'NONE',  ( 1.000000000000000000, 0.0000000000000000000, 0.0000000000000000000 ) ) ;
#578 = CARTESIAN_POINT ( 'NONE',  ( -3.796684095417418400, 180.2839685359484500, 20.32391645605983800 ) ) ;
#579 = CYLINDRICAL_SURFACE ( 'NONE', #3410, 2.500000000000002200 ) ;
#580 = EDGE_LOOP ( 'NONE', ( #1976, #569, #3592 ) ) ;
#581 = AXIS2_PLACEMENT_3D ( 'NONE', #2812, #3128, #1117 ) ;
#582 =( LENGTH_UNIT ( ) NAMED_UNIT ( * ) SI_UNIT ( .MILLI., .METRE. ) );
#583 = DIRECTION ( 'NONE',  ( -0.8571673007021147800, 1.049727191138621700E-016, 0.5150380749100501600 ) ) ;
#584 = VECTOR ( 'NONE', #3473, 1000.000000000000000 ) ;
#585 = ORIENTED_EDGE ( 'NONE', *, *, #1837, .F. ) ;
#586 =( LENGTH_UNIT ( ) NAMED_UNIT ( * ) SI_UNIT ( .MILLI., .METRE. ) );
#587 =( LENGTH_UNIT ( ) NAMED_UNIT ( * ) SI_UNIT ( .MILLI., .METRE. ) );
#588 = CARTESIAN_POINT ( 'NONE',  ( 158.3845726811991600, 89.99999999999970200, 170.5000000000000000 ) ) ;
#589 = AXIS2_PLACEMENT_3D ( 'NONE', #3155, #1429, #1410 ) ;
#590 = SURFACE_SIDE_STYLE ('',( #1665 ) ) ;
#591 = CARTESIAN_POINT ( 'NONE',  ( -3.471658563729046700, 179.7794973542048600, 19.81295814940903800 ) ) ;
#592 = LINE ( 'NONE', #1543, #2724 ) ;
#593 = MECHANICAL_DESIGN_GEOMETRIC_PRESENTATION_REPRESENTATION (  '', ( #1663 ), #2806 ) ;
#594 = ADVANCED_FACE ( 'NONE', ( #2451 ), #3755, .F. ) ;
#595 = DIRECTION ( 'NONE',  ( -0.0000000000000000000, -0.0000000000000000000, -1.000000000000000000 ) ) ;
#596 = CARTESIAN_POINT ( 'NONE',  ( 3.348481217076198800, 122.4542846460223600, 76.85938305093779400 ) ) ;
#597 = CARTESIAN_POINT ( 'NONE',  ( -153.3845726811992200, 89.99999999999955900, 137.5000000000000000 ) ) ;
#598 = EDGE_LOOP ( 'NONE', ( #1910, #7, #1181, #1343 ) ) ;
#599 = EDGE_CURVE ( 'NONE', #2964, #3470, #2149, .T. ) ;
#600 = DIRECTION ( 'NONE',  ( -1.000000000000000000, 0.0000000000000000000, 0.0000000000000000000 ) ) ;
#601 = CARTESIAN_POINT ( 'NONE',  ( 0.0000000000000000000, 122.4999999999999900, 0.0000000000000000000 ) ) ;
#602 = EDGE_CURVE ( 'NONE', #1816, #3012, #1106, .T. ) ;
#603 = CARTESIAN_POINT ( 'NONE',  ( 0.0000000000000000000, 0.0000000000000000000, 128.0000000000000300 ) ) ;
#604 = CIRCLE ( 'NONE', #3064, 122.4999999999999700 ) ;
#605 = ORIENTED_EDGE ( 'NONE', *, *, #158, .F. ) ;
#606 = CARTESIAN_POINT ( 'NONE',  ( 2.052561381928293700, 122.4830823941073700, 84.81623402221997300 ) ) ;
#607 = ORIENTED_EDGE ( 'NONE', *, *, #1262, .F. ) ;
#608 = AXIS2_PLACEMENT_3D ( 'NONE', #2718, #180, #3305 ) ;
#609 = UNCERTAINTY_MEASURE_WITH_UNIT (LENGTH_MEASURE( 1.000000000000000100E-005 ), #3367, 'distance_accuracy_value', 'NONE');
#610 = VERTEX_POINT ( 'NONE', #3375 ) ;
#611 = FACE_OUTER_BOUND ( 'NONE', #905, .T. ) ;
#612 = CARTESIAN_POINT ( 'NONE',  ( 0.0000000000000000000, 0.0000000000000000000, 134.5000000000000000 ) ) ;
#613 = STYLED_ITEM ( 'NONE', ( #2907 ), #1832 ) ;
#614 = DIRECTION ( 'NONE',  ( -1.000000000000000000, 0.0000000000000000000, 0.0000000000000000000 ) ) ;
#615 = ORIENTED_EDGE ( 'NONE', *, *, #2787, .F. ) ;
#616 = CIRCLE ( 'NONE', #348, 30.00000000000000000 ) ;
#617 = DIRECTION ( 'NONE',  ( 0.8571673007021116700, 1.049727191138617800E-016, -0.5150380749100552700 ) ) ;
#618 = STYLED_ITEM ( 'NONE', ( #3716 ), #3663 ) ;
#619 = FACE_OUTER_BOUND ( 'NONE', #966, .T. ) ;
#620 = COLOUR_RGB ( '',0.2000000000000000100, 0.2000000000000000100, 0.2000000000000000100 ) ;
#621 = VERTEX_POINT ( 'NONE', #2788 ) ;
#622 =( NAMED_UNIT ( * ) SI_UNIT ( $, .STERADIAN. ) SOLID_ANGLE_UNIT ( ) );
#623 = LINE ( 'NONE', #2547, #3134 ) ;
#624 = ORIENTED_EDGE ( 'NONE', *, *, #1579, .T. ) ;
#625 = EDGE_CURVE ( 'NONE', #3518, #1441, #2365, .T. ) ;
#626 = CARTESIAN_POINT ( 'NONE',  ( 0.0000000000000000000, 122.4999999999999900, 19.50000000000000000 ) ) ;
#627 = DIRECTION ( 'NONE',  ( -0.0000000000000000000, -0.0000000000000000000, 1.000000000000000000 ) ) ;
#628 = CARTESIAN_POINT ( 'NONE',  ( -190.0000000000000000, 190.0000000000000300, 124.5000000000000000 ) ) ;
#629 = COLOUR_RGB ( '',0.2000000000000000100, 0.2000000000000000100, 0.2000000000000000100 ) ;
#630 = ADVANCED_FACE ( 'NONE', ( #34 ), #2232, .F. ) ;
#631 = EDGE_CURVE ( 'NONE', #3117, #3673, #1966, .T. ) ;
#632 = B_SPLINE_CURVE_WITH_KNOTS ( 'NONE', 3,
 ( #2539, #1057, #1354, #3354 ),
 .UNSPECIFIED., .F., .F.,
 ( 4, 4 ),
 ( 0.001317158202891770600, 0.001421087080208589700 ),
 .UNSPECIFIED. ) ;
#633 = CARTESIAN_POINT ( 'NONE',  ( -2.907177025482955200, 122.4656086217992600, 83.86310566673769500 ) ) ;
#634 = ORIENTED_EDGE ( 'NONE', *, *, #1109, .T. ) ;
#635 = CONICAL_SURFACE ( 'NONE', #1592, 2.500000000000002200, 1.029744258676659200 ) ;
#636 = SURFACE_STYLE_USAGE ( .BOTH. , #3230 ) ;
#637 = AXIS2_PLACEMENT_3D ( 'NONE', #1726, #253, #536 ) ;
#638 = FILL_AREA_STYLE_COLOUR ( '', #1353 ) ;
#639 = CARTESIAN_POINT ( 'NONE',  ( -4.146918806383180100, -123.4303571428572200, 4.274382170203848200E-016 ) ) ;
#640 = EDGE_CURVE ( 'NONE', #1662, #2612, #2954, .T. ) ;
#641 = ORIENTED_EDGE ( 'NONE', *, *, #139, .T. ) ;
#642 = CONICAL_SURFACE ( 'NONE', #2925, 2.500000000000002200, 1.029744258676659200 ) ;
#643 = VERTEX_POINT ( 'NONE', #2482 ) ;
#644 = FACE_OUTER_BOUND ( 'NONE', #3579, .T. ) ;
#645 = DIRECTION ( 'NONE',  ( -0.0000000000000000000, -0.0000000000000000000, -1.000000000000000000 ) ) ;
#646 = CARTESIAN_POINT ( 'NONE',  ( -170.0000000000000300, 170.0000000000000000, 94.50000000000000000 ) ) ;
#647 = EDGE_CURVE ( 'NONE', #3352, #3072, #3710, .T. ) ;
#648 = ORIENTED_EDGE ( 'NONE', *, *, #2080, .T. ) ;
#649 = ADVANCED_FACE ( 'NONE', ( #3091 ), #2859, .T. ) ;
#650 = CARTESIAN_POINT ( 'NONE',  ( 0.0000000000000000000, 0.0000000000000000000, 94.50000000000000000 ) ) ;
#651 = VERTEX_POINT ( 'NONE', #3063 ) ;
#652 = CARTESIAN_POINT ( 'NONE',  ( -1.036127799665515400, 183.9499238083500400, 23.95266427784314800 ) ) ;
#653 = CARTESIAN_POINT ( 'NONE',  ( -4.216221515353539400, -123.1214513539685800, 0.3064045274401304100 ) ) ;
#654 = EDGE_CURVE ( 'NONE', #215, #126, #2992, .T. ) ;
#655 = DIRECTION ( 'NONE',  ( 1.000000000000000000, 0.0000000000000000000, 0.0000000000000000000 ) ) ;
#656 = ORIENTED_EDGE ( 'NONE', *, *, #2501, .T. ) ;
#657 = AXIS2_PLACEMENT_3D ( 'NONE', #2616, #595, #3452 ) ;
#658 = CARTESIAN_POINT ( 'NONE',  ( -3.629325285739044100, 122.4463200673169900, 82.44886668255495000 ) ) ;
#659 = VERTEX_POINT ( 'NONE', #1063 ) ;
#660 = DIRECTION ( 'NONE',  ( 1.000000000000000000, -0.0000000000000000000, 0.0000000000000000000 ) ) ;
#661 = ORIENTED_EDGE ( 'NONE', *, *, #3018, .F. ) ;
#662 = ORIENTED_EDGE ( 'NONE', *, *, #673, .F. ) ;
#663 = CIRCLE ( 'NONE', #3, 122.4999999999999700 ) ;
#664 = AXIS2_PLACEMENT_3D ( 'NONE', #786, #3156, #3424 ) ;
#665 = ORIENTED_EDGE ( 'NONE', *, *, #2210, .F. ) ;
#666 = FACE_OUTER_BOUND ( 'NONE', #990, .T. ) ;
#667 = ADVANCED_FACE ( 'NONE', ( #3140 ), #2234, .T. ) ;
#668 = EDGE_CURVE ( 'NONE', #3047, #518, #2191, .T. ) ;
#669 = ORIENTED_EDGE ( 'NONE', *, *, #2811, .F. ) ;
#670 = PLANE ( 'NONE',  #2729 ) ;
#671 =( NAMED_UNIT ( * ) SI_UNIT ( $, .STERADIAN. ) SOLID_ANGLE_UNIT ( ) );
#672 = ORIENTED_EDGE ( 'NONE', *, *, #717, .F. ) ;
#673 = EDGE_CURVE ( 'NONE', #3229, #3642, #3188, .T. ) ;
#674 = DIRECTION ( 'NONE',  ( -0.0000000000000000000, -0.0000000000000000000, 1.000000000000000000 ) ) ;
#675 = VECTOR ( 'NONE', #426, 1000.000000000000000 ) ;
#676 = EDGE_LOOP ( 'NONE', ( #1482, #920 ) ) ;
#677 = UNCERTAINTY_MEASURE_WITH_UNIT (LENGTH_MEASURE( 1.000000000000000100E-005 ), #587, 'distance_accuracy_value', 'NONE');
#678 = DIRECTION ( 'NONE',  ( -0.8571673007021116700, 0.0000000000000000000, -0.5150380749100552700 ) ) ;
#679 = AXIS2_PLACEMENT_3D ( 'NONE', #2886, #1195, #1747 ) ;
#680 = ORIENTED_EDGE ( 'NONE', *, *, #2581, .T. ) ;
#681 = CARTESIAN_POINT ( 'NONE',  ( 4.249999999999996400, 122.4999999999999900, 0.9262976817621537700 ) ) ;
#682 = VECTOR ( 'NONE', #2384, 1000.000000000000000 ) ;
#683 = ORIENTED_EDGE ( 'NONE', *, *, #3116, .F. ) ;
#684 = ORIENTED_EDGE ( 'NONE', *, *, #1262, .T. ) ;
#685 = AXIS2_PLACEMENT_3D ( 'NONE', #3678, #1992, #751 ) ;
#686 = ADVANCED_FACE ( 'NONE', ( #402 ), #1788, .F. ) ;
#687 = ORIENTED_EDGE ( 'NONE', *, *, #1112, .F. ) ;
#688 = CARTESIAN_POINT ( 'NONE',  ( -4.041861414354959000E-015, -67.50000000000000000, 130.4978484524311300 ) ) ;
#689 = DIRECTION ( 'NONE',  ( -1.000000000000000000, 0.0000000000000000000, 0.0000000000000000000 ) ) ;
#690 = CARTESIAN_POINT ( 'NONE',  ( -8.450589891285433800E-015, -180.0000000000000300, 135.9978484524311300 ) ) ;
#691 = EDGE_CURVE ( 'NONE', #2680, #3258, #102, .T. ) ;
#692 = PRESENTATION_LAYER_ASSIGNMENT (  '', '', ( #3531 ) ) ;
#693 = VERTEX_POINT ( 'NONE', #1413 ) ;
#694 = ORIENTED_EDGE ( 'NONE', *, *, #3074, .T. ) ;
#695 = FILL_AREA_STYLE_COLOUR ( '', #629 ) ;
#696 = CARTESIAN_POINT ( 'NONE',  ( -170.0000000000000300, -200.0000000000000300, 124.5000000000000000 ) ) ;
#697 = CARTESIAN_POINT ( 'NONE',  ( 155.8845726811991600, 89.99999999999970200, 137.5000000000000000 ) ) ;
#698 = DIRECTION ( 'NONE',  ( 1.000000000000000000, 0.0000000000000000000, 0.0000000000000000000 ) ) ;
#699 = EDGE_CURVE ( 'NONE', #2459, #1933, #3440, .T. ) ;
#700 = LINE ( 'NONE', #2986, #150 ) ;
#701 = DIRECTION ( 'NONE',  ( -0.0000000000000000000, -0.0000000000000000000, -1.000000000000000000 ) ) ;
#702 = FILL_AREA_STYLE ('',( #2775 ) ) ;
#703 = VERTEX_POINT ( 'NONE', #3136 ) ;
#704 = CARTESIAN_POINT ( 'NONE',  ( 4.158645492775586900E-014, 67.50000000000000000, 132.0000000000000000 ) ) ;
#705 = ADVANCED_FACE ( 'NONE', ( #1565 ), #2807, .F. ) ;
#706 = DIRECTION ( 'NONE',  ( 1.000000000000000000, 0.0000000000000000000, 0.0000000000000000000 ) ) ;
#707 = DIRECTION ( 'NONE',  ( -0.0000000000000000000, -0.0000000000000000000, -1.000000000000000000 ) ) ;
#708 = AXIS2_PLACEMENT_3D ( 'NONE', #2000, #2576, #2255 ) ;
#709 = CYLINDRICAL_SURFACE ( 'NONE', #857, 144.9999999999999700 ) ;
#710 = EDGE_CURVE ( 'NONE', #2414, #3465, #3571, .T. ) ;
#711 = AXIS2_PLACEMENT_3D ( 'NONE', #1828, #2419, #52 ) ;
#712 = FACE_OUTER_BOUND ( 'NONE', #2388, .T. ) ;
#713 =( NAMED_UNIT ( * ) PLANE_ANGLE_UNIT ( ) SI_UNIT ( $, .RADIAN. ) );
#714 =( LENGTH_UNIT ( ) NAMED_UNIT ( * ) SI_UNIT ( .MILLI., .METRE. ) );
#715 =( NAMED_UNIT ( * ) SI_UNIT ( $, .STERADIAN. ) SOLID_ANGLE_UNIT ( ) );
#716 = ADVANCED_FACE ( 'NONE', ( #2672 ), #2764, .F. ) ;
#717 = EDGE_CURVE ( 'NONE', #2726, #3275, #3568, .T. ) ;
#718 = ORIENTED_EDGE ( 'NONE', *, *, #1534, .T. ) ;
#719 = DIRECTION ( 'NONE',  ( -1.000000000000000000, 0.0000000000000000000, 0.0000000000000000000 ) ) ;
#720 =( LENGTH_UNIT ( ) NAMED_UNIT ( * ) SI_UNIT ( .MILLI., .METRE. ) );
#721 = CARTESIAN_POINT ( 'NONE',  ( -183.0000000000000300, -200.0000000000000300, 94.50000000000000000 ) ) ;
#722 = CONICAL_SURFACE ( 'NONE', #2160, 4.249999999999995600, 1.029744258676653200 ) ;
#723 = COLOUR_RGB ( '',0.2000000000000000100, 0.2000000000000000100, 0.2000000000000000100 ) ;
#724 = DIRECTION ( 'NONE',  ( 0.8571673007021138900, 0.0000000000000000000, 0.5150380749100514900 ) ) ;
#725 = DIRECTION ( 'NONE',  ( 0.8571673007021138900, 0.0000000000000000000, 0.5150380749100514900 ) ) ;
#726 = MECHANICAL_DESIGN_GEOMETRIC_PRESENTATION_REPRESENTATION (  '', ( #2369 ), #2755 ) ;
#727 = CARTESIAN_POINT ( 'NONE',  ( 155.8845726811991300, -89.99999999999948800, 137.5000000000000000 ) ) ;
#728 = VECTOR ( 'NONE', #4, 1000.000000000000000 ) ;
#729 = ORIENTED_EDGE ( 'NONE', *, *, #2179, .T. ) ;
#730 = CIRCLE ( 'NONE', #2983, 5.000000000000001800 ) ;
#731 = PRESENTATION_STYLE_ASSIGNMENT (( #3186 ) ) ;
#732 = CYLINDRICAL_SURFACE ( 'NONE', #3076, 2.500000000000002200 ) ;
#733 = ORIENTED_EDGE ( 'NONE', *, *, #2145, .T. ) ;
#734 = AXIS2_PLACEMENT_3D ( 'NONE', #1746, #3743, #2042 ) ;
#735 = CIRCLE ( 'NONE', #493, 76.99999999999998600 ) ;
#736 = CARTESIAN_POINT ( 'NONE',  ( 0.0000000000000000000, 0.0000000000000000000, 124.5000000000000000 ) ) ;
#737 = EDGE_LOOP ( 'NONE', ( #2056, #3171, #1636, #2499 ) ) ;
#738 = CARTESIAN_POINT ( 'NONE',  ( 182.9999999999999700, -200.0000000000000900, 94.50000000000000000 ) ) ;
#739 = CARTESIAN_POINT ( 'NONE',  ( -170.0000000000000300, 134.9999999999999700, 124.5000000000000000 ) ) ;
#740 = VECTOR ( 'NONE', #3567, 1000.000000000000000 ) ;
#741 = DIRECTION ( 'NONE',  ( 0.0000000000000000000, 0.0000000000000000000, -1.000000000000000000 ) ) ;
#742 = EDGE_LOOP ( 'NONE', ( #1485, #851, #2267, #3605 ) ) ;
#743 = ORIENTED_EDGE ( 'NONE', *, *, #158, .T. ) ;
#744 = ORIENTED_EDGE ( 'NONE', *, *, #2668, .T. ) ;
#745 = ADVANCED_BREP_SHAPE_REPRESENTATION ( 'Z250A-2-12AÖá³Ð×ù', ( #3663, #2193 ), #279 ) ;
#746 = VECTOR ( 'NONE', #1241, 1000.000000000000000 ) ;
#747 = EDGE_LOOP ( 'NONE', ( #1351, #3548 ) ) ;
#748 =( LENGTH_UNIT ( ) NAMED_UNIT ( * ) SI_UNIT ( .MILLI., .METRE. ) );
#749 =( NAMED_UNIT ( * ) PLANE_ANGLE_UNIT ( ) SI_UNIT ( $, .RADIAN. ) );
#750 = AXIS2_PLACEMENT_3D ( 'NONE', #1154, #2611, #2852 ) ;
#751 = DIRECTION ( 'NONE',  ( -1.000000000000000000, 0.0000000000000000000, 0.0000000000000000000 ) ) ;
#752 = FACE_BOUND ( 'NONE', #1639, .T. ) ;
#753 = CONICAL_SURFACE ( 'NONE', #1784, 2.499999999999994200, 1.029744258676656300 ) ;
#754 = ORIENTED_EDGE ( 'NONE', *, *, #1790, .T. ) ;
#755 = CARTESIAN_POINT ( 'NONE',  ( -144.9999999999999700, 0.0000000000000000000, 0.0000000000000000000 ) ) ;
#756 = DIRECTION ( 'NONE',  ( 0.0000000000000000000, 0.0000000000000000000, -1.000000000000000000 ) ) ;
#757 = CIRCLE ( 'NONE', #637, 94.99999999999997200 ) ;
#758 =( GEOMETRIC_REPRESENTATION_CONTEXT ( 3 ) GLOBAL_UNCERTAINTY_ASSIGNED_CONTEXT ( ( #1022 ) ) GLOBAL_UNIT_ASSIGNED_CONTEXT ( ( #3162, #1434, #216 ) ) REPRESENTATION_CONTEXT ( 'NONE', 'WORKASPACE' ) );
#759 = ORIENTED_EDGE ( 'NONE', *, *, #3260, .T. ) ;
#760 = DIRECTION ( 'NONE',  ( -0.0000000000000000000, -0.0000000000000000000, 1.000000000000000000 ) ) ;
#761 = ORIENTED_EDGE ( 'NONE', *, *, #1330, .T. ) ;
#762 = EDGE_CURVE ( 'NONE', #2209, #610, #1359, .T. ) ;
#763 =( NAMED_UNIT ( * ) SI_UNIT ( $, .STERADIAN. ) SOLID_ANGLE_UNIT ( ) );
#764 = FACE_OUTER_BOUND ( 'NONE', #170, .T. ) ;
#765 = VECTOR ( 'NONE', #2808, 1000.000000000000000 ) ;
#766 = ORIENTED_EDGE ( 'NONE', *, *, #3486, .F. ) ;
#767 = CARTESIAN_POINT ( 'NONE',  ( 4.158645492775586900E-014, 180.0000000000000000, 170.5000000000000000 ) ) ;
#768 = EDGE_CURVE ( 'NONE', #946, #3687, #125, .T. ) ;
#769 = FACE_OUTER_BOUND ( 'NONE', #893, .T. ) ;
#770 = CARTESIAN_POINT ( 'NONE',  ( -2.044902558144202900, 122.4832032231492300, 75.06433537668610300 ) ) ;
#771 = AXIS2_PLACEMENT_3D ( 'NONE', #3487, #2661, #2955 ) ;
#772 = ORIENTED_EDGE ( 'NONE', *, *, #2745, .T. ) ;
#773 = CARTESIAN_POINT ( 'NONE',  ( 2.642174894729249200, 179.0717955557011600, 19.09119212055241000 ) ) ;
#774 = FACE_OUTER_BOUND ( 'NONE', #3438, .T. ) ;
#775 = CARTESIAN_POINT ( 'NONE',  ( -170.0000000000000300, 134.9999999999999700, 94.50000000000000000 ) ) ;
#776 = CARTESIAN_POINT ( 'NONE',  ( -1.416140093904477900, -122.4999999999999700, 21.20275481738385200 ) ) ;
#777 = EDGE_LOOP ( 'NONE', ( #2885, #1582 ) ) ;
#778 = DIRECTION ( 'NONE',  ( -1.000000000000000000, 0.0000000000000000000, 0.0000000000000000000 ) ) ;
#779 = CIRCLE ( 'NONE', #1052, 4.249999999999995600 ) ;
#780 = MECHANICAL_DESIGN_GEOMETRIC_PRESENTATION_REPRESENTATION (  '', ( #3273 ), #3058 ) ;
#781 = CARTESIAN_POINT ( 'NONE',  ( 0.0000000000000000000, 0.0000000000000000000, 0.0000000000000000000 ) ) ;
#782 = VERTEX_POINT ( 'NONE', #278 ) ;
#783 = ORIENTED_EDGE ( 'NONE', *, *, #2869, .F. ) ;
#784 = CYLINDRICAL_SURFACE ( 'NONE', #2789, 2.500000000000002200 ) ;
#785 = DIRECTION ( 'NONE',  ( 0.8571673007021132200, 0.0000000000000000000, 0.5150380749100526000 ) ) ;
#786 = CARTESIAN_POINT ( 'NONE',  ( 0.0000000000000000000, 0.0000000000000000000, 134.5000000000000000 ) ) ;
#787 = AXIS2_PLACEMENT_3D ( 'NONE', #1970, #2264, #3053 ) ;
#788 = LINE ( 'NONE', #485, #107 ) ;
#789 =( LENGTH_UNIT ( ) NAMED_UNIT ( * ) SI_UNIT ( .MILLI., .METRE. ) );
#790 = CARTESIAN_POINT ( 'NONE',  ( -158.3845726811991600, -89.99999999999961600, 170.5000000000000000 ) ) ;
#791 = DIRECTION ( 'NONE',  ( -1.000000000000000000, 0.0000000000000000000, 0.0000000000000000000 ) ) ;
#792 = ADVANCED_FACE ( 'NONE', ( #1649 ), #1423, .F. ) ;
#793 = EDGE_CURVE ( 'NONE', #2011, #1949, #82, .T. ) ;
#794 = PRODUCT ( 'Z250A-2-12AÖá³Ð×ù', 'Z250A-2-12AÖá³Ð×ù', '', ( #2178 ) ) ;
#795 = DIRECTION ( 'NONE',  ( -0.0000000000000000000, -0.0000000000000000000, -1.000000000000000000 ) ) ;
#796 = EDGE_LOOP ( 'NONE', ( #615, #2629 ) ) ;
#797 = ORIENTED_EDGE ( 'NONE', *, *, #574, .F. ) ;
#798 = EDGE_LOOP ( 'NONE', ( #662, #391, #870 ) ) ;
#799 = DIRECTION ( 'NONE',  ( -1.000000000000000000, 0.0000000000000000000, 0.0000000000000000000 ) ) ;
#800 = CARTESIAN_POINT ( 'NONE',  ( 0.6397924581985410300, 122.4986993020546200, 74.32652281690272400 ) ) ;
#801 = CARTESIAN_POINT ( 'NONE',  ( 4.249999999999999100, 122.4754323830586200, 0.9508505264457780500 ) ) ;
#802 = CIRCLE ( 'NONE', #3500, 2.499999999999988500 ) ;
#803 = DIRECTION ( 'NONE',  ( 0.0000000000000000000, 0.0000000000000000000, -1.000000000000000000 ) ) ;
#804 = DIRECTION ( 'NONE',  ( -0.0000000000000000000, -0.0000000000000000000, 1.000000000000000000 ) ) ;
#805 = CARTESIAN_POINT ( 'NONE',  ( -189.9999999999999400, 0.0000000000000000000, 94.50000000000000000 ) ) ;
#806 = AXIS2_PLACEMENT_3D ( 'NONE', #2619, #3454, #1446 ) ;
#807 = CARTESIAN_POINT ( 'NONE',  ( 0.0000000000000000000, 0.0000000000000000000, 4.274382170203848200E-016 ) ) ;
#808 = ORIENTED_EDGE ( 'NONE', *, *, #3046, .F. ) ;
#809 = CARTESIAN_POINT ( 'NONE',  ( -155.8845726811992200, 89.99999999999955900, 170.5000000000000000 ) ) ;
#810 = DIRECTION ( 'NONE',  ( 0.0000000000000000000, 0.0000000000000000000, -1.000000000000000000 ) ) ;
#811 = STYLED_ITEM ( 'NONE', ( #1144 ), #1872 ) ;
#812 = ORIENTED_EDGE ( 'NONE', *, *, #828, .F. ) ;
#813 = CARTESIAN_POINT ( 'NONE',  ( 0.0000000000000000000, 0.0000000000000000000, 30.00000000000000700 ) ) ;
#814 = DIRECTION ( 'NONE',  ( 1.000000000000000000, 0.0000000000000000000, 0.0000000000000000000 ) ) ;
#815 = VERTEX_POINT ( 'NONE', #3202 ) ;
#816 = DIRECTION ( 'NONE',  ( 0.0000000000000000000, 0.0000000000000000000, 1.000000000000000000 ) ) ;
#817 = AXIS2_PLACEMENT_3D ( 'NONE', #2941, #3524, #1810 ) ;
#818 = DIRECTION ( 'NONE',  ( -0.0000000000000000000, -0.0000000000000000000, 1.000000000000000000 ) ) ;
#819 = FACE_OUTER_BOUND ( 'NONE', #373, .T. ) ;
#820 = CARTESIAN_POINT ( 'NONE',  ( 0.0000000000000000000, 0.0000000000000000000, 0.0000000000000000000 ) ) ;
#821 = ORIENTED_EDGE ( 'NONE', *, *, #9, .F. ) ;
#822 = CARTESIAN_POINT ( 'NONE',  ( 0.0000000000000000000, 0.0000000000000000000, 0.0000000000000000000 ) ) ;
#823 = CARTESIAN_POINT ( 'NONE',  ( 144.9999999999999700, 1.775737858763661500E-014, 121.0000000000000100 ) ) ;
#824 = SURFACE_STYLE_USAGE ( .BOTH. , #2276 ) ;
#825 = ORIENTED_EDGE ( 'NONE', *, *, #2549, .F. ) ;
#826 = ORIENTED_EDGE ( 'NONE', *, *, #2751, .T. ) ;
#827 = CARTESIAN_POINT ( 'NONE',  ( -155.8845726811991600, -89.99999999999961600, 137.5000000000000000 ) ) ;
#828 = EDGE_CURVE ( 'NONE', #659, #1039, #438, .T. ) ;
#829 = VECTOR ( 'NONE', #494, 1000.000000000000000 ) ;
#830 = FILL_AREA_STYLE_COLOUR ( '', #1338 ) ;
#831 = CARTESIAN_POINT ( 'NONE',  ( 4.158645492775586900E-014, 67.50000000000000000, 132.0000000000000000 ) ) ;
#832 = DIRECTION ( 'NONE',  ( 1.000000000000000000, 0.0000000000000000000, 0.0000000000000000000 ) ) ;
#833 = DIRECTION ( 'NONE',  ( -1.000000000000000000, 0.0000000000000000000, 0.0000000000000000000 ) ) ;
#834 = ORIENTED_EDGE ( 'NONE', *, *, #3116, .T. ) ;
#835 = FILL_AREA_STYLE_COLOUR ( '', #1212 ) ;
#836 = AXIS2_PLACEMENT_3D ( 'NONE', #1021, #803, #2270 ) ;
#837 = CIRCLE ( 'NONE', #1622, 2.499999999999996900 ) ;
#838 = FILL_AREA_STYLE_COLOUR ( '', #184 ) ;
#839 = ORIENTED_EDGE ( 'NONE', *, *, #500, .F. ) ;
#840 = EDGE_CURVE ( 'NONE', #247, #643, #28, .T. ) ;
#841 = CARTESIAN_POINT ( 'NONE',  ( 0.0000000000000000000, 0.0000000000000000000, 0.0000000000000000000 ) ) ;
#842 = AXIS2_PLACEMENT_3D ( 'NONE', #562, #3192, #2891 ) ;
#843 = DIRECTION ( 'NONE',  ( -0.0000000000000000000, -0.0000000000000000000, -1.000000000000000000 ) ) ;
#844 = CARTESIAN_POINT ( 'NONE',  ( 4.249999999999996400, 122.4999999999999900, 0.0000000000000000000 ) ) ;
#845 = DIRECTION ( 'NONE',  ( -0.8571673007021132200, 1.049727191138619800E-016, 0.5150380749100526000 ) ) ;
#846 = CARTESIAN_POINT ( 'NONE',  ( -157.0000000000000600, 170.0000000000000000, 124.5000000000000000 ) ) ;
#847 = EDGE_CURVE ( 'NONE', #471, #1391, #2362, .T. ) ;
#848 = UNCERTAINTY_MEASURE_WITH_UNIT (LENGTH_MEASURE( 1.000000000000000100E-005 ), #1895, 'distance_accuracy_value', 'NONE');
#849 = DIRECTION ( 'NONE',  ( -1.000000000000000000, 0.0000000000000000000, 0.0000000000000000000 ) ) ;
#850 = CARTESIAN_POINT ( 'NONE',  ( 4.249360504782372600, -122.4262755102040500, 9.750000000000000000 ) ) ;
#851 = ORIENTED_EDGE ( 'NONE', *, *, #2599, .T. ) ;
#852 = CARTESIAN_POINT ( 'NONE',  ( -161.2500000000000300, 134.9999999999999700, 94.50000000000000000 ) ) ;
#853 = CARTESIAN_POINT ( 'NONE',  ( 2.884180197342690400, 122.4661491413826300, 76.02483386676962600 ) ) ;
#854 = CIRCLE ( 'NONE', #3736, 144.9999999999999700 ) ;
#855 = VERTEX_POINT ( 'NONE', #2310 ) ;
#856 = SURFACE_STYLE_FILL_AREA ( #398 ) ;
#857 = AXIS2_PLACEMENT_3D ( 'NONE', #841, #1705, #1097 ) ;
#858 = DIRECTION ( 'NONE',  ( -1.000000000000000000, 0.0000000000000000000, 0.0000000000000000000 ) ) ;
#859 = AXIS2_PLACEMENT_3D ( 'NONE', #827, #2844, #1786 ) ;
#860 = VECTOR ( 'NONE', #2474, 1000.000000000000000 ) ;
#861 = CYLINDRICAL_SURFACE ( 'NONE', #2321, 2.500000000000002200 ) ;
#862 = CARTESIAN_POINT ( 'NONE',  ( 190.0000000000000000, -229.9999999999999400, 94.50000000000000000 ) ) ;
#863 = ADVANCED_FACE ( 'NONE', ( #2404 ), #1610, .F. ) ;
#864 = VERTEX_POINT ( 'NONE', #249 ) ;
#865 = VECTOR ( 'NONE', #1123, 1000.000000000000000 ) ;
#866 =( LENGTH_UNIT ( ) NAMED_UNIT ( * ) SI_UNIT ( .MILLI., .METRE. ) );
#867 = CARTESIAN_POINT ( 'NONE',  ( -170.0000000000000300, 170.0000000000000000, 94.50000000000000000 ) ) ;
#868 = VECTOR ( 'NONE', #2430, 1000.000000000000000 ) ;
#869 = SURFACE_SIDE_STYLE ('',( #2317 ) ) ;
#870 = ORIENTED_EDGE ( 'NONE', *, *, #2363, .T. ) ;
#871 = DIRECTION ( 'NONE',  ( -1.000000000000000000, 0.0000000000000000000, 0.0000000000000000000 ) ) ;
#872 = EDGE_CURVE ( 'NONE', #2827, #2502, #3232, .T. ) ;
#873 = ORIENTED_EDGE ( 'NONE', *, *, #2041, .F. ) ;
#874 = DIRECTION ( 'NONE',  ( 1.000000000000000000, 0.0000000000000000000, 0.0000000000000000000 ) ) ;
#875 = ORIENTED_EDGE ( 'NONE', *, *, #934, .F. ) ;
#876 = CARTESIAN_POINT ( 'NONE',  ( -59.99999999999997900, 0.0000000000000000000, 147.0000000000000300 ) ) ;
#877 = CARTESIAN_POINT ( 'NONE',  ( -3.974381943029664700, 180.8219256343788300, 20.86559175462010900 ) ) ;
#878 = CYLINDRICAL_SURFACE ( 'NONE', #1102, 8.749999999999980500 ) ;
#879 = LINE ( 'NONE', #2800, #3411 ) ;
#880 = EDGE_LOOP ( 'NONE', ( #873, #1654, #62, #2814 ) ) ;
#881 = CARTESIAN_POINT ( 'NONE',  ( -160.0000000000000900, 1.959434878635766500E-014, 8.548764340407696400E-016 ) ) ;
#882 =( NAMED_UNIT ( * ) PLANE_ANGLE_UNIT ( ) SI_UNIT ( $, .RADIAN. ) );
#883 = ORIENTED_EDGE ( 'NONE', *, *, #1172, .T. ) ;
#884 = AXIS2_PLACEMENT_3D ( 'NONE', #2427, #1385, #3645 ) ;
#885 = DIRECTION ( 'NONE',  ( 1.000000000000000000, 0.0000000000000000000, 0.0000000000000000000 ) ) ;
#886 =( LENGTH_UNIT ( ) NAMED_UNIT ( * ) SI_UNIT ( .MILLI., .METRE. ) );
#887 = ORIENTED_EDGE ( 'NONE', *, *, #164, .F. ) ;
#888 = ADVANCED_FACE ( 'NONE', ( #1824 ), #1957, .T. ) ;
#889 = ORIENTED_EDGE ( 'NONE', *, *, #1959, .F. ) ;
#890 = CARTESIAN_POINT ( 'NONE',  ( -2.499999999999996900, -67.50000000000000000, 132.0000000000000000 ) ) ;
#891 = AXIS2_PLACEMENT_3D ( 'NONE', #1401, #3634, #1688 ) ;
#892 = DIRECTION ( 'NONE',  ( -0.0000000000000000000, -0.0000000000000000000, -1.000000000000000000 ) ) ;
#893 = EDGE_LOOP ( 'NONE', ( #2111, #2551, #1408, #2785 ) ) ;
#894 = ORIENTED_EDGE ( 'NONE', *, *, #181, .T. ) ;
#895 = EDGE_CURVE ( 'NONE', #3684, #3544, #77, .T. ) ;
#896 = FACE_OUTER_BOUND ( 'NONE', #3378, .T. ) ;
#897 = SURFACE_SIDE_STYLE ('',( #1293 ) ) ;
#898 =( GEOMETRIC_REPRESENTATION_CONTEXT ( 3 ) GLOBAL_UNCERTAINTY_ASSIGNED_CONTEXT ( ( #230 ) ) GLOBAL_UNIT_ASSIGNED_CONTEXT ( ( #2345, #356, #301 ) ) REPRESENTATION_CONTEXT ( 'NONE', 'WORKASPACE' ) );
#899 = CARTESIAN_POINT ( 'NONE',  ( -2.499999999999955600, 67.50000000000000000, 132.0000000000000000 ) ) ;
#900 = CARTESIAN_POINT ( 'NONE',  ( 70.00000000000000000, 0.0000000000000000000, 147.0000000000000300 ) ) ;
#901 = UNCERTAINTY_MEASURE_WITH_UNIT (LENGTH_MEASURE( 1.000000000000000100E-005 ), #2409, 'distance_accuracy_value', 'NONE');
#902 = EDGE_CURVE ( 'NONE', #2215, #2778, #529, .T. ) ;
#903 = LINE ( 'NONE', #1684, #1092 ) ;
#904 = CARTESIAN_POINT ( 'NONE',  ( -2.499999999999950700, 180.0000000000000000, 170.5000000000000000 ) ) ;
#905 = EDGE_LOOP ( 'NONE', ( #2127, #907, #744, #1733 ) ) ;
#906 = CARTESIAN_POINT ( 'NONE',  ( 169.9999999999999700, 169.9999999999999400, 94.50000000000000000 ) ) ;
#907 = ORIENTED_EDGE ( 'NONE', *, *, #3608, .F. ) ;
#908 = ADVANCED_FACE ( 'NONE', ( #712 ), #3612, .F. ) ;
#909 = EDGE_CURVE ( 'NONE', #3189, #2996, #351, .T. ) ;
#910 = CARTESIAN_POINT ( 'NONE',  ( -4.249999999999995600, 122.4999999999999900, 19.50000000000000000 ) ) ;
#911 = DIRECTION ( 'NONE',  ( -1.224646799147353200E-016, 1.000000000000000000, 0.0000000000000000000 ) ) ;
#912 = CARTESIAN_POINT ( 'NONE',  ( 2.074119689255876100E-014, 122.4999999999999700, 85.58326112068512300 ) ) ;
#913 = CARTESIAN_POINT ( 'NONE',  ( 0.0000000000000000000, -122.4999999999999900, 19.50000000000000000 ) ) ;
#914 = AXIS2_PLACEMENT_3D ( 'NONE', #3323, #432, #3577 ) ;
#915 = FILL_AREA_STYLE_COLOUR ( '', #3669 ) ;
#916 =( LENGTH_UNIT ( ) NAMED_UNIT ( * ) SI_UNIT ( .MILLI., .METRE. ) );
#917 = CARTESIAN_POINT ( 'NONE',  ( 0.0000000000000000000, -180.0000000000000300, 170.5000000000000000 ) ) ;
#918 = VECTOR ( 'NONE', #2168, 1000.000000000000000 ) ;
#919 = EDGE_CURVE ( 'NONE', #1762, #1361, #2203, .T. ) ;
#920 = ORIENTED_EDGE ( 'NONE', *, *, #2034, .F. ) ;
#921 = STYLED_ITEM ( 'NONE', ( #2240 ), #3302 ) ;
#922 = ORIENTED_EDGE ( 'NONE', *, *, #3351, .T. ) ;
#923 = UNCERTAINTY_MEASURE_WITH_UNIT (LENGTH_MEASURE( 1.000000000000000100E-005 ), #3674, 'distance_accuracy_value', 'NONE');
#924 = SURFACE_SIDE_STYLE ('',( #2669 ) ) ;
#925 = VERTEX_POINT ( 'NONE', #1372 ) ;
#926 = DIRECTION ( 'NONE',  ( -0.0000000000000000000, -0.0000000000000000000, -1.000000000000000000 ) ) ;
#927 = EDGE_CURVE ( 'NONE', #3229, #1435, #954, .T. ) ;
#928 = FACE_OUTER_BOUND ( 'NONE', #3056, .T. ) ;
#929 = ADVANCED_FACE ( 'NONE', ( #208 ), #3175, .F. ) ;
#930 = FACE_OUTER_BOUND ( 'NONE', #1004, .T. ) ;
#931 = CIRCLE ( 'NONE', #308, 12.99999999999998400 ) ;
#932 =( NAMED_UNIT ( * ) SI_UNIT ( $, .STERADIAN. ) SOLID_ANGLE_UNIT ( ) );
#933 = CARTESIAN_POINT ( 'NONE',  ( 0.0000000000000000000, 0.0000000000000000000, 94.50000000000000000 ) ) ;
#934 = EDGE_CURVE ( 'NONE', #424, #651, #2536, .T. ) ;
#935 = CARTESIAN_POINT ( 'NONE',  ( -189.9999999999997700, 220.0000000000000300, 94.50000000000000000 ) ) ;
#936 = ORIENTED_EDGE ( 'NONE', *, *, #2599, .F. ) ;
#937 = CARTESIAN_POINT ( 'NONE',  ( 59.99999999999997900, 7.347880794884116800E-015, 0.0000000000000000000 ) ) ;
#938 = AXIS2_PLACEMENT_3D ( 'NONE', #2223, #2189, #1666 ) ;
#939 = CARTESIAN_POINT ( 'NONE',  ( -1.924518984773104100, 122.4849520095853300, 84.90488131541899000 ) ) ;
#940 = DIRECTION ( 'NONE',  ( 0.0000000000000000000, 0.0000000000000000000, 1.000000000000000000 ) ) ;
#941 = PRESENTATION_STYLE_ASSIGNMENT (( #3542 ) ) ;
#942 = EDGE_LOOP ( 'NONE', ( #1704, #1176, #2259 ) ) ;
#943 = AXIS2_PLACEMENT_3D ( 'NONE', #2356, #911, #2320 ) ;
#944 =( NAMED_UNIT ( * ) PLANE_ANGLE_UNIT ( ) SI_UNIT ( $, .RADIAN. ) );
#945 = DIRECTION ( 'NONE',  ( -1.000000000000000000, 0.0000000000000000000, 0.0000000000000000000 ) ) ;
#946 = VERTEX_POINT ( 'NONE', #475 ) ;
#947 = ADVANCED_FACE ( 'NONE', ( #1516 ), #2710, .F. ) ;
#948 = ORIENTED_EDGE ( 'NONE', *, *, #1455, .F. ) ;
#949 = CARTESIAN_POINT ( 'NONE',  ( 4.249999999999995600, 122.4999999999999900, 19.50000000000000000 ) ) ;
#950 = PRESENTATION_LAYER_ASSIGNMENT (  '', '', ( #618 ) ) ;
#951 = ORIENTED_EDGE ( 'NONE', *, *, #377, .F. ) ;
#952 = CARTESIAN_POINT ( 'NONE',  ( -2.718681263532559500, 122.4700110570542600, 84.12354908414170000 ) ) ;
#953 = DIRECTION ( 'NONE',  ( 0.0000000000000000000, 0.0000000000000000000, 1.000000000000000000 ) ) ;
#954 = LINE ( 'NONE', #2438, #3525 ) ;
#955 = CIRCLE ( 'NONE', #685, 30.00000000000000000 ) ;
#956 = EDGE_CURVE ( 'NONE', #1391, #314, #1238, .T. ) ;
#957 = LINE ( 'NONE', #1868, #2316 ) ;
#958 = CARTESIAN_POINT ( 'NONE',  ( -155.8845726811991600, -89.99999999999961600, 170.5000000000000000 ) ) ;
#959 = CARTESIAN_POINT ( 'NONE',  ( -189.9999999999997700, 220.0000000000000300, 94.50000000000000000 ) ) ;
#960 = CARTESIAN_POINT ( 'NONE',  ( 0.0000000000000000000, -122.4999999999999900, 0.0000000000000000000 ) ) ;
#961 = ORIENTED_EDGE ( 'NONE', *, *, #2549, .T. ) ;
#962 = AXIS2_PLACEMENT_3D ( 'NONE', #2754, #3324, #1617 ) ;
#963 = FACE_OUTER_BOUND ( 'NONE', #3213, .T. ) ;
#964 = MECHANICAL_DESIGN_GEOMETRIC_PRESENTATION_REPRESENTATION (  '', ( #2253 ), #3234 ) ;
#965 = ADVANCED_FACE ( 'NONE', ( #2851 ), #1780, .F. ) ;
#966 = EDGE_LOOP ( 'NONE', ( #1667, #3178 ) ) ;
#967 = COLOUR_RGB ( '',0.2000000000000000100, 0.2000000000000000100, 0.2000000000000000100 ) ;
#968 = CARTESIAN_POINT ( 'NONE',  ( -157.0000000000000600, -200.0000000000000300, 94.50000000000000000 ) ) ;
#969 = DIRECTION ( 'NONE',  ( -1.000000000000000000, 0.0000000000000000000, 0.0000000000000000000 ) ) ;
#970 = CARTESIAN_POINT ( 'NONE',  ( 0.0000000000000000000, 0.0000000000000000000, 128.0000000000000000 ) ) ;
#971 = FACE_BOUND ( 'NONE', #1227, .T. ) ;
#972 = EDGE_CURVE ( 'NONE', #497, #3329, #2578, .T. ) ;
#973 =( GEOMETRIC_REPRESENTATION_CONTEXT ( 3 ) GLOBAL_UNCERTAINTY_ASSIGNED_CONTEXT ( ( #354 ) ) GLOBAL_UNIT_ASSIGNED_CONTEXT ( ( #1891, #713, #1023 ) ) REPRESENTATION_CONTEXT ( 'NONE', 'WORKASPACE' ) );
#974 = CARTESIAN_POINT ( 'NONE',  ( 189.9999999999997700, 220.0000000000000300, 94.50000000000000000 ) ) ;
#975 = LINE ( 'NONE', #1426, #3497 ) ;
#976 = CARTESIAN_POINT ( 'NONE',  ( 4.165084321431635300E-015, 122.4999999999999700, 74.26955262170038500 ) ) ;
#977 = PLANE ( 'NONE',  #299 ) ;
#978 = EDGE_CURVE ( 'NONE', #1642, #3266, #2004, .T. ) ;
#979 = ORIENTED_EDGE ( 'NONE', *, *, #3139, .T. ) ;
#980 = CARTESIAN_POINT ( 'NONE',  ( -170.0000000000000300, 170.0000000000000000, 124.5000000000000000 ) ) ;
#981 = ORIENTED_EDGE ( 'NONE', *, *, #16, .F. ) ;
#982 = CARTESIAN_POINT ( 'NONE',  ( -1.288813571455154500, 183.8950592844474300, 23.89941436485779000 ) ) ;
#983 = AXIS2_PLACEMENT_3D ( 'NONE', #2301, #1437, #1805 ) ;
#984 = SURFACE_STYLE_USAGE ( .BOTH. , #1314 ) ;
#985 = ADVANCED_FACE ( 'NONE', ( #204, #1192, #619 ), #2150, .T. ) ;
#986 = DIRECTION ( 'NONE',  ( -1.000000000000000000, 0.0000000000000000000, 0.0000000000000000000 ) ) ;
#987 = ORIENTED_EDGE ( 'NONE', *, *, #3515, .T. ) ;
#988 = AXIS2_PLACEMENT_3D ( 'NONE', #1188, #2628, #2911 ) ;
#989 = DIRECTION ( 'NONE',  ( 0.8571673007021147800, 0.0000000000000000000, 0.5150380749100501600 ) ) ;
#990 = EDGE_LOOP ( 'NONE', ( #2035, #3621, #167 ) ) ;
#991 = CONICAL_SURFACE ( 'NONE', #859, 2.500000000000002200, 1.029744258676659200 ) ;
#992 = CARTESIAN_POINT ( 'NONE',  ( 0.0000000000000000000, 0.0000000000000000000, 8.548764340407696400E-016 ) ) ;
#993 = VECTOR ( 'NONE', #1125, 1000.000000000000000 ) ;
#994 = TOROIDAL_SURFACE ( 'NONE', #664, 199.9999999999999400, 10.00000000000000000 ) ;
#995 = SURFACE_SIDE_STYLE ('',( #2864 ) ) ;
#996 = AXIS2_PLACEMENT_3D ( 'NONE', #2577, #2256, #1735 ) ;
#997 = CIRCLE ( 'NONE', #217, 12.99999999999998400 ) ;
#998 = VERTEX_POINT ( 'NONE', #3582 ) ;
#999 = PRODUCT_RELATED_PRODUCT_CATEGORY ( 'part', '', ( #794 ) ) ;
#1000 = FACE_OUTER_BOUND ( 'NONE', #1591, .T. ) ;
#1001 = EDGE_CURVE ( 'NONE', #782, #471, #1460, .T. ) ;
#1002 = COLOUR_RGB ( '',0.2000000000000000100, 0.2000000000000000100, 0.2000000000000000100 ) ;
#1003 = ADVANCED_FACE ( 'NONE', ( #3654, #1869, #430, #2847, #2181, #3434 ), #670, .T. ) ;
#1004 = EDGE_LOOP ( 'NONE', ( #1489, #86, #2635, #1550 ) ) ;
#1005 = EDGE_CURVE ( 'NONE', #2874, #1594, #802, .T. ) ;
#1006 = CARTESIAN_POINT ( 'NONE',  ( -155.8845726811992200, 89.99999999999955900, 170.5000000000000000 ) ) ;
#1007 = DIRECTION ( 'NONE',  ( 1.000000000000000000, 0.0000000000000000000, 0.0000000000000000000 ) ) ;
#1008 =( NAMED_UNIT ( * ) SI_UNIT ( $, .STERADIAN. ) SOLID_ANGLE_UNIT ( ) );
#1009 = FILL_AREA_STYLE ('',( #3591 ) ) ;
#1010 = ORIENTED_EDGE ( 'NONE', *, *, #2363, .F. ) ;
#1011 = DIRECTION ( 'NONE',  ( -0.0000000000000000000, -0.0000000000000000000, 1.000000000000000000 ) ) ;
#1012 = CARTESIAN_POINT ( 'NONE',  ( 0.0000000000000000000, 0.0000000000000000000, 170.5000000000000000 ) ) ;
#1013 = STYLED_ITEM ( 'NONE', ( #3088 ), #705 ) ;
#1014 = FACE_OUTER_BOUND ( 'NONE', #3738, .T. ) ;
#1015 = CARTESIAN_POINT ( 'NONE',  ( -76.99999999999998600, 0.0000000000000000000, 0.0000000000000000000 ) ) ;
#1016 = VERTEX_POINT ( 'NONE', #1576 ) ;
#1017 = EDGE_LOOP ( 'NONE', ( #3153, #1795, #1469, #1846 ) ) ;
#1018 = AXIS2_PLACEMENT_3D ( 'NONE', #1808, #42, #655 ) ;
#1019 = FACE_BOUND ( 'NONE', #3298, .T. ) ;
#1020 = CARTESIAN_POINT ( 'NONE',  ( 3.674951612863408900E-015, 184.0416305603426400, 24.04163056034266400 ) ) ;
#1021 = CARTESIAN_POINT ( 'NONE',  ( 169.9999999999999700, 169.9999999999999400, 124.5000000000000000 ) ) ;
#1022 = UNCERTAINTY_MEASURE_WITH_UNIT (LENGTH_MEASURE( 1.000000000000000100E-005 ), #3162, 'distance_accuracy_value', 'NONE');
#1023 =( NAMED_UNIT ( * ) SI_UNIT ( $, .STERADIAN. ) SOLID_ANGLE_UNIT ( ) );
#1024 = PRESENTATION_LAYER_ASSIGNMENT (  '', '', ( #2260 ) ) ;
#1025 = ORIENTED_EDGE ( 'NONE', *, *, #138, .F. ) ;
#1026 = CARTESIAN_POINT ( 'NONE',  ( 153.3845726811991600, 89.99999999999970200, 170.5000000000000000 ) ) ;
#1027 = ADVANCED_FACE ( 'NONE', ( #666 ), #3227, .F. ) ;
#1028 = CIRCLE ( 'NONE', #1945, 12.99999999999998400 ) ;
#1029 = DIRECTION ( 'NONE',  ( -0.0000000000000000000, -0.0000000000000000000, 1.000000000000000000 ) ) ;
#1030 =( NAMED_UNIT ( * ) PLANE_ANGLE_UNIT ( ) SI_UNIT ( $, .RADIAN. ) );
#1031 = LINE ( 'NONE', #155, #2972 ) ;
#1032 = VERTEX_POINT ( 'NONE', #193 ) ;
#1033 = EDGE_CURVE ( 'NONE', #2882, #1079, #2141, .T. ) ;
#1034 = EDGE_LOOP ( 'NONE', ( #1929, #2747 ) ) ;
#1035 = DIRECTION ( 'NONE',  ( 1.000000000000000000, 0.0000000000000000000, 0.0000000000000000000 ) ) ;
#1036 = DIRECTION ( 'NONE',  ( 0.0000000000000000000, 0.0000000000000000000, -1.000000000000000000 ) ) ;
#1037 = ORIENTED_EDGE ( 'NONE', *, *, #2650, .T. ) ;
#1038 = EDGE_CURVE ( 'NONE', #1441, #3382, #2314, .T. ) ;
#1039 = VERTEX_POINT ( 'NONE', #2243 ) ;
#1040 = DIRECTION ( 'NONE',  ( -0.0000000000000000000, -0.0000000000000000000, 1.000000000000000000 ) ) ;
#1041 = CARTESIAN_POINT ( 'NONE',  ( 2.500000000000033800, 180.0000000000000000, 170.5000000000000000 ) ) ;
#1042 = CARTESIAN_POINT ( 'NONE',  ( -2.499999999999952900, 180.0000000000000000, 137.5000000000000000 ) ) ;
#1043 = ORIENTED_EDGE ( 'NONE', *, *, #847, .F. ) ;
#1044 = ORIENTED_EDGE ( 'NONE', *, *, #206, .F. ) ;
#1045 = MECHANICAL_DESIGN_GEOMETRIC_PRESENTATION_REPRESENTATION (  '', ( #1850 ), #169 ) ;
#1046 = ORIENTED_EDGE ( 'NONE', *, *, #1100, .T. ) ;
#1047 = FACE_OUTER_BOUND ( 'NONE', #1650, .T. ) ;
#1048 = VECTOR ( 'NONE', #2621, 1000.000000000000000 ) ;
#1049 = B_SPLINE_CURVE_WITH_KNOTS ( 'NONE', 3,
 ( #2328, #1508, #331, #3505, #3247, #3753, #306, #2351, #1215, #591, #282, #578, #2613, #877, #2908, #3210, #1476, #1769, #2, #2923, #2062, #293, #1201, #3222, #1495, #3488, #1782, #982, #652, #2431, #3009, #1568 ),
 .UNSPECIFIED., .F., .F.,
 ( 4, 2, 2, 2, 2, 2, 2, 2, 2, 2, 2, 2, 2, 2, 2, 4 ),
 ( 0.02199935347077193800, 0.02278074029111264200, 0.02356212711145334200, 0.02512490075213472100, 0.02590628757247543500, 0.02668767439281614900, 0.02746906121315686300, 0.02825044803349757400, 0.02903183485383828800, 0.02981322167417899800, 0.03059460849451971200, 0.03137599531486042600, 0.03215738213520114000, 0.03293876895554185400, 0.03372015577588256800, 0.03450154259622327500 ),
 .UNSPECIFIED. ) ;
#1050 = EDGE_CURVE ( 'NONE', #3585, #3638, #903, .T. ) ;
#1051 = CARTESIAN_POINT ( 'NONE',  ( 2.002760664261489700, 183.6631708799147900, 23.67395937220487700 ) ) ;
#1052 = AXIS2_PLACEMENT_3D ( 'NONE', #626, #2957, #2662 ) ;
#1053 = CYLINDRICAL_SURFACE ( 'NONE', #3475, 30.00000000000000000 ) ;
#1054 = FILL_AREA_STYLE_COLOUR ( '', #3437 ) ;
#1055 = VERTEX_POINT ( 'NONE', #3413 ) ;
#1056 = CONICAL_SURFACE ( 'NONE', #891, 2.500000000000002200, 1.029744258676659200 ) ;
#1057 = CARTESIAN_POINT ( 'NONE',  ( -4.249999999999999100, -122.4754323830586200, 0.9508505264457780500 ) ) ;
#1058 = ORIENTED_EDGE ( 'NONE', *, *, #296, .F. ) ;
#1059 = CARTESIAN_POINT ( 'NONE',  ( 0.0000000000000000000, 0.0000000000000000000, 0.0000000000000000000 ) ) ;
#1060 = CIRCLE ( 'NONE', #3254, 9.999999999999994700 ) ;
#1061 = EDGE_CURVE ( 'NONE', #815, #1816, #3042, .T. ) ;
#1062 = ORIENTED_EDGE ( 'NONE', *, *, #69, .F. ) ;
#1063 = CARTESIAN_POINT ( 'NONE',  ( 157.0000000000000000, -200.0000000000000900, 124.5000000000000000 ) ) ;
#1064 = CARTESIAN_POINT ( 'NONE',  ( 0.0000000000000000000, -180.0000000000000300, 170.5000000000000000 ) ) ;
#1065 = CIRCLE ( 'NONE', #1676, 8.749999999999980500 ) ;
#1066 = DIRECTION ( 'NONE',  ( -1.000000000000000000, 0.0000000000000000000, 0.0000000000000000000 ) ) ;
#1067 = DIRECTION ( 'NONE',  ( -0.0000000000000000000, -0.0000000000000000000, -1.000000000000000000 ) ) ;
#1068 = AXIS2_PLACEMENT_3D ( 'NONE', #603, #3214, #552 ) ;
#1069 = LINE ( 'NONE', #904, #3583 ) ;
#1070 = CIRCLE ( 'NONE', #1175, 12.99999999999998400 ) ;
#1071 = CARTESIAN_POINT ( 'NONE',  ( 0.0000000000000000000, 0.0000000000000000000, 170.5000000000000000 ) ) ;
#1072 = AXIS2_PLACEMENT_3D ( 'NONE', #3163, #2077, #307 ) ;
#1073 = PRESENTATION_STYLE_ASSIGNMENT (( #2933 ) ) ;
#1074 = EDGE_LOOP ( 'NONE', ( #1169, #3457, #2810, #2433 ) ) ;
#1075 = DIRECTION ( 'NONE',  ( -1.000000000000000000, 0.0000000000000000000, 0.0000000000000000000 ) ) ;
#1076 = LINE ( 'NONE', #1984, #1985 ) ;
#1077 = DIRECTION ( 'NONE',  ( -0.0000000000000000000, -0.0000000000000000000, -1.000000000000000000 ) ) ;
#1078 = EDGE_CURVE ( 'NONE', #2880, #3164, #2991, .T. ) ;
#1079 = VERTEX_POINT ( 'NONE', #1717 ) ;
#1080 = VECTOR ( 'NONE', #1085, 1000.000000000000000 ) ;
#1081 = ORIENTED_EDGE ( 'NONE', *, *, #1651, .T. ) ;
#1082 = CARTESIAN_POINT ( 'NONE',  ( 0.0000000000000000000, 0.0000000000000000000, 134.5000000000000000 ) ) ;
#1083 = ORIENTED_EDGE ( 'NONE', *, *, #1860, .T. ) ;
#1084 = ORIENTED_EDGE ( 'NONE', *, *, #567, .F. ) ;
#1085 = DIRECTION ( 'NONE',  ( 0.0000000000000000000, 0.0000000000000000000, -1.000000000000000000 ) ) ;
#1086 = CARTESIAN_POINT ( 'NONE',  ( -5.401588245426607100E-015, -122.4999999999999900, 22.05365763086713200 ) ) ;
#1087 = MECHANICAL_DESIGN_GEOMETRIC_PRESENTATION_REPRESENTATION (  '', ( #1990 ), #410 ) ;
#1088 = EDGE_LOOP ( 'NONE', ( #1539, #2313, #826 ) ) ;
#1089 = CARTESIAN_POINT ( 'NONE',  ( -170.0000000000000300, 170.0000000000000000, 94.50000000000000000 ) ) ;
#1090 = DIRECTION ( 'NONE',  ( -0.0000000000000000000, -0.0000000000000000000, 1.000000000000000000 ) ) ;
#1091 = DIRECTION ( 'NONE',  ( -1.000000000000000000, 0.0000000000000000000, 0.0000000000000000000 ) ) ;
#1092 = VECTOR ( 'NONE', #785, 1000.000000000000000 ) ;
#1093 = CYLINDRICAL_SURFACE ( 'NONE', #240, 54.99999999999997900 ) ;
#1094 = ADVANCED_FACE ( 'NONE', ( #121 ), #709, .F. ) ;
#1095 = MECHANICAL_DESIGN_GEOMETRIC_PRESENTATION_REPRESENTATION (  '', ( #47 ), #758 ) ;
#1096 = ORIENTED_EDGE ( 'NONE', *, *, #2777, .F. ) ;
#1097 = DIRECTION ( 'NONE',  ( -1.000000000000000000, 0.0000000000000000000, 0.0000000000000000000 ) ) ;
#1098 = CARTESIAN_POINT ( 'NONE',  ( 2.499999999999994200, -180.0000000000000300, 137.5000000000000000 ) ) ;
#1099 = VERTEX_POINT ( 'NONE', #1444 ) ;
#1100 = EDGE_CURVE ( 'NONE', #1435, #488, #2440, .T. ) ;
#1101 = DIRECTION ( 'NONE',  ( -0.8571673007021147800, 1.049727191138621700E-016, 0.5150380749100501600 ) ) ;
#1102 = AXIS2_PLACEMENT_3D ( 'NONE', #775, #2271, #1075 ) ;
#1103 = CARTESIAN_POINT ( 'NONE',  ( 0.0000000000000000000, 0.0000000000000000000, 0.0000000000000000000 ) ) ;
#1104 = CIRCLE ( 'NONE', #3177, 2.500000000000002200 ) ;
#1105 = ORIENTED_EDGE ( 'NONE', *, *, #3122, .F. ) ;
#1106 = LINE ( 'NONE', #3349, #90 ) ;
#1107 = CARTESIAN_POINT ( 'NONE',  ( 0.0000000000000000000, 0.0000000000000000000, 128.0000000000000000 ) ) ;
#1108 = ORIENTED_EDGE ( 'NONE', *, *, #1374, .F. ) ;
#1109 = EDGE_CURVE ( 'NONE', #2870, #1153, #525, .T. ) ;
#1110 = CIRCLE ( 'NONE', #2081, 12.99999999999998400 ) ;
#1111 = LINE ( 'NONE', #968, #918 ) ;
#1112 = EDGE_CURVE ( 'NONE', #314, #1391, #1326, .T. ) ;
#1113 = DIRECTION ( 'NONE',  ( -0.0000000000000000000, 0.0000000000000000000, -1.000000000000000000 ) ) ;
#1114 = DIRECTION ( 'NONE',  ( -0.0000000000000000000, -0.0000000000000000000, 1.000000000000000000 ) ) ;
#1115 = DIRECTION ( 'NONE',  ( -0.0000000000000000000, -0.0000000000000000000, -1.000000000000000000 ) ) ;
#1116 = EDGE_LOOP ( 'NONE', ( #1025, #2170, #2303 ) ) ;
#1117 = DIRECTION ( 'NONE',  ( -1.000000000000000000, 0.0000000000000000000, 0.0000000000000000000 ) ) ;
#1118 = STYLED_ITEM ( 'NONE', ( #3619 ), #1537 ) ;
#1119 = CARTESIAN_POINT ( 'NONE',  ( 4.249360504782371700, 122.4262755102040500, 19.50000000000000000 ) ) ;
#1120 = FACE_BOUND ( 'NONE', #2849, .T. ) ;
#1121 = VECTOR ( 'NONE', #2462, 1000.000000000000000 ) ;
#1122 = LINE ( 'NONE', #1714, #2829 ) ;
#1123 = DIRECTION ( 'NONE',  ( 0.0000000000000000000, 1.000000000000000000, 0.0000000000000000000 ) ) ;
#1124 = EDGE_CURVE ( 'NONE', #782, #314, #2802, .T. ) ;
#1125 = DIRECTION ( 'NONE',  ( 0.0000000000000000000, 0.0000000000000000000, -1.000000000000000000 ) ) ;
#1126 = CARTESIAN_POINT ( 'NONE',  ( 65.00000000000000000, 3.061616997868377200E-016, 147.0000000000000300 ) ) ;
#1127 = PRESENTATION_LAYER_ASSIGNMENT (  '', '', ( #921 ) ) ;
#1128 = ORIENTED_EDGE ( 'NONE', *, *, #2447, .T. ) ;
#1129 = DIRECTION ( 'NONE',  ( -1.000000000000000000, 0.0000000000000000000, 0.0000000000000000000 ) ) ;
#1130 = VECTOR ( 'NONE', #2768, 1000.000000000000000 ) ;
#1131 = DIRECTION ( 'NONE',  ( -0.0000000000000000000, -0.0000000000000000000, 1.000000000000000000 ) ) ;
#1132 = PLANE ( 'NONE',  #1697 ) ;
#1133 = DIRECTION ( 'NONE',  ( -0.0000000000000000000, -0.0000000000000000000, -1.000000000000000000 ) ) ;
#1134 = ORIENTED_EDGE ( 'NONE', *, *, #1942, .T. ) ;
#1135 = ORIENTED_EDGE ( 'NONE', *, *, #2241, .T. ) ;
#1136 = DIRECTION ( 'NONE',  ( 0.0000000000000000000, 0.0000000000000000000, -1.000000000000000000 ) ) ;
#1137 = FILL_AREA_STYLE ('',( #830 ) ) ;
#1138 = CARTESIAN_POINT ( 'NONE',  ( 0.0000000000000000000, -122.4999999999999900, 0.0000000000000000000 ) ) ;
#1139 = AXIS2_PLACEMENT_3D ( 'NONE', #1375, #2211, #1336 ) ;
#1140 = SURFACE_STYLE_USAGE ( .BOTH. , #2569 ) ;
#1141 = B_SPLINE_CURVE_WITH_KNOTS ( 'NONE', 3,
 ( #207, #1395, #800, #233, #2831, #1696, #3698, #1988, #853, #2897, #596, #2593, #1205, #1484, #3481, #1512, #277, #1174, #1500, #19, #2617, #1774, #2643, #5, #2884, #2069, #606, #298, #1158, #3200, #2631, #3182, #3226, #2343 ),
 .UNSPECIFIED., .F., .F.,
 ( 4, 2, 2, 2, 2, 2, 2, 2, 2, 2, 2, 2, 2, 2, 2, 2, 4 ),
 ( 0.01524317290126009000, 0.01619558813511148800, 0.01714800336896288600, 0.01810041860281428500, 0.01905283383666568600, 0.02000524907051708400, 0.02095766430436848300, 0.02191007953821988400, 0.02286249477207128200, 0.02381491000592268100, 0.02476732523977408200, 0.02667215570747692000, 0.02762457094132833900, 0.02857698617517975800, 0.02905319379210548300, 0.02952940140903120200, 0.03048181664288264500 ),
 .UNSPECIFIED. ) ;
#1142 = CIRCLE ( 'NONE', #1246, 144.9999999999999700 ) ;
#1143 = STYLED_ITEM ( 'NONE', ( #941 ), #2634 ) ;
#1144 = PRESENTATION_STYLE_ASSIGNMENT (( #3676 ) ) ;
#1145 = DIRECTION ( 'NONE',  ( -0.0000000000000000000, -0.0000000000000000000, 1.000000000000000000 ) ) ;
#1146 = DIRECTION ( 'NONE',  ( -1.000000000000000000, 0.0000000000000000000, 0.0000000000000000000 ) ) ;
#1147 = CARTESIAN_POINT ( 'NONE',  ( -158.3845726811992200, 89.99999999999955900, 170.5000000000000000 ) ) ;
#1148 = CIRCLE ( 'NONE', #3650, 160.0000000000000900 ) ;
#1149 = AXIS2_PLACEMENT_3D ( 'NONE', #3444, #280, #1129 ) ;
#1150 = FILL_AREA_STYLE_COLOUR ( '', #2115 ) ;
#1151 = FACE_BOUND ( 'NONE', #2415, .T. ) ;
#1152 = CARTESIAN_POINT ( 'NONE',  ( -4.249360504782372600, 122.4262755102040500, 9.750000000000000000 ) ) ;
#1153 = VERTEX_POINT ( 'NONE', #2871 ) ;
#1154 = CARTESIAN_POINT ( 'NONE',  ( 0.0000000000000000000, -138.0000000000000000, 170.5010000000000000 ) ) ;
#1155 = DIRECTION ( 'NONE',  ( 1.000000000000000000, 0.0000000000000000000, 0.0000000000000000000 ) ) ;
#1156 = ORIENTED_EDGE ( 'NONE', *, *, #972, .T. ) ;
#1157 = DIRECTION ( 'NONE',  ( 1.000000000000000000, 0.0000000000000000000, 0.0000000000000000000 ) ) ;
#1158 = CARTESIAN_POINT ( 'NONE',  ( 1.523890347207630400, 122.4906035230399900, 85.17043510566414000 ) ) ;
#1159 = AXIS2_PLACEMENT_3D ( 'NONE', #1236, #3221, #50 ) ;
#1160 = FILL_AREA_STYLE_COLOUR ( '', #1521 ) ;
#1161 = VERTEX_POINT ( 'NONE', #516 ) ;
#1162 = CARTESIAN_POINT ( 'NONE',  ( 4.164929441534069100E-015, 178.3847763108502700, 18.38477631085032700 ) ) ;
#1163 = ADVANCED_FACE ( 'NONE', ( #2574 ), #2620, .F. ) ;
#1164 = CARTESIAN_POINT ( 'NONE',  ( -65.00000000000000000, 0.0000000000000000000, 132.0000000000000000 ) ) ;
#1165 = VERTEX_POINT ( 'NONE', #3145 ) ;
#1166 = DIRECTION ( 'NONE',  ( 1.000000000000000000, 0.0000000000000000000, 0.0000000000000000000 ) ) ;
#1167 = PRESENTATION_LAYER_ASSIGNMENT (  '', '', ( #613 ) ) ;
#1168 = DIRECTION ( 'NONE',  ( -0.0000000000000000000, -0.0000000000000000000, -1.000000000000000000 ) ) ;
#1169 = ORIENTED_EDGE ( 'NONE', *, *, #2501, .F. ) ;
#1170 = DIRECTION ( 'NONE',  ( -1.000000000000000000, 0.0000000000000000000, 0.0000000000000000000 ) ) ;
#1171 = CIRCLE ( 'NONE', #2305, 2.500000000000002200 ) ;
#1172 = EDGE_CURVE ( 'NONE', #1998, #2677, #1821, .T. ) ;
#1173 = SURFACE_SIDE_STYLE ('',( #3224 ) ) ;
#1174 = CARTESIAN_POINT ( 'NONE',  ( 4.001717174647412300, 122.4346203616257600, 80.26188786399875100 ) ) ;
#1175 = AXIS2_PLACEMENT_3D ( 'NONE', #1624, #2445, #130 ) ;
#1176 = ORIENTED_EDGE ( 'NONE', *, *, #1950, .T. ) ;
#1177 = ORIENTED_EDGE ( 'NONE', *, *, #3245, .T. ) ;
#1178 = DIRECTION ( 'NONE',  ( 1.000000000000000000, 0.0000000000000000000, 0.0000000000000000000 ) ) ;
#1179 = DIRECTION ( 'NONE',  ( 1.000000000000000000, 0.0000000000000000000, 0.0000000000000000000 ) ) ;
#1180 = DIRECTION ( 'NONE',  ( -0.0000000000000000000, -0.0000000000000000000, 1.000000000000000000 ) ) ;
#1181 = ORIENTED_EDGE ( 'NONE', *, *, #401, .T. ) ;
#1182 = ORIENTED_EDGE ( 'NONE', *, *, #3089, .T. ) ;
#1183 = EDGE_LOOP ( 'NONE', ( #1478, #3110, #3073 ) ) ;
#1184 = CARTESIAN_POINT ( 'NONE',  ( 220.0000000000000000, -229.9999999999997400, 124.5000000000000000 ) ) ;
#1185 = DIRECTION ( 'NONE',  ( -0.0000000000000000000, -0.0000000000000000000, -1.000000000000000000 ) ) ;
#1186 = FILL_AREA_STYLE ('',( #3236 ) ) ;
#1187 = VERTEX_POINT ( 'NONE', #1419 ) ;
#1188 = CARTESIAN_POINT ( 'NONE',  ( 169.9999999999999700, -165.0000000000000900, 94.50000000000000000 ) ) ;
#1189 = ADVANCED_FACE ( 'NONE', ( #1278, #752, #2987, #2704, #1371, #389, #3127, #1047 ), #2603, .F. ) ;
#1190 = AXIS2_PLACEMENT_3D ( 'NONE', #807, #3086, #3114 ) ;
#1191 = CARTESIAN_POINT ( 'NONE',  ( 0.0000000000000000000, 0.0000000000000000000, 134.0000000000000000 ) ) ;
#1192 = FACE_BOUND ( 'NONE', #1839, .T. ) ;
#1193 = CIRCLE ( 'NONE', #24, 2.500000000000002200 ) ;
#1194 = ORIENTED_EDGE ( 'NONE', *, *, #1685, .F. ) ;
#1195 = DIRECTION ( 'NONE',  ( -0.0000000000000000000, -0.0000000000000000000, 1.000000000000000000 ) ) ;
#1196 = CARTESIAN_POINT ( 'NONE',  ( 158.3845726811991600, 89.99999999999970200, 137.5000000000000000 ) ) ;
#1197 = LINE ( 'NONE', #3379, #2444 ) ;
#1198 = UNCERTAINTY_MEASURE_WITH_UNIT (LENGTH_MEASURE( 1.000000000000000100E-005 ), #3225, 'distance_accuracy_value', 'NONE');
#1199 = PRESENTATION_LAYER_ASSIGNMENT (  '', '', ( #74 ) ) ;
#1200 = CARTESIAN_POINT ( 'NONE',  ( 4.158645492775586900E-014, 180.0000000000000000, 170.5000000000000000 ) ) ;
#1201 = CARTESIAN_POINT ( 'NONE',  ( -3.013639510087522000, 183.0698410879732300, 23.09454896235186900 ) ) ;
#1202 = EDGE_LOOP ( 'NONE', ( #3656, #3516, #3194, #309 ) ) ;
#1203 = AXIS2_PLACEMENT_3D ( 'NONE', #194, #528, #3169 ) ;
#1204 = DIRECTION ( 'NONE',  ( -0.0000000000000000000, -0.0000000000000000000, 1.000000000000000000 ) ) ;
#1205 = CARTESIAN_POINT ( 'NONE',  ( 3.683340778351305900, 122.4446366998374900, 77.75232418426875800 ) ) ;
#1206 = CARTESIAN_POINT ( 'NONE',  ( -4.249999999999996400, 122.4999999999999900, 0.9262976817621537700 ) ) ;
#1207 = DIRECTION ( 'NONE',  ( 0.0000000000000000000, 0.0000000000000000000, 1.000000000000000000 ) ) ;
#1208 = CARTESIAN_POINT ( 'NONE',  ( 54.99999999999997900, 6.735557395310440200E-015, 128.0000000000000300 ) ) ;
#1209 = EDGE_CURVE ( 'NONE', #2422, #3164, #72, .T. ) ;
#1210 = ADVANCED_FACE ( 'NONE', ( #115 ), #732, .F. ) ;
#1211 = CONICAL_SURFACE ( 'NONE', #109, 4.249999999999995600, 1.029744258676653200 ) ;
#1212 = COLOUR_RGB ( '',0.2000000000000000100, 0.2000000000000000100, 0.2000000000000000100 ) ;
#1213 =( NAMED_UNIT ( * ) SI_UNIT ( $, .STERADIAN. ) SOLID_ANGLE_UNIT ( ) );
#1214 = CARTESIAN_POINT ( 'NONE',  ( 0.0000000000000000000, 0.0000000000000000000, 8.548764340407696400E-016 ) ) ;
#1215 = CARTESIAN_POINT ( 'NONE',  ( -3.181978517132986600, 179.4753155170912700, 19.50346432191887700 ) ) ;
#1216 = CARTESIAN_POINT ( 'NONE',  ( -220.0000000000000000, -229.9999999999997200, 94.50000000000000000 ) ) ;
#1217 = CYLINDRICAL_SURFACE ( 'NONE', #2015, 5.000000000000001800 ) ;
#1218 = ORIENTED_EDGE ( 'NONE', *, *, #138, .T. ) ;
#1219 = PRESENTATION_LAYER_ASSIGNMENT (  '', '', ( #1288 ) ) ;
#1220 = CARTESIAN_POINT ( 'NONE',  ( -0.3230370432806786700, 122.4999999999999700, 85.58326112068508000 ) ) ;
#1221 = DIRECTION ( 'NONE',  ( -0.0000000000000000000, -0.0000000000000000000, 1.000000000000000000 ) ) ;
#1222 = ORIENTED_EDGE ( 'NONE', *, *, #2424, .F. ) ;
#1223 = EDGE_LOOP ( 'NONE', ( #3165, #2175, #2177 ) ) ;
#1224 = AXIS2_PLACEMENT_3D ( 'NONE', #2657, #1229, #3250 ) ;
#1225 = EDGE_LOOP ( 'NONE', ( #3326, #291, #555 ) ) ;
#1226 = CARTESIAN_POINT ( 'NONE',  ( 70.00000000000000000, 0.0000000000000000000, 132.0000000000000000 ) ) ;
#1227 = EDGE_LOOP ( 'NONE', ( #3365, #683 ) ) ;
#1228 = LINE ( 'NONE', #3494, #423 ) ;
#1229 = DIRECTION ( 'NONE',  ( 0.0000000000000000000, 0.0000000000000000000, -1.000000000000000000 ) ) ;
#1230 = MECHANICAL_DESIGN_GEOMETRIC_PRESENTATION_REPRESENTATION (  '', ( #2260 ), #1421 ) ;
#1231 = SURFACE_STYLE_USAGE ( .BOTH. , #924 ) ;
#1232 = ORIENTED_EDGE ( 'NONE', *, *, #470, .F. ) ;
#1233 = VERTEX_POINT ( 'NONE', #310 ) ;
#1234 = EDGE_CURVE ( 'NONE', #1933, #3299, #3651, .T. ) ;
#1235 = LINE ( 'NONE', #537, #431 ) ;
#1236 = CARTESIAN_POINT ( 'NONE',  ( 155.8845726811991300, -89.99999999999948800, 137.5000000000000000 ) ) ;
#1237 = CARTESIAN_POINT ( 'NONE',  ( 65.00000000000000000, 3.061616997868386100E-016, 132.0000000000000000 ) ) ;
#1238 = CIRCLE ( 'NONE', #287, 189.9999999999999400 ) ;
#1239 = ORIENTED_EDGE ( 'NONE', *, *, #3393, .T. ) ;
#1240 = EDGE_CURVE ( 'NONE', #2655, #2659, #1535, .T. ) ;
#1241 = DIRECTION ( 'NONE',  ( 0.0000000000000000000, 0.0000000000000000000, -1.000000000000000000 ) ) ;
#1242 = CYLINDRICAL_SURFACE ( 'NONE', #2398, 2.500000000000002200 ) ;
#1243 = CARTESIAN_POINT ( 'NONE',  ( -3.208963095768276700, 122.4580698246222100, 76.57269664126660300 ) ) ;
#1244 = DIRECTION ( 'NONE',  ( -1.000000000000000000, 0.0000000000000000000, 0.0000000000000000000 ) ) ;
#1245 = FACE_OUTER_BOUND ( 'NONE', #3286, .T. ) ;
#1246 = AXIS2_PLACEMENT_3D ( 'NONE', #970, #2122, #945 ) ;
#1247 = ORIENTED_EDGE ( 'NONE', *, *, #1651, .F. ) ;
#1248 = CARTESIAN_POINT ( 'NONE',  ( 144.9999999999999700, 1.775737858763661500E-014, 128.0000000000000000 ) ) ;
#1249 = CARTESIAN_POINT ( 'NONE',  ( 0.0000000000000000000, -138.0000000000000000, 0.0000000000000000000 ) ) ;
#1250 = SURFACE_SIDE_STYLE ('',( #1286 ) ) ;
#1251 = EDGE_CURVE ( 'NONE', #1032, #73, #407, .T. ) ;
#1252 = LINE ( 'NONE', #881, #3092 ) ;
#1253 = AXIS2_PLACEMENT_3D ( 'NONE', #2546, #804, #508 ) ;
#1254 = EDGE_LOOP ( 'NONE', ( #1952, #1411, #3144, #366, #743 ) ) ;
#1255 = CARTESIAN_POINT ( 'NONE',  ( -3.897272039484276400, 122.4379959933589800, 78.67517848789873400 ) ) ;
#1256 = VERTEX_POINT ( 'NONE', #3742 ) ;
#1257 = SURFACE_STYLE_USAGE ( .BOTH. , #1578 ) ;
#1258 = LINE ( 'NONE', #3690, #3449 ) ;
#1259 = CARTESIAN_POINT ( 'NONE',  ( 4.146918806383181900, -123.4303571428572200, 2.143131898507878900E-016 ) ) ;
#1260 = CARTESIAN_POINT ( 'NONE',  ( 155.8845726811991300, -89.99999999999948800, 135.9978484524311300 ) ) ;
#1261 = CARTESIAN_POINT ( 'NONE',  ( -4.249999999999999100, -122.8112936448055200, 0.6151912146533187200 ) ) ;
#1262 = EDGE_CURVE ( 'NONE', #3012, #2827, #2155, .T. ) ;
#1263 = ORIENTED_EDGE ( 'NONE', *, *, #1251, .F. ) ;
#1264 = ADVANCED_FACE ( 'NONE', ( #3670 ), #3360, .F. ) ;
#1265 =( NAMED_UNIT ( * ) PLANE_ANGLE_UNIT ( ) SI_UNIT ( $, .RADIAN. ) );
#1266 = AXIS2_PLACEMENT_3D ( 'NONE', #862, #2895, #1170 ) ;
#1267 = ORIENTED_EDGE ( 'NONE', *, *, #3397, .T. ) ;
#1268 = DIRECTION ( 'NONE',  ( -1.000000000000000000, 0.0000000000000000000, 0.0000000000000000000 ) ) ;
#1269 = CARTESIAN_POINT ( 'NONE',  ( 0.0000000000000000000, 0.0000000000000000000, 8.548764340407696400E-016 ) ) ;
#1270 = CYLINDRICAL_SURFACE ( 'NONE', #2053, 2.500000000000002200 ) ;
#1271 = CARTESIAN_POINT ( 'NONE',  ( 220.0000000000000000, 189.9999999999998000, 94.50000000000000000 ) ) ;
#1272 = MECHANICAL_DESIGN_GEOMETRIC_PRESENTATION_REPRESENTATION (  '', ( #2757 ), #2121 ) ;
#1273 = FILL_AREA_STYLE ('',( #3540 ) ) ;
#1274 = EDGE_LOOP ( 'NONE', ( #2854, #1813, #465, #3036 ) ) ;
#1275 = ORIENTED_EDGE ( 'NONE', *, *, #2708, .F. ) ;
#1276 = DIRECTION ( 'NONE',  ( 1.000000000000000000, 0.0000000000000000000, 0.0000000000000000000 ) ) ;
#1277 = DIRECTION ( 'NONE',  ( 0.0000000000000000000, -0.0000000000000000000, 1.000000000000000000 ) ) ;
#1278 = FACE_BOUND ( 'NONE', #3498, .T. ) ;
#1279 = LINE ( 'NONE', #588, #1048 ) ;
#1280 = DIRECTION ( 'NONE',  ( 1.000000000000000000, 0.0000000000000000000, -0.0000000000000000000 ) ) ;
#1281 = ADVANCED_FACE ( 'NONE', ( #1796 ), #2156, .F. ) ;
#1282 = FILL_AREA_STYLE ('',( #1294 ) ) ;
#1283 = LINE ( 'NONE', #14, #3308 ) ;
#1284 = FILL_AREA_STYLE_COLOUR ( '', #482 ) ;
#1285 = EDGE_LOOP ( 'NONE', ( #2773, #3412, #1368, #2528 ) ) ;
#1286 = SURFACE_STYLE_FILL_AREA ( #1273 ) ;
#1287 = CARTESIAN_POINT ( 'NONE',  ( 2.500000000000038600, 67.50000000000000000, 132.0000000000000000 ) ) ;
#1288 = STYLED_ITEM ( 'NONE', ( #2370 ), #553 ) ;
#1289 = DIRECTION ( 'NONE',  ( 0.0000000000000000000, 0.0000000000000000000, -1.000000000000000000 ) ) ;
#1290 = DIRECTION ( 'NONE',  ( 0.0000000000000000000, 0.0000000000000000000, 1.000000000000000000 ) ) ;
#1291 = VERTEX_POINT ( 'NONE', #2367 ) ;
#1292 = AXIS2_PLACEMENT_3D ( 'NONE', #1504, #1768, #2339 ) ;
#1293 = SURFACE_STYLE_FILL_AREA ( #1759 ) ;
#1294 = FILL_AREA_STYLE_COLOUR ( '', #1886 ) ;
#1295 = CARTESIAN_POINT ( 'NONE',  ( 122.4999999999999700, 1.500192328955507500E-014, 121.0000000000000000 ) ) ;
#1296 = CARTESIAN_POINT ( 'NONE',  ( -155.8845726811991600, -89.99999999999961600, 170.5000000000000000 ) ) ;
#1297 = EDGE_CURVE ( 'NONE', #925, #2215, #3406, .T. ) ;
#1298 = MECHANICAL_DESIGN_GEOMETRIC_PRESENTATION_REPRESENTATION (  '', ( #2762 ), #544 ) ;
#1299 = CYLINDRICAL_SURFACE ( 'NONE', #321, 3.999999999999992900 ) ;
#1300 = ADVANCED_FACE ( 'NONE', ( #769 ), #405, .F. ) ;
#1301 = DIRECTION ( 'NONE',  ( -0.0000000000000000000, -0.0000000000000000000, -1.000000000000000000 ) ) ;
#1302 = SURFACE_STYLE_USAGE ( .BOTH. , #3015 ) ;
#1303 = VECTOR ( 'NONE', #3172, 1000.000000000000000 ) ;
#1304 = CIRCLE ( 'NONE', #3730, 2.500000000000002200 ) ;
#1305 = CARTESIAN_POINT ( 'NONE',  ( 0.0000000000000000000, 122.4999999999999900, 2.143131898507878900E-016 ) ) ;
#1306 = EDGE_CURVE ( 'NONE', #3258, #1450, #3580, .T. ) ;
#1307 = VECTOR ( 'NONE', #1029, 1000.000000000000000 ) ;
#1308 = FACE_OUTER_BOUND ( 'NONE', #2007, .T. ) ;
#1309 = CARTESIAN_POINT ( 'NONE',  ( 4.249999999999999100, -122.8112936448055200, 0.6151912146533186100 ) ) ;
#1310 = DIRECTION ( 'NONE',  ( 0.0000000000000000000, 0.7071067811865462400, 0.7071067811865487900 ) ) ;
#1311 =( LENGTH_UNIT ( ) NAMED_UNIT ( * ) SI_UNIT ( .MILLI., .METRE. ) );
#1312 = CIRCLE ( 'NONE', #3008, 2.499999999999994200 ) ;
#1313 = EDGE_CURVE ( 'NONE', #1844, #2706, #1660, .T. ) ;
#1314 = SURFACE_SIDE_STYLE ('',( #2065 ) ) ;
#1315 = CARTESIAN_POINT ( 'NONE',  ( 3.675070721875128500E-015, 184.0416305603426100, 24.04163056034270700 ) ) ;
#1316 = DIRECTION ( 'NONE',  ( -1.000000000000000000, 0.0000000000000000000, 0.0000000000000000000 ) ) ;
#1317 = MECHANICAL_DESIGN_GEOMETRIC_PRESENTATION_REPRESENTATION (  '', ( #1118 ), #123 ) ;
#1318 = ORIENTED_EDGE ( 'NONE', *, *, #1971, .F. ) ;
#1319 = ORIENTED_EDGE ( 'NONE', *, *, #319, .T. ) ;
#1320 = LINE ( 'NONE', #1414, #1080 ) ;
#1321 = ADVANCED_FACE ( 'NONE', ( #173 ), #635, .F. ) ;
#1322 = DIRECTION ( 'NONE',  ( -0.0000000000000000000, -0.0000000000000000000, 1.000000000000000000 ) ) ;
#1323 = STYLED_ITEM ( 'NONE', ( #1889 ), #3317 ) ;
#1324 = DIRECTION ( 'NONE',  ( -0.0000000000000000000, -0.0000000000000000000, 1.000000000000000000 ) ) ;
#1325 = DIRECTION ( 'NONE',  ( -0.0000000000000000000, -0.0000000000000000000, 1.000000000000000000 ) ) ;
#1326 = CIRCLE ( 'NONE', #3432, 189.9999999999999400 ) ;
#1327 = DIRECTION ( 'NONE',  ( 0.0000000000000000000, 0.0000000000000000000, -1.000000000000000000 ) ) ;
#1328 = ORIENTED_EDGE ( 'NONE', *, *, #2622, .T. ) ;
#1329 = CARTESIAN_POINT ( 'NONE',  ( 220.0000000000000000, -229.9999999999997400, 94.50000000000000000 ) ) ;
#1330 = EDGE_CURVE ( 'NONE', #2304, #3047, #2867, .T. ) ;
#1331 = ORIENTED_EDGE ( 'NONE', *, *, #3139, .F. ) ;
#1332 = UNCERTAINTY_MEASURE_WITH_UNIT (LENGTH_MEASURE( 1.000000000000000100E-005 ), #379, 'distance_accuracy_value', 'NONE');
#1333 = COLOUR_RGB ( '',0.2000000000000000100, 0.2000000000000000100, 0.2000000000000000100 ) ;
#1334 = VECTOR ( 'NONE', #543, 999.9999999999998900 ) ;
#1335 = EDGE_CURVE ( 'NONE', #2726, #659, #92, .T. ) ;
#1336 = DIRECTION ( 'NONE',  ( -1.000000000000000000, 0.0000000000000000000, 0.0000000000000000000 ) ) ;
#1337 =( NAMED_UNIT ( * ) SI_UNIT ( $, .STERADIAN. ) SOLID_ANGLE_UNIT ( ) );
#1338 = COLOUR_RGB ( '',0.2000000000000000100, 0.2000000000000000100, 0.2000000000000000100 ) ;
#1339 = ORIENTED_EDGE ( 'NONE', *, *, #762, .T. ) ;
#1340 = AXIS2_PLACEMENT_3D ( 'NONE', #1200, #3246, #330 ) ;
#1341 = COLOUR_RGB ( '',0.2000000000000000100, 0.2000000000000000100, 0.2000000000000000100 ) ;
#1342 = CARTESIAN_POINT ( 'NONE',  ( 182.9999999999999700, -200.0000000000000900, 124.5000000000000000 ) ) ;
#1343 = ORIENTED_EDGE ( 'NONE', *, *, #1766, .F. ) ;
#1344 = CIRCLE ( 'NONE', #988, 8.750000000000007100 ) ;
#1345 = ORIENTED_EDGE ( 'NONE', *, *, #3397, .F. ) ;
#1346 = MECHANICAL_DESIGN_GEOMETRIC_PRESENTATION_REPRESENTATION (  '', ( #2418 ), #1545 ) ;
#1347 = CARTESIAN_POINT ( 'NONE',  ( 2.438616524465919700, 183.4548098916561100, 23.47088620938300400 ) ) ;
#1348 = CONICAL_SURFACE ( 'NONE', #2522, 2.500000000000002200, 1.029744258676659200 ) ;
#1349 = DIRECTION ( 'NONE',  ( -0.0000000000000000000, 0.7071067811865489100, -0.7071067811865461300 ) ) ;
#1350 = VECTOR ( 'NONE', #2284, 1000.000000000000000 ) ;
#1351 = ORIENTED_EDGE ( 'NONE', *, *, #113, .F. ) ;
#1352 = VERTEX_POINT ( 'NONE', #243 ) ;
#1353 = COLOUR_RGB ( '',0.2000000000000000100, 0.2000000000000000100, 0.2000000000000000100 ) ;
#1354 = CARTESIAN_POINT ( 'NONE',  ( -4.249786992212724700, -122.4508575567850500, 0.9754179534190661200 ) ) ;
#1355 = VERTEX_POINT ( 'NONE', #2575 ) ;
#1356 = ORIENTED_EDGE ( 'NONE', *, *, #3608, .T. ) ;
#1357 = EDGE_CURVE ( 'NONE', #3299, #1933, #1344, .T. ) ;
#1358 = CARTESIAN_POINT ( 'NONE',  ( 4.249360504782372600, 122.4262755102040500, 9.750000000000000000 ) ) ;
#1359 = B_SPLINE_CURVE_WITH_KNOTS ( 'NONE', 3,
 ( #1737, #2045, #3443, #1206 ),
 .UNSPECIFIED., .F., .F.,
 ( 4, 4 ),
 ( 2.818553216323781500E-007, 0.0001042107326384517300 ),
 .UNSPECIFIED. ) ;
#1360 = FACE_OUTER_BOUND ( 'NONE', #2749, .T. ) ;
#1361 = VERTEX_POINT ( 'NONE', #232 ) ;
#1362 = CARTESIAN_POINT ( 'NONE',  ( 1.034724404279779600, 183.9502138091664300, 23.95294575766424900 ) ) ;
#1363 = DIRECTION ( 'NONE',  ( -1.000000000000000000, 0.0000000000000000000, 0.0000000000000000000 ) ) ;
#1364 = EDGE_LOOP ( 'NONE', ( #936, #1010, #1046, #3261 ) ) ;
#1365 = AXIS2_PLACEMENT_3D ( 'NONE', #174, #2468, #2759 ) ;
#1366 = EDGE_LOOP ( 'NONE', ( #147, #1830 ) ) ;
#1367 = CARTESIAN_POINT ( 'NONE',  ( 169.9999999999999700, 169.9999999999999400, 94.50000000000000000 ) ) ;
#1368 = ORIENTED_EDGE ( 'NONE', *, *, #1061, .T. ) ;
#1369 = VERTEX_POINT ( 'NONE', #3386 ) ;
#1370 = AXIS2_PLACEMENT_3D ( 'NONE', #2032, #2300, #3152 ) ;
#1371 = FACE_BOUND ( 'NONE', #3631, .T. ) ;
#1372 = CARTESIAN_POINT ( 'NONE',  ( -5.401588245426607100E-015, 122.4999999999999900, 22.05365763086713200 ) ) ;
#1373 = ORIENTED_EDGE ( 'NONE', *, *, #1843, .F. ) ;
#1374 = EDGE_CURVE ( 'NONE', #3673, #3117, #362, .T. ) ;
#1375 = CARTESIAN_POINT ( 'NONE',  ( 0.0000000000000000000, 122.4999999999999900, 19.50000000000000000 ) ) ;
#1376 = MECHANICAL_DESIGN_GEOMETRIC_PRESENTATION_REPRESENTATION (  '', ( #3450 ), #2594 ) ;
#1377 = FACE_OUTER_BOUND ( 'NONE', #156, .T. ) ;
#1378 = CARTESIAN_POINT ( 'NONE',  ( 4.249360504782371700, -122.4262755102040500, 19.50000000000000000 ) ) ;
#1379 = CARTESIAN_POINT ( 'NONE',  ( -2.499999999999993300, -67.50000000000000000, 147.0000000000000300 ) ) ;
#1380 = DIRECTION ( 'NONE',  ( -1.000000000000000000, 0.0000000000000000000, 0.0000000000000000000 ) ) ;
#1381 = DIRECTION ( 'NONE',  ( -1.000000000000000000, 0.0000000000000000000, 0.0000000000000000000 ) ) ;
#1382 = EDGE_CURVE ( 'NONE', #57, #1748, #2591, .T. ) ;
#1383 = LINE ( 'NONE', #2400, #1613 ) ;
#1384 = VERTEX_POINT ( 'NONE', #2588 ) ;
#1385 = DIRECTION ( 'NONE',  ( -0.0000000000000000000, -0.0000000000000000000, 1.000000000000000000 ) ) ;
#1386 = FACE_OUTER_BOUND ( 'NONE', #1730, .T. ) ;
#1387 = EDGE_CURVE ( 'NONE', #1587, #1187, #541, .T. ) ;
#1388 = EDGE_LOOP ( 'NONE', ( #1037, #408 ) ) ;
#1389 = CARTESIAN_POINT ( 'NONE',  ( 3.872108363615038000, 180.4593079996946600, 20.50083893136555700 ) ) ;
#1390 = DIRECTION ( 'NONE',  ( -0.0000000000000000000, -0.0000000000000000000, -1.000000000000000000 ) ) ;
#1391 = VERTEX_POINT ( 'NONE', #487 ) ;
#1392 =( GEOMETRIC_REPRESENTATION_CONTEXT ( 3 ) GLOBAL_UNCERTAINTY_ASSIGNED_CONTEXT ( ( #848 ) ) GLOBAL_UNIT_ASSIGNED_CONTEXT ( ( #1895, #3301, #3615 ) ) REPRESENTATION_CONTEXT ( 'NONE', 'WORKASPACE' ) );
#1393 = CARTESIAN_POINT ( 'NONE',  ( 190.0000000000000000, 190.0000000000000300, 124.5000000000000000 ) ) ;
#1394 = DIRECTION ( 'NONE',  ( 0.0000000000000000000, 0.0000000000000000000, -1.000000000000000000 ) ) ;
#1395 = CARTESIAN_POINT ( 'NONE',  ( 0.3176807864335992600, 122.5000000000000000, 74.26955262170041300 ) ) ;
#1396 = AXIS2_PLACEMENT_3D ( 'NONE', #542, #3132, #3708 ) ;
#1397 = CIRCLE ( 'NONE', #3508, 59.99999999999997900 ) ;
#1398 = CARTESIAN_POINT ( 'NONE',  ( 1.039108365341620900, 178.4741900506664600, 18.47703041493188900 ) ) ;
#1399 = CIRCLE ( 'NONE', #2090, 2.499999999999990200 ) ;
#1400 = ORIENTED_EDGE ( 'NONE', *, *, #1907, .F. ) ;
#1401 = CARTESIAN_POINT ( 'NONE',  ( -67.50000000000000000, 0.0000000000000000000, 132.0000000000000000 ) ) ;
#1402 = SURFACE_STYLE_FILL_AREA ( #2023 ) ;
#1403 = EDGE_CURVE ( 'NONE', #3313, #2880, #1252, .T. ) ;
#1404 = EDGE_LOOP ( 'NONE', ( #3560, #2225 ) ) ;
#1405 = CARTESIAN_POINT ( 'NONE',  ( -155.8845726811992200, 89.99999999999955900, 137.5000000000000000 ) ) ;
#1406 = CARTESIAN_POINT ( 'NONE',  ( -183.0000000000000300, 170.0000000000000000, 94.50000000000000000 ) ) ;
#1407 = CYLINDRICAL_SURFACE ( 'NONE', #1974, 12.99999999999998400 ) ;
#1408 = ORIENTED_EDGE ( 'NONE', *, *, #296, .T. ) ;
#1409 = EDGE_CURVE ( 'NONE', #1233, #2663, #2020, .T. ) ;
#1410 = DIRECTION ( 'NONE',  ( -1.000000000000000000, 0.0000000000000000000, 0.0000000000000000000 ) ) ;
#1411 = ORIENTED_EDGE ( 'NONE', *, *, #164, .T. ) ;
#1412 = VERTEX_POINT ( 'NONE', #3196 ) ;
#1413 = CARTESIAN_POINT ( 'NONE',  ( -155.8845726811991600, -89.99999999999961600, 135.9978484524311300 ) ) ;
#1414 = CARTESIAN_POINT ( 'NONE',  ( 220.0000000000000000, 189.9999999999998000, 124.5000000000000000 ) ) ;
#1415 = ORIENTED_EDGE ( 'NONE', *, *, #206, .T. ) ;
#1416 = FACE_OUTER_BOUND ( 'NONE', #103, .T. ) ;
#1417 = DIRECTION ( 'NONE',  ( 1.000000000000000000, 0.0000000000000000000, 0.0000000000000000000 ) ) ;
#1418 = AXIS2_PLACEMENT_3D ( 'NONE', #3578, #3597, #3667 ) ;
#1419 = CARTESIAN_POINT ( 'NONE',  ( 182.9999999999999700, 169.9999999999999400, 94.50000000000000000 ) ) ;
#1420 = DIRECTION ( 'NONE',  ( 1.000000000000000000, 0.0000000000000000000, 0.0000000000000000000 ) ) ;
#1421 =( GEOMETRIC_REPRESENTATION_CONTEXT ( 3 ) GLOBAL_UNCERTAINTY_ASSIGNED_CONTEXT ( ( #3557 ) ) GLOBAL_UNIT_ASSIGNED_CONTEXT ( ( #3570, #2452, #1863 ) ) REPRESENTATION_CONTEXT ( 'NONE', 'WORKASPACE' ) );
#1422 = CIRCLE ( 'NONE', #436, 2.499999999999990200 ) ;
#1423 = CONICAL_SURFACE ( 'NONE', #679, 2.500000000000002200, 1.029744258676659200 ) ;
#1424 = ORIENTED_EDGE ( 'NONE', *, *, #3671, .T. ) ;
#1425 = UNCERTAINTY_MEASURE_WITH_UNIT (LENGTH_MEASURE( 1.000000000000000100E-005 ), #886, 'distance_accuracy_value', 'NONE');
#1426 = CARTESIAN_POINT ( 'NONE',  ( 54.99999999999997900, 6.735557395310440200E-015, 0.0000000000000000000 ) ) ;
#1427 = CARTESIAN_POINT ( 'NONE',  ( 189.9999999999997700, -259.9999999999999400, 94.50000000000000000 ) ) ;
#1428 = COLOUR_RGB ( '',0.2000000000000000100, 0.2000000000000000100, 0.2000000000000000100 ) ;
#1429 = DIRECTION ( 'NONE',  ( 0.0000000000000000000, 0.0000000000000000000, -1.000000000000000000 ) ) ;
#1430 = EDGE_CURVE ( 'NONE', #1819, #1055, #3356, .T. ) ;
#1431 = CARTESIAN_POINT ( 'NONE',  ( 4.249786992212724700, 122.4508575567850500, 0.9754179534190661200 ) ) ;
#1432 = ORIENTED_EDGE ( 'NONE', *, *, #3541, .T. ) ;
#1433 = DIRECTION ( 'NONE',  ( -0.0000000000000000000, -0.0000000000000000000, -1.000000000000000000 ) ) ;
#1434 =( NAMED_UNIT ( * ) PLANE_ANGLE_UNIT ( ) SI_UNIT ( $, .RADIAN. ) );
#1435 = VERTEX_POINT ( 'NONE', #3728 ) ;
#1436 = FACE_OUTER_BOUND ( 'NONE', #2038, .T. ) ;
#1437 = DIRECTION ( 'NONE',  ( -0.0000000000000000000, -0.0000000000000000000, 1.000000000000000000 ) ) ;
#1438 = AXIS2_PLACEMENT_3D ( 'NONE', #1922, #1947, #3703 ) ;
#1439 =( NAMED_UNIT ( * ) PLANE_ANGLE_UNIT ( ) SI_UNIT ( $, .RADIAN. ) );
#1440 = CYLINDRICAL_SURFACE ( 'NONE', #581, 189.9999999999999400 ) ;
#1441 = VERTEX_POINT ( 'NONE', #852 ) ;
#1442 = CARTESIAN_POINT ( 'NONE',  ( -4.249999999999996400, -122.4999999999999900, 0.0000000000000000000 ) ) ;
#1443 = EDGE_CURVE ( 'NONE', #1530, #3012, #1920, .T. ) ;
#1444 = CARTESIAN_POINT ( 'NONE',  ( -4.249360504782371700, 122.4262755102040500, 19.50000000000000000 ) ) ;
#1445 = CLOSED_SHELL ( 'NONE', ( #399, #1264, #705, #3060, #2407, #2174, #1615, #3536, #3572, #414, #265, #863, #1554, #2615, #1854, #303, #716, #1473, #3255, #2634, #2067, #553, #80, #1811, #2389, #3302, #965, #1890, #2723, #1210, #1321, #3396, #2748, #2002, #3594, #630, #3675, #2046, #2118, #2101, #1163, #3000, #947, #888, #363, #3458, #1574, #1779, #3334, #3765, #134, #1454, #2154, #3610, #1496, #1003, #1300, #2084, #2924, #1905, #1094, #2335, #3501, #985, #649, #3740, #2959, #2670, #1969, #667, #2881, #114, #1189, #284, #1595, #3044, #2597, #2685, #1281, #908, #929, #3317, #381, #3553, #2819, #2135, #2461, #573, #3237, #2979, #2188, #433, #792, #1872, #1027, #686, #3197, #1832, #1757, #3219, #18, #2903, #3174, #1537, #594, #2247, #3283, #2354 ) ) ;
#1446 = DIRECTION ( 'NONE',  ( 1.000000000000000000, 0.0000000000000000000, 0.0000000000000000000 ) ) ;
#1447 = UNCERTAINTY_MEASURE_WITH_UNIT (LENGTH_MEASURE( 1.000000000000000100E-005 ), #720, 'distance_accuracy_value', 'NONE');
#1448 = PRESENTATION_STYLE_ASSIGNMENT (( #1302 ) ) ;
#1449 = DIRECTION ( 'NONE',  ( 0.0000000000000000000, 0.0000000000000000000, -1.000000000000000000 ) ) ;
#1450 = VERTEX_POINT ( 'NONE', #3180 ) ;
#1451 = CARTESIAN_POINT ( 'NONE',  ( -220.0000000000000000, 189.9999999999998000, 124.5000000000000000 ) ) ;
#1452 = VERTEX_POINT ( 'NONE', #2329 ) ;
#1453 = DIRECTION ( 'NONE',  ( -0.0000000000000000000, -0.0000000000000000000, -1.000000000000000000 ) ) ;
#1454 = ADVANCED_FACE ( 'NONE', ( #1917, #3057, #1623, #1151, #2277, #268, #171, #1386 ), #565, .T. ) ;
#1455 = EDGE_CURVE ( 'NONE', #2964, #314, #1060, .T. ) ;
#1456 = ORIENTED_EDGE ( 'NONE', *, *, #1234, .F. ) ;
#1457 = CONICAL_SURFACE ( 'NONE', #1072, 4.249999999999995600, 1.029744258676653200 ) ;
#1458 = CARTESIAN_POINT ( 'NONE',  ( -67.50000000000000000, 0.0000000000000000000, 147.0000000000000300 ) ) ;
#1459 = MECHANICAL_DESIGN_GEOMETRIC_PRESENTATION_REPRESENTATION (  '', ( #74 ), #1392 ) ;
#1460 = CIRCLE ( 'NONE', #3445, 189.9999999999999400 ) ;
#1461 = DIRECTION ( 'NONE',  ( -0.0000000000000000000, -0.0000000000000000000, 1.000000000000000000 ) ) ;
#1462 = COLOUR_RGB ( '',0.2000000000000000100, 0.2000000000000000100, 0.2000000000000000100 ) ;
#1463 = CARTESIAN_POINT ( 'NONE',  ( 67.50000000000000000, 0.0000000000000000000, 147.0000000000000300 ) ) ;
#1464 = DIRECTION ( 'NONE',  ( -1.000000000000000000, 0.0000000000000000000, 0.0000000000000000000 ) ) ;
#1465 = AXIS2_PLACEMENT_3D ( 'NONE', #696, #136, #2437 ) ;
#1466 = CARTESIAN_POINT ( 'NONE',  ( 0.0000000000000000000, 189.9999999999999400, 170.5000000000000000 ) ) ;
#1467 = EDGE_LOOP ( 'NONE', ( #3659, #190 ) ) ;
#1468 = DIRECTION ( 'NONE',  ( -0.0000000000000000000, -0.0000000000000000000, -1.000000000000000000 ) ) ;
#1469 = ORIENTED_EDGE ( 'NONE', *, *, #956, .T. ) ;
#1470 = CARTESIAN_POINT ( 'NONE',  ( 0.0000000000000000000, 0.0000000000000000000, 147.0000000000000300 ) ) ;
#1471 = EDGE_CURVE ( 'NONE', #3147, #2677, #3754, .T. ) ;
#1472 = UNCERTAINTY_MEASURE_WITH_UNIT (LENGTH_MEASURE( 1.000000000000000100E-005 ), #789, 'distance_accuracy_value', 'NONE');
#1473 = ADVANCED_FACE ( 'NONE', ( #2496 ), #3441, .F. ) ;
#1474 = EDGE_LOOP ( 'NONE', ( #501, #1644, #2921, #476 ) ) ;
#1475 = CARTESIAN_POINT ( 'NONE',  ( 122.4999999999999700, 1.500192328955507500E-014, 0.0000000000000000000 ) ) ;
#1476 = CARTESIAN_POINT ( 'NONE',  ( -3.974491266289044600, 181.5610448548486000, 21.60453326182603500 ) ) ;
#1477 = EDGE_CURVE ( 'NONE', #3123, #2261, #3581, .T. ) ;
#1478 = ORIENTED_EDGE ( 'NONE', *, *, #1843, .T. ) ;
#1479 = DIRECTION ( 'NONE',  ( -0.0000000000000000000, -0.0000000000000000000, -1.000000000000000000 ) ) ;
#1480 = CYLINDRICAL_SURFACE ( 'NONE', #3482, 2.500000000000002200 ) ;
#1481 = FACE_OUTER_BOUND ( 'NONE', #1727, .T. ) ;
#1482 = ORIENTED_EDGE ( 'NONE', *, *, #3685, .F. ) ;
#1483 = DIRECTION ( 'NONE',  ( -0.0000000000000000000, 0.7071067811865489100, -0.7071067811865461300 ) ) ;
#1484 = CARTESIAN_POINT ( 'NONE',  ( 3.838906018136118500, 122.4398581199299500, 78.36481228805311600 ) ) ;
#1485 = ORIENTED_EDGE ( 'NONE', *, *, #2751, .F. ) ;
#1486 = AXIS2_PLACEMENT_3D ( 'NONE', #736, #3340, #719 ) ;
#1487 = CARTESIAN_POINT ( 'NONE',  ( -155.8845726811991600, -89.99999999999961600, 170.5000000000000000 ) ) ;
#1488 = CIRCLE ( 'NONE', #1511, 2.500000000000002200 ) ;
#1489 = ORIENTED_EDGE ( 'NONE', *, *, #1818, .F. ) ;
#1490 = CARTESIAN_POINT ( 'NONE',  ( 0.0000000000000000000, 94.99999999999997200, 152.0000000000000300 ) ) ;
#1491 = FACE_OUTER_BOUND ( 'NONE', #3282, .T. ) ;
#1492 = DIRECTION ( 'NONE',  ( -1.000000000000000000, 0.0000000000000000000, 0.0000000000000000000 ) ) ;
#1493 = AXIS2_PLACEMENT_3D ( 'NONE', #3550, #2970, #3207 ) ;
#1494 = CIRCLE ( 'NONE', #517, 2.499999999999994200 ) ;
#1495 = CARTESIAN_POINT ( 'NONE',  ( -2.438275307609632400, 183.4549328308722200, 23.47100572589230800 ) ) ;
#1496 = ADVANCED_FACE ( 'NONE', ( #2863 ), #3532, .F. ) ;
#1497 = VECTOR ( 'NONE', #3641, 1000.000000000000000 ) ;
#1498 = EDGE_CURVE ( 'NONE', #3011, #1384, #2772, .T. ) ;
#1499 =( NAMED_UNIT ( * ) PLANE_ANGLE_UNIT ( ) SI_UNIT ( $, .RADIAN. ) );
#1500 = CARTESIAN_POINT ( 'NONE',  ( 3.984869215210430600, 122.4351751643610100, 80.57759267221541700 ) ) ;
#1501 = AXIS2_PLACEMENT_3D ( 'NONE', #831, #3763, #2862 ) ;
#1502 = ORIENTED_EDGE ( 'NONE', *, *, #2336, .F. ) ;
#1503 =( NAMED_UNIT ( * ) PLANE_ANGLE_UNIT ( ) SI_UNIT ( $, .RADIAN. ) );
#1504 = CARTESIAN_POINT ( 'NONE',  ( 0.0000000000000000000, 54.99999999999997900, 128.0000000000000000 ) ) ;
#1505 = EDGE_LOOP ( 'NONE', ( #1939, #1319, #3373, #2524 ) ) ;
#1506 = CIRCLE ( 'NONE', #540, 94.99999999999997200 ) ;
#1507 = EDGE_CURVE ( 'NONE', #1099, #2215, #1743, .T. ) ;
#1508 = CARTESIAN_POINT ( 'NONE',  ( -0.2606733440528199400, 178.3847763108503300, 18.38477631085028500 ) ) ;
#1509 = CARTESIAN_POINT ( 'NONE',  ( 2.833537668114854700, -122.4754180788138600, 20.35109639739958400 ) ) ;
#1510 = FACE_OUTER_BOUND ( 'NONE', #2894, .T. ) ;
#1511 = AXIS2_PLACEMENT_3D ( 'NONE', #1405, #2512, #186 ) ;
#1512 = CARTESIAN_POINT ( 'NONE',  ( 3.977140742729670100, 122.4354276442610700, 79.30771293342212400 ) ) ;
#1513 = CARTESIAN_POINT ( 'NONE',  ( -155.8845726811991600, -89.99999999999961600, 137.5000000000000000 ) ) ;
#1514 = DIRECTION ( 'NONE',  ( -0.0000000000000000000, -0.0000000000000000000, 1.000000000000000000 ) ) ;
#1515 = CARTESIAN_POINT ( 'NONE',  ( 155.8845726811991600, 89.99999999999970200, 170.5000000000000000 ) ) ;
#1516 = FACE_OUTER_BOUND ( 'NONE', #2030, .T. ) ;
#1517 = AXIS2_PLACEMENT_3D ( 'NONE', #3593, #1040, #1276 ) ;
#1518 = ORIENTED_EDGE ( 'NONE', *, *, #625, .T. ) ;
#1519 = CIRCLE ( 'NONE', #1493, 2.499999999999990200 ) ;
#1520 = CARTESIAN_POINT ( 'NONE',  ( 5.000000000000001800, -138.0000000000000000, 121.0000000000000000 ) ) ;
#1521 = COLOUR_RGB ( '',0.2000000000000000100, 0.2000000000000000100, 0.2000000000000000100 ) ;
#1522 = CARTESIAN_POINT ( 'NONE',  ( 169.9999999999999700, -200.0000000000000900, 94.50000000000000000 ) ) ;
#1523 = ORIENTED_EDGE ( 'NONE', *, *, #840, .T. ) ;
#1524 = EDGE_CURVE ( 'NONE', #2262, #3419, #1655, .T. ) ;
#1525 = AXIS2_PLACEMENT_3D ( 'NONE', #2106, #1547, #2386 ) ;
#1526 = EDGE_LOOP ( 'NONE', ( #839, #1518, #1682, #3562 ) ) ;
#1527 = VECTOR ( 'NONE', #701, 1000.000000000000000 ) ;
#1528 = CARTESIAN_POINT ( 'NONE',  ( -2.289121217467849700, 122.4786678650381600, 84.59100970226927500 ) ) ;
#1529 = VERTEX_POINT ( 'NONE', #2722 ) ;
#1530 = VERTEX_POINT ( 'NONE', #1857 ) ;
#1531 = DIRECTION ( 'NONE',  ( -0.0000000000000000000, -0.0000000000000000000, -1.000000000000000000 ) ) ;
#1532 =( LENGTH_UNIT ( ) NAMED_UNIT ( * ) SI_UNIT ( .MILLI., .METRE. ) );
#1533 = DIRECTION ( 'NONE',  ( -0.0000000000000000000, -0.0000000000000000000, 1.000000000000000000 ) ) ;
#1534 = EDGE_CURVE ( 'NONE', #946, #458, #33, .T. ) ;
#1535 = LINE ( 'NONE', #3466, #728 ) ;
#1536 = CYLINDRICAL_SURFACE ( 'NONE', #1525, 2.499999999999993300 ) ;
#1537 = ADVANCED_FACE ( 'NONE', ( #1739 ), #443, .F. ) ;
#1538 =( NAMED_UNIT ( * ) PLANE_ANGLE_UNIT ( ) SI_UNIT ( $, .RADIAN. ) );
#1539 = ORIENTED_EDGE ( 'NONE', *, *, #927, .F. ) ;
#1540 = CIRCLE ( 'NONE', #2709, 160.0000000000000900 ) ;
#1541 =( GEOMETRIC_REPRESENTATION_CONTEXT ( 3 ) GLOBAL_UNCERTAINTY_ASSIGNED_CONTEXT ( ( #3157 ) ) GLOBAL_UNIT_ASSIGNED_CONTEXT ( ( #586, #1503, #2344 ) ) REPRESENTATION_CONTEXT ( 'NONE', 'WORKASPACE' ) );
#1542 = CARTESIAN_POINT ( 'NONE',  ( -2.884660479268792000, 122.4661383535931000, 76.02545849666759600 ) ) ;
#1543 = CARTESIAN_POINT ( 'NONE',  ( -189.9999999999997700, -259.9999999999998900, 124.5000000000000000 ) ) ;
#1544 = ORIENTED_EDGE ( 'NONE', *, *, #2795, .F. ) ;
#1545 =( GEOMETRIC_REPRESENTATION_CONTEXT ( 3 ) GLOBAL_UNCERTAINTY_ASSIGNED_CONTEXT ( ( #1425 ) ) GLOBAL_UNIT_ASSIGNED_CONTEXT ( ( #886, #326, #1213 ) ) REPRESENTATION_CONTEXT ( 'NONE', 'WORKASPACE' ) );
#1546 = ORIENTED_EDGE ( 'NONE', *, *, #89, .F. ) ;
#1547 = DIRECTION ( 'NONE',  ( -0.0000000000000000000, -0.0000000000000000000, 1.000000000000000000 ) ) ;
#1548 =( NAMED_UNIT ( * ) SI_UNIT ( $, .STERADIAN. ) SOLID_ANGLE_UNIT ( ) );
#1549 = ORIENTED_EDGE ( 'NONE', *, *, #3024, .T. ) ;
#1550 = ORIENTED_EDGE ( 'NONE', *, *, #1313, .T. ) ;
#1551 = MECHANICAL_DESIGN_GEOMETRIC_PRESENTATION_REPRESENTATION (  '', ( #1686 ), #898 ) ;
#1552 = ORIENTED_EDGE ( 'NONE', *, *, #1716, .F. ) ;
#1553 = FACE_OUTER_BOUND ( 'NONE', #2691, .T. ) ;
#1554 = ADVANCED_FACE ( 'NONE', ( #3709 ), #2953, .F. ) ;
#1555 = EDGE_LOOP ( 'NONE', ( #2245, #2590, #1742, #2325 ) ) ;
#1556 = CARTESIAN_POINT ( 'NONE',  ( 189.9999999999999400, 2.326828918379970700E-014, 170.5000000000000000 ) ) ;
#1557 = ORIENTED_EDGE ( 'NONE', *, *, #1703, .T. ) ;
#1558 = DIRECTION ( 'NONE',  ( -0.0000000000000000000, -0.0000000000000000000, 1.000000000000000000 ) ) ;
#1559 = FACE_OUTER_BOUND ( 'NONE', #2140, .T. ) ;
#1560 = MECHANICAL_DESIGN_GEOMETRIC_PRESENTATION_REPRESENTATION (  '', ( #2556 ), #3335 ) ;
#1561 = FILL_AREA_STYLE_COLOUR ( '', #2700 ) ;
#1562 = ORIENTED_EDGE ( 'NONE', *, *, #3167, .T. ) ;
#1563 = DIRECTION ( 'NONE',  ( -1.000000000000000000, 0.0000000000000000000, 0.0000000000000000000 ) ) ;
#1564 = AXIS2_PLACEMENT_3D ( 'NONE', #820, #3714, #833 ) ;
#1565 = FACE_OUTER_BOUND ( 'NONE', #2395, .T. ) ;
#1566 = ORIENTED_EDGE ( 'NONE', *, *, #1382, .T. ) ;
#1567 = CARTESIAN_POINT ( 'NONE',  ( -2.499999999999952000, 67.50000000000000000, 147.0000000000000300 ) ) ;
#1568 = CARTESIAN_POINT ( 'NONE',  ( 3.674951612863408900E-015, 184.0416305603426400, 24.04163056034266400 ) ) ;
#1569 = CARTESIAN_POINT ( 'NONE',  ( 169.9999999999999700, 169.9999999999999400, 94.50000000000000000 ) ) ;
#1570 = SURFACE_STYLE_FILL_AREA ( #1137 ) ;
#1571 = ORIENTED_EDGE ( 'NONE', *, *, #2196, .T. ) ;
#1572 = MECHANICAL_DESIGN_GEOMETRIC_PRESENTATION_REPRESENTATION (  '', ( #3319 ), #3623 ) ;
#1573 = DIRECTION ( 'NONE',  ( 1.000000000000000000, 0.0000000000000000000, 0.0000000000000000000 ) ) ;
#1574 = ADVANCED_FACE ( 'NONE', ( #764 ), #2763, .F. ) ;
#1575 = CARTESIAN_POINT ( 'NONE',  ( -65.00000000000001400, 0.0000000000000000000, 147.0000000000000300 ) ) ;
#1576 = CARTESIAN_POINT ( 'NONE',  ( 5.000000000000001800, -138.0000000000000000, 0.0000000000000000000 ) ) ;
#1577 = EDGE_LOOP ( 'NONE', ( #2927, #3022 ) ) ;
#1578 = SURFACE_SIDE_STYLE ('',( #442 ) ) ;
#1579 = EDGE_CURVE ( 'NONE', #3164, #2880, #168, .T. ) ;
#1580 = ORIENTED_EDGE ( 'NONE', *, *, #2237, .F. ) ;
#1581 = SURFACE_STYLE_FILL_AREA ( #2058 ) ;
#1582 = ORIENTED_EDGE ( 'NONE', *, *, #1899, .F. ) ;
#1583 =( NAMED_UNIT ( * ) SI_UNIT ( $, .STERADIAN. ) SOLID_ANGLE_UNIT ( ) );
#1584 = CARTESIAN_POINT ( 'NONE',  ( 4.146918806383180100, 123.4303571428572200, 4.274382170203848200E-016 ) ) ;
#1585 = DIRECTION ( 'NONE',  ( -1.000000000000000000, 0.0000000000000000000, 0.0000000000000000000 ) ) ;
#1586 = PRESENTATION_LAYER_ASSIGNMENT (  '', '', ( #429 ) ) ;
#1587 = VERTEX_POINT ( 'NONE', #3637 ) ;
#1588 = DIRECTION ( 'NONE',  ( -0.0000000000000000000, -0.0000000000000000000, -1.000000000000000000 ) ) ;
#1589 = FACE_OUTER_BOUND ( 'NONE', #1474, .T. ) ;
#1590 = DIRECTION ( 'NONE',  ( -0.0000000000000000000, -0.0000000000000000000, 1.000000000000000000 ) ) ;
#1591 = EDGE_LOOP ( 'NONE', ( #302, #2840, #3453, #558, #2218 ) ) ;
#1592 = AXIS2_PLACEMENT_3D ( 'NONE', #1953, #1145, #2562 ) ;
#1593 = VECTOR ( 'NONE', #3344, 1000.000000000000000 ) ;
#1594 = VERTEX_POINT ( 'NONE', #165 ) ;
#1595 = ADVANCED_FACE ( 'NONE', ( #357 ), #214, .F. ) ;
#1596 = COLOUR_RGB ( '',0.2000000000000000100, 0.2000000000000000100, 0.2000000000000000100 ) ;
#1597 = CARTESIAN_POINT ( 'NONE',  ( -153.3845726811992200, 89.99999999999955900, 170.5000000000000000 ) ) ;
#1598 = PRESENTATION_LAYER_ASSIGNMENT (  '', '', ( #2757 ) ) ;
#1599 = CARTESIAN_POINT ( 'NONE',  ( 0.0000000000000000000, -122.4999999999999900, 19.50000000000000000 ) ) ;
#1600 = ORIENTED_EDGE ( 'NONE', *, *, #3347, .F. ) ;
#1601 = CARTESIAN_POINT ( 'NONE',  ( -5.401588245426607100E-015, 122.4999999999999900, 22.05365763086713200 ) ) ;
#1602 = DIRECTION ( 'NONE',  ( -1.000000000000000000, 0.0000000000000000000, 0.0000000000000000000 ) ) ;
#1603 = ORIENTED_EDGE ( 'NONE', *, *, #599, .T. ) ;
#1604 =( LENGTH_UNIT ( ) NAMED_UNIT ( * ) SI_UNIT ( .MILLI., .METRE. ) );
#1605 = LINE ( 'NONE', #1147, #2093 ) ;
#1606 = EDGE_CURVE ( 'NONE', #2684, #2262, #2585, .T. ) ;
#1607 = CARTESIAN_POINT ( 'NONE',  ( -122.4999999999999700, 0.0000000000000000000, 0.0000000000000000000 ) ) ;
#1608 = ORIENTED_EDGE ( 'NONE', *, *, #668, .T. ) ;
#1609 = CARTESIAN_POINT ( 'NONE',  ( -5.000000000000001800, -138.0000000000000000, 170.5010000000000000 ) ) ;
#1610 = CYLINDRICAL_SURFACE ( 'NONE', #2183, 2.499999999999993300 ) ;
#1611 = SURFACE_SIDE_STYLE ('',( #3013 ) ) ;
#1612 = SURFACE_SIDE_STYLE ('',( #2059 ) ) ;
#1613 = VECTOR ( 'NONE', #3564, 1000.000000000000000 ) ;
#1614 = VECTOR ( 'NONE', #2928, 1000.000000000000000 ) ;
#1615 = ADVANCED_FACE ( 'NONE', ( #1245 ), #1911, .F. ) ;
#1616 = FACE_OUTER_BOUND ( 'NONE', #3408, .T. ) ;
#1617 = DIRECTION ( 'NONE',  ( -1.000000000000000000, 0.0000000000000000000, 0.0000000000000000000 ) ) ;
#1618 =( GEOMETRIC_REPRESENTATION_CONTEXT ( 3 ) GLOBAL_UNCERTAINTY_ASSIGNED_CONTEXT ( ( #2324 ) ) GLOBAL_UNIT_ASSIGNED_CONTEXT ( ( #141, #3093, #1944 ) ) REPRESENTATION_CONTEXT ( 'NONE', 'WORKASPACE' ) );
#1619 = CARTESIAN_POINT ( 'NONE',  ( -178.7500000000000300, 134.9999999999999700, 124.5000000000000000 ) ) ;
#1620 = VECTOR ( 'NONE', #3660, 1000.000000000000000 ) ;
#1621 = ORIENTED_EDGE ( 'NONE', *, *, #1001, .F. ) ;
#1622 = AXIS2_PLACEMENT_3D ( 'NONE', #1635, #189, #2826 ) ;
#1623 = FACE_BOUND ( 'NONE', #2390, .T. ) ;
#1624 = CARTESIAN_POINT ( 'NONE',  ( -170.0000000000000300, -200.0000000000000300, 94.50000000000000000 ) ) ;
#1625 = ORIENTED_EDGE ( 'NONE', *, *, #178, .F. ) ;
#1626 = CYLINDRICAL_SURFACE ( 'NONE', #2027, 2.499999999999992500 ) ;
#1627 = DIRECTION ( 'NONE',  ( 1.000000000000000000, 0.0000000000000000000, 0.0000000000000000000 ) ) ;
#1628 = FACE_BOUND ( 'NONE', #796, .T. ) ;
#1629 = ORIENTED_EDGE ( 'NONE', *, *, #1986, .F. ) ;
#1630 = EDGE_LOOP ( 'NONE', ( #1853, #3071, #3291, #883 ) ) ;
#1631 =( NAMED_UNIT ( * ) PLANE_ANGLE_UNIT ( ) SI_UNIT ( $, .RADIAN. ) );
#1632 = CARTESIAN_POINT ( 'NONE',  ( -4.249360504782371700, -122.4262755102040500, 19.50000000000000000 ) ) ;
#1633 = ORIENTED_EDGE ( 'NONE', *, *, #2109, .F. ) ;
#1634 = EDGE_CURVE ( 'NONE', #382, #1412, #1142, .T. ) ;
#1635 = CARTESIAN_POINT ( 'NONE',  ( 0.0000000000000000000, -67.50000000000000000, 132.0000000000000000 ) ) ;
#1636 = ORIENTED_EDGE ( 'NONE', *, *, #108, .T. ) ;
#1637 = AXIS2_PLACEMENT_3D ( 'NONE', #1515, #1180, #3204 ) ;
#1638 = ORIENTED_EDGE ( 'NONE', *, *, #2406, .T. ) ;
#1639 = EDGE_LOOP ( 'NONE', ( #545, #2647 ) ) ;
#1640 = CARTESIAN_POINT ( 'NONE',  ( -161.2500000000000600, 134.9999999999999700, 94.50000000000000000 ) ) ;
#1641 = AXIS2_PLACEMENT_3D ( 'NONE', #1687, #1114, #2505 ) ;
#1642 = VERTEX_POINT ( 'NONE', #2904 ) ;
#1643 = CIRCLE ( 'NONE', #1940, 189.9999999999999400 ) ;
#1644 = ORIENTED_EDGE ( 'NONE', *, *, #1109, .F. ) ;
#1645 = CARTESIAN_POINT ( 'NONE',  ( 0.0000000000000000000, -138.0000000000000000, 170.5010000000000000 ) ) ;
#1646 = CARTESIAN_POINT ( 'NONE',  ( -70.00000000000000000, 3.061616997868386100E-016, 132.0000000000000000 ) ) ;
#1647 = EDGE_CURVE ( 'NONE', #1748, #2663, #210, .T. ) ;
#1648 = CARTESIAN_POINT ( 'NONE',  ( -0.3177752060564859600, 122.5000000000000000, 74.26955262170039900 ) ) ;
#1649 = FACE_OUTER_BOUND ( 'NONE', #151, .T. ) ;
#1650 = EDGE_LOOP ( 'NONE', ( #3362, #3355, #3551, #1232, #261, #572, #404, #3503 ) ) ;
#1651 = EDGE_CURVE ( 'NONE', #1894, #2880, #1383, .T. ) ;
#1652 = DIRECTION ( 'NONE',  ( 1.000000000000000000, 0.0000000000000000000, 0.0000000000000000000 ) ) ;
#1653 = FILL_AREA_STYLE_COLOUR ( '', #2741 ) ;
#1654 = ORIENTED_EDGE ( 'NONE', *, *, #1172, .F. ) ;
#1655 = LINE ( 'NONE', #1026, #860 ) ;
#1656 = DIRECTION ( 'NONE',  ( -1.000000000000000000, 0.0000000000000000000, 0.0000000000000000000 ) ) ;
#1657 = AXIS2_PLACEMENT_3D ( 'NONE', #133, #1588, #2765 ) ;
#1658 = DIRECTION ( 'NONE',  ( -1.000000000000000000, 0.0000000000000000000, 0.0000000000000000000 ) ) ;
#1659 = ORIENTED_EDGE ( 'NONE', *, *, #902, .F. ) ;
#1660 = LINE ( 'NONE', #3353, #3622 ) ;
#1661 = COLOUR_RGB ( '',0.2000000000000000100, 0.2000000000000000100, 0.2000000000000000100 ) ;
#1662 = VERTEX_POINT ( 'NONE', #1164 ) ;
#1663 = STYLED_ITEM ( 'NONE', ( #1448 ), #2748 ) ;
#1664 = VECTOR ( 'NONE', #1823, 1000.000000000000000 ) ;
#1665 = SURFACE_STYLE_FILL_AREA ( #2671 ) ;
#1666 = DIRECTION ( 'NONE',  ( -1.000000000000000000, 0.0000000000000000000, 0.0000000000000000000 ) ) ;
#1667 = ORIENTED_EDGE ( 'NONE', *, *, #3190, .T. ) ;
#1668 = CARTESIAN_POINT ( 'NONE',  ( 0.0000000000000000000, 0.0000000000000000000, 0.0000000000000000000 ) ) ;
#1669 = CIRCLE ( 'NONE', #2268, 123.5000000000000700 ) ;
#1670 = EDGE_CURVE ( 'NONE', #3266, #1642, #1519, .T. ) ;
#1671 = CARTESIAN_POINT ( 'NONE',  ( -189.9999999999999700, 2.326828918379971000E-014, 30.00000000000000700 ) ) ;
#1672 = EDGE_LOOP ( 'NONE', ( #1833, #2385, #2816, #2295 ) ) ;
#1673 = PRESENTATION_STYLE_ASSIGNMENT (( #824 ) ) ;
#1674 = CARTESIAN_POINT ( 'NONE',  ( 3.794894664355050700, 182.1063279115218400, 22.14583506273347200 ) ) ;
#1675 = CARTESIAN_POINT ( 'NONE',  ( 67.50000000000000000, 0.0000000000000000000, 130.4978484524311300 ) ) ;
#1676 = AXIS2_PLACEMENT_3D ( 'NONE', #2157, #3284, #2130 ) ;
#1677 = ORIENTED_EDGE ( 'NONE', *, *, #1670, .F. ) ;
#1678 = CARTESIAN_POINT ( 'NONE',  ( -153.3845726811991600, -89.99999999999961600, 170.5000000000000000 ) ) ;
#1679 = CARTESIAN_POINT ( 'NONE',  ( 0.0000000000000000000, 0.0000000000000000000, 4.274382170203848200E-016 ) ) ;
#1680 = CARTESIAN_POINT ( 'NONE',  ( 0.0000000000000000000, 0.0000000000000000000, 147.0000000000000300 ) ) ;
#1681 = ORIENTED_EDGE ( 'NONE', *, *, #3462, .T. ) ;
#1682 = ORIENTED_EDGE ( 'NONE', *, *, #1038, .T. ) ;
#1683 = AXIS2_PLACEMENT_3D ( 'NONE', #1882, #2740, #132 ) ;
#1684 = CARTESIAN_POINT ( 'NONE',  ( 2.500000000000036000, 180.0000000000000000, 137.5000000000000000 ) ) ;
#1685 = EDGE_CURVE ( 'NONE', #3072, #2185, #1104, .T. ) ;
#1686 = STYLED_ITEM ( 'NONE', ( #448 ), #3553 ) ;
#1687 = CARTESIAN_POINT ( 'NONE',  ( -67.50000000000000000, 0.0000000000000000000, 132.0000000000000000 ) ) ;
#1688 = DIRECTION ( 'NONE',  ( 1.000000000000000000, 0.0000000000000000000, 0.0000000000000000000 ) ) ;
#1689 = EDGE_LOOP ( 'NONE', ( #2500, #30, #179 ) ) ;
#1690 = DIRECTION ( 'NONE',  ( 0.0000000000000000000, 0.0000000000000000000, -1.000000000000000000 ) ) ;
#1691 = FACE_OUTER_BOUND ( 'NONE', #2644, .T. ) ;
#1692 = DIRECTION ( 'NONE',  ( -0.8571673007021132200, 1.049727191138619800E-016, 0.5150380749100526000 ) ) ;
#1693 = ORIENTED_EDGE ( 'NONE', *, *, #699, .T. ) ;
#1694 = EDGE_CURVE ( 'NONE', #1187, #1587, #1876, .T. ) ;
#1695 = ORIENTED_EDGE ( 'NONE', *, *, #3089, .F. ) ;
#1696 = CARTESIAN_POINT ( 'NONE',  ( 2.044957638916029100, 122.4832019784512300, 75.06440218651094700 ) ) ;
#1697 = AXIS2_PLACEMENT_3D ( 'NONE', #3431, #538, #2570 ) ;
#1698 =( NAMED_UNIT ( * ) PLANE_ANGLE_UNIT ( ) SI_UNIT ( $, .RADIAN. ) );
#1699 = UNCERTAINTY_MEASURE_WITH_UNIT (LENGTH_MEASURE( 1.000000000000000100E-005 ), #2976, 'distance_accuracy_value', 'NONE');
#1700 = AXIS2_PLACEMENT_3D ( 'NONE', #2640, #1479, #17 ) ;
#1701 = ORIENTED_EDGE ( 'NONE', *, *, #2650, .F. ) ;
#1702 = DIRECTION ( 'NONE',  ( -1.000000000000000000, 0.0000000000000000000, 0.0000000000000000000 ) ) ;
#1703 = EDGE_CURVE ( 'NONE', #1352, #2659, #1422, .T. ) ;
#1704 = ORIENTED_EDGE ( 'NONE', *, *, #1297, .F. ) ;
#1705 = DIRECTION ( 'NONE',  ( -0.0000000000000000000, -0.0000000000000000000, -1.000000000000000000 ) ) ;
#1706 = STYLED_ITEM ( 'NONE', ( #455 ), #3219 ) ;
#1707 = SURFACE_STYLE_FILL_AREA ( #702 ) ;
#1708 = CYLINDRICAL_SURFACE ( 'NONE', #1149, 122.4999999999999700 ) ;
#1709 = FACE_OUTER_BOUND ( 'NONE', #3372, .T. ) ;
#1710 = FACE_OUTER_BOUND ( 'NONE', #2605, .T. ) ;
#1711 = DIRECTION ( 'NONE',  ( 1.000000000000000000, 0.0000000000000000000, 0.0000000000000000000 ) ) ;
#1712 = EDGE_CURVE ( 'NONE', #3158, #815, #3348, .T. ) ;
#1713 = CIRCLE ( 'NONE', #3575, 76.99999999999998600 ) ;
#1714 = CARTESIAN_POINT ( 'NONE',  ( -4.249999999999995600, -122.4999999999999900, 19.50000000000000000 ) ) ;
#1715 = ORIENTED_EDGE ( 'NONE', *, *, #3750, .F. ) ;
#1716 = EDGE_CURVE ( 'NONE', #3465, #497, #3272, .T. ) ;
#1717 = CARTESIAN_POINT ( 'NONE',  ( 4.249999999999995600, -122.4999999999999900, 19.50000000000000000 ) ) ;
#1718 = DIRECTION ( 'NONE',  ( -0.0000000000000000000, -0.0000000000000000000, 1.000000000000000000 ) ) ;
#1719 = ORIENTED_EDGE ( 'NONE', *, *, #1443, .T. ) ;
#1720 = VECTOR ( 'NONE', #2411, 1000.000000000000000 ) ;
#1721 = CARTESIAN_POINT ( 'NONE',  ( 178.7499999999999700, -165.0000000000000900, 94.50000000000000000 ) ) ;
#1722 = UNCERTAINTY_MEASURE_WITH_UNIT (LENGTH_MEASURE( 1.000000000000000100E-005 ), #916, 'distance_accuracy_value', 'NONE');
#1723 = DIRECTION ( 'NONE',  ( -1.000000000000000000, 0.0000000000000000000, 0.0000000000000000000 ) ) ;
#1724 = CARTESIAN_POINT ( 'NONE',  ( -67.50000000000000000, 0.0000000000000000000, 130.4978484524311300 ) ) ;
#1725 = AXIS2_PLACEMENT_3D ( 'NONE', #300, #843, #3496 ) ;
#1726 = CARTESIAN_POINT ( 'NONE',  ( 0.0000000000000000000, 0.0000000000000000000, 152.0000000000000600 ) ) ;
#1727 = EDGE_LOOP ( 'NONE', ( #1715, #2623, #361, #1978 ) ) ;
#1728 = VECTOR ( 'NONE', #2565, 1000.000000000000000 ) ;
#1729 = CARTESIAN_POINT ( 'NONE',  ( -4.146918806383181900, 123.4303571428572200, 2.143131898507878900E-016 ) ) ;
#1730 = EDGE_LOOP ( 'NONE', ( #1621, #3043 ) ) ;
#1731 = FACE_OUTER_BOUND ( 'NONE', #2735, .T. ) ;
#1732 = PRESENTATION_LAYER_ASSIGNMENT (  '', '', ( #1143 ) ) ;
#1733 = ORIENTED_EDGE ( 'NONE', *, *, #3685, .T. ) ;
#1734 = DIRECTION ( 'NONE',  ( -1.000000000000000000, 0.0000000000000000000, 0.0000000000000000000 ) ) ;
#1735 = DIRECTION ( 'NONE',  ( 1.000000000000000000, 0.0000000000000000000, 0.0000000000000000000 ) ) ;
#1736 = ORIENTED_EDGE ( 'NONE', *, *, #1240, .F. ) ;
#1737 = CARTESIAN_POINT ( 'NONE',  ( -4.249360504782373500, 122.4262755102040800, 1.000000000000063900 ) ) ;
#1738 = VERTEX_POINT ( 'NONE', #144 ) ;
#1739 = FACE_OUTER_BOUND ( 'NONE', #1996, .T. ) ;
#1740 = DIRECTION ( 'NONE',  ( 0.0000000000000000000, 0.0000000000000000000, 1.000000000000000000 ) ) ;
#1741 = DIRECTION ( 'NONE',  ( -1.000000000000000000, 0.0000000000000000000, 0.0000000000000000000 ) ) ;
#1742 = ORIENTED_EDGE ( 'NONE', *, *, #35, .T. ) ;
#1743 = CIRCLE ( 'NONE', #914, 4.249999999999995600 ) ;
#1744 = ORIENTED_EDGE ( 'NONE', *, *, #654, .T. ) ;
#1745 = FILL_AREA_STYLE ('',( #2592 ) ) ;
#1746 = CARTESIAN_POINT ( 'NONE',  ( 0.0000000000000000000, 0.0000000000000000000, 147.0000000000000300 ) ) ;
#1747 = DIRECTION ( 'NONE',  ( 1.000000000000000000, 0.0000000000000000000, 0.0000000000000000000 ) ) ;
#1748 = VERTEX_POINT ( 'NONE', #2752 ) ;
#1749 = PRESENTATION_STYLE_ASSIGNMENT (( #2342 ) ) ;
#1750 = DIRECTION ( 'NONE',  ( 1.000000000000000000, 0.0000000000000000000, 0.0000000000000000000 ) ) ;
#1751 = PLANE ( 'NONE',  #1292 ) ;
#1752 = ORIENTED_EDGE ( 'NONE', *, *, #1357, .F. ) ;
#1753 = DIRECTION ( 'NONE',  ( -1.000000000000000000, 0.0000000000000000000, 0.0000000000000000000 ) ) ;
#1754 = ORIENTED_EDGE ( 'NONE', *, *, #574, .T. ) ;
#1755 = COLOUR_RGB ( '',0.2000000000000000100, 0.2000000000000000100, 0.2000000000000000100 ) ;
#1756 = DIRECTION ( 'NONE',  ( -0.7071067811865574500, 0.0000000000000000000, -0.7071067811865376900 ) ) ;
#1757 = ADVANCED_FACE ( 'NONE', ( #2809 ), #3179, .F. ) ;
#1758 = EDGE_CURVE ( 'NONE', #2692, #3518, #258, .T. ) ;
#1759 = FILL_AREA_STYLE ('',( #2883 ) ) ;
#1760 = DIRECTION ( 'NONE',  ( -0.0000000000000000000, -0.0000000000000000000, 1.000000000000000000 ) ) ;
#1761 = AXIS2_PLACEMENT_3D ( 'NONE', #3297, #2683, #3549 ) ;
#1762 = VERTEX_POINT ( 'NONE', #2457 ) ;
#1763 =( LENGTH_UNIT ( ) NAMED_UNIT ( * ) SI_UNIT ( .MILLI., .METRE. ) );
#1764 = CARTESIAN_POINT ( 'NONE',  ( 0.0000000000000000000, 0.0000000000000000000, 152.0000000000000600 ) ) ;
#1765 = CIRCLE ( 'NONE', #3389, 12.99999999999998400 ) ;
#1766 = EDGE_CURVE ( 'NONE', #703, #1352, #957, .T. ) ;
#1767 = DIRECTION ( 'NONE',  ( -0.0000000000000000000, -0.0000000000000000000, -1.000000000000000000 ) ) ;
#1768 = DIRECTION ( 'NONE',  ( -0.0000000000000000000, 0.0000000000000000000, -1.000000000000000000 ) ) ;
#1769 = CARTESIAN_POINT ( 'NONE',  ( -3.871251548618134000, 181.9285437111789700, 21.96971868159423400 ) ) ;
#1770 = VERTEX_POINT ( 'NONE', #721 ) ;
#1771 = AXIS2_PLACEMENT_3D ( 'NONE', #612, #3257, #1492 ) ;
#1772 = VERTEX_POINT ( 'NONE', #690 ) ;
#1773 = CARTESIAN_POINT ( 'NONE',  ( 169.9999999999999700, -165.0000000000000900, 94.50000000000000000 ) ) ;
#1774 = CARTESIAN_POINT ( 'NONE',  ( 3.628226789208885100, 122.4463528253262900, 82.45188158162207500 ) ) ;
#1775 = ORIENTED_EDGE ( 'NONE', *, *, #699, .F. ) ;
#1776 = ORIENTED_EDGE ( 'NONE', *, *, #172, .T. ) ;
#1777 = DIRECTION ( 'NONE',  ( 1.000000000000000000, 0.0000000000000000000, 0.0000000000000000000 ) ) ;
#1778 = PRESENTATION_LAYER_ASSIGNMENT (  '', '', ( #1118 ) ) ;
#1779 = ADVANCED_FACE ( 'NONE', ( #1000 ), #2403, .F. ) ;
#1780 = CONICAL_SURFACE ( 'NONE', #884, 2.499999999999994200, 1.029744258676656300 ) ;
#1781 = FACE_OUTER_BOUND ( 'NONE', #2087, .T. ) ;
#1782 = CARTESIAN_POINT ( 'NONE',  ( -1.774519229292102200, 183.7506718676299600, 23.75907886247633300 ) ) ;
#1783 = DIRECTION ( 'NONE',  ( -1.000000000000000000, 0.0000000000000000000, 0.0000000000000000000 ) ) ;
#1784 = AXIS2_PLACEMENT_3D ( 'NONE', #2835, #3632, #3401 ) ;
#1785 =( NAMED_UNIT ( * ) SI_UNIT ( $, .STERADIAN. ) SOLID_ANGLE_UNIT ( ) );
#1786 = DIRECTION ( 'NONE',  ( 1.000000000000000000, 0.0000000000000000000, 0.0000000000000000000 ) ) ;
#1787 = VECTOR ( 'NONE', #2132, 1000.000000000000000 ) ;
#1788 = CYLINDRICAL_SURFACE ( 'NONE', #534, 2.499999999999993300 ) ;
#1789 = VECTOR ( 'NONE', #213, 1000.000000000000000 ) ;
#1790 = EDGE_CURVE ( 'NONE', #3244, #3461, #3231, .T. ) ;
#1791 = ORIENTED_EDGE ( 'NONE', *, *, #401, .F. ) ;
#1792 = CARTESIAN_POINT ( 'NONE',  ( -153.3845726811991600, -89.99999999999961600, 137.5000000000000000 ) ) ;
#1793 = DIRECTION ( 'NONE',  ( 0.0000000000000000000, 0.0000000000000000000, 1.000000000000000000 ) ) ;
#1794 = CARTESIAN_POINT ( 'NONE',  ( 190.0000000000000000, 190.0000000000000300, 124.5000000000000000 ) ) ;
#1795 = ORIENTED_EDGE ( 'NONE', *, *, #847, .T. ) ;
#1796 = FACE_OUTER_BOUND ( 'NONE', #2382, .T. ) ;
#1797 = PLANE ( 'NONE',  #3154 ) ;
#1798 = ORIENTED_EDGE ( 'NONE', *, *, #283, .T. ) ;
#1799 = STYLED_ITEM ( 'NONE', ( #2018 ), #573 ) ;
#1800 = CARTESIAN_POINT ( 'NONE',  ( -1.092269209277586800, 122.4952246641621100, 85.37754173815533000 ) ) ;
#1801 = CARTESIAN_POINT ( 'NONE',  ( 155.8845726811991300, -89.99999999999948800, 170.5000000000000000 ) ) ;
#1802 = VECTOR ( 'NONE', #3427, 1000.000000000000000 ) ;
#1803 = CIRCLE ( 'NONE', #2199, 2.499999999999990200 ) ;
#1804 = ORIENTED_EDGE ( 'NONE', *, *, #2627, .T. ) ;
#1805 = DIRECTION ( 'NONE',  ( 1.000000000000000000, 0.0000000000000000000, 0.0000000000000000000 ) ) ;
#1806 = PRESENTATION_LAYER_ASSIGNMENT (  '', '', ( #1663 ) ) ;
#1807 = CIRCLE ( 'NONE', #2682, 2.499999999999994200 ) ;
#1808 = CARTESIAN_POINT ( 'NONE',  ( 4.158645492775586900E-014, 180.0000000000000000, 170.5000000000000000 ) ) ;
#1809 = CARTESIAN_POINT ( 'NONE',  ( -3.997960986808948700, 122.4347430737929600, 79.62701539780965700 ) ) ;
#1810 = DIRECTION ( 'NONE',  ( -1.000000000000000000, 0.0000000000000000000, 0.0000000000000000000 ) ) ;
#1811 = ADVANCED_FACE ( 'NONE', ( #1691 ), #1956, .F. ) ;
#1812 = ORIENTED_EDGE ( 'NONE', *, *, #3190, .F. ) ;
#1813 = ORIENTED_EDGE ( 'NONE', *, *, #449, .T. ) ;
#1814 = CARTESIAN_POINT ( 'NONE',  ( -183.0000000000000300, 170.0000000000000000, 124.5000000000000000 ) ) ;
#1815 = DIRECTION ( 'NONE',  ( 1.000000000000000000, 0.0000000000000000000, 0.0000000000000000000 ) ) ;
#1816 = VERTEX_POINT ( 'NONE', #1903 ) ;
#1817 = FACE_OUTER_BOUND ( 'NONE', #1074, .T. ) ;
#1818 = EDGE_CURVE ( 'NONE', #1233, #2706, #2143, .T. ) ;
#1819 = VERTEX_POINT ( 'NONE', #2472 ) ;
#1820 = SURFACE_SIDE_STYLE ('',( #466 ) ) ;
#1821 = LINE ( 'NONE', #2265, #993 ) ;
#1822 = CARTESIAN_POINT ( 'NONE',  ( -2.700994442023099600, 122.4704004318347500, 75.76625016617278200 ) ) ;
#1823 = DIRECTION ( 'NONE',  ( 0.8571673007021147800, 0.0000000000000000000, 0.5150380749100501600 ) ) ;
#1824 = FACE_OUTER_BOUND ( 'NONE', #3322, .T. ) ;
#1825 = AXIS2_PLACEMENT_3D ( 'NONE', #704, #1011, #874 ) ;
#1826 = ORIENTED_EDGE ( 'NONE', *, *, #1403, .F. ) ;
#1827 = DIRECTION ( 'NONE',  ( 0.7071067811865462400, 0.0000000000000000000, 0.7071067811865489100 ) ) ;
#1828 = CARTESIAN_POINT ( 'NONE',  ( 0.0000000000000000000, -122.4999999999999900, 19.50000000000000000 ) ) ;
#1829 = SURFACE_STYLE_USAGE ( .BOTH. , #1250 ) ;
#1830 = ORIENTED_EDGE ( 'NONE', *, *, #934, .T. ) ;
#1831 = AXIS2_PLACEMENT_3D ( 'NONE', #478, #2523, #3137 ) ;
#1832 = ADVANCED_FACE ( 'NONE', ( #2715 ), #1242, .F. ) ;
#1833 = ORIENTED_EDGE ( 'NONE', *, *, #491, .F. ) ;
#1834 = SURFACE_STYLE_USAGE ( .BOTH. , #3555 ) ;
#1835 = CARTESIAN_POINT ( 'NONE',  ( -190.0000000000000000, -229.9999999999998900, 94.50000000000000000 ) ) ;
#1836 = CARTESIAN_POINT ( 'NONE',  ( 220.0000000000000000, -229.9999999999997400, 124.5000000000000000 ) ) ;
#1837 = EDGE_CURVE ( 'NONE', #621, #3465, #3235, .T. ) ;
#1838 = ORIENTED_EDGE ( 'NONE', *, *, #2920, .T. ) ;
#1839 = EDGE_LOOP ( 'NONE', ( #2975, #1331 ) ) ;
#1840 = DIRECTION ( 'NONE',  ( -1.000000000000000000, 0.0000000000000000000, 0.0000000000000000000 ) ) ;
#1841 = CARTESIAN_POINT ( 'NONE',  ( 4.249999999999999100, 122.8112936448055200, 0.6151912146533187200 ) ) ;
#1842 = FACE_BOUND ( 'NONE', #3209, .T. ) ;
#1843 = EDGE_CURVE ( 'NONE', #2706, #244, #1983, .T. ) ;
#1844 = VERTEX_POINT ( 'NONE', #1962 ) ;
#1845 = CARTESIAN_POINT ( 'NONE',  ( 189.9999999999997700, 220.0000000000000300, 124.5000000000000000 ) ) ;
#1846 = ORIENTED_EDGE ( 'NONE', *, *, #1124, .F. ) ;
#1847 = LINE ( 'NONE', #441, #2504 ) ;
#1848 = CARTESIAN_POINT ( 'NONE',  ( -189.9999999999997700, 220.0000000000000300, 124.5000000000000000 ) ) ;
#1849 = LINE ( 'NONE', #2246, #829 ) ;
#1850 = STYLED_ITEM ( 'NONE', ( #437 ), #1615 ) ;
#1851 = DIRECTION ( 'NONE',  ( -0.0000000000000000000, -0.0000000000000000000, -1.000000000000000000 ) ) ;
#1852 = CARTESIAN_POINT ( 'NONE',  ( 54.99999999999999300, 6.735557395310441800E-015, 134.0000000000000300 ) ) ;
#1853 = ORIENTED_EDGE ( 'NONE', *, *, #1471, .F. ) ;
#1854 = ADVANCED_FACE ( 'NONE', ( #1616 ), #1056, .F. ) ;
#1855 = AXIS2_PLACEMENT_3D ( 'NONE', #2112, #2698, #2674 ) ;
#1856 = DIRECTION ( 'NONE',  ( -0.0000000000000000000, -0.0000000000000000000, -1.000000000000000000 ) ) ;
#1857 = CARTESIAN_POINT ( 'NONE',  ( 220.0000000000000000, -229.9999999999997400, 94.50000000000000000 ) ) ;
#1858 = ORIENTED_EDGE ( 'NONE', *, *, #3479, .F. ) ;
#1859 = VERTEX_POINT ( 'NONE', #2506 ) ;
#1860 = EDGE_CURVE ( 'NONE', #394, #1161, #2766, .T. ) ;
#1861 = ORIENTED_EDGE ( 'NONE', *, *, #1766, .T. ) ;
#1862 = CIRCLE ( 'NONE', #1224, 122.4999999999999700 ) ;
#1863 =( NAMED_UNIT ( * ) SI_UNIT ( $, .STERADIAN. ) SOLID_ANGLE_UNIT ( ) );
#1864 = ORIENTED_EDGE ( 'NONE', *, *, #1790, .F. ) ;
#1865 = CYLINDRICAL_SURFACE ( 'NONE', #2561, 4.249999999999996400 ) ;
#1866 = DIRECTION ( 'NONE',  ( -0.0000000000000000000, -0.0000000000000000000, -1.000000000000000000 ) ) ;
#1867 = SURFACE_SIDE_STYLE ('',( #3545 ) ) ;
#1868 = CARTESIAN_POINT ( 'NONE',  ( 2.499999999999992500, -180.0000000000000300, 170.5000000000000000 ) ) ;
#1869 = FACE_BOUND ( 'NONE', #2089, .T. ) ;
#1870 = SURFACE_STYLE_FILL_AREA ( #239 ) ;
#1871 =( LENGTH_UNIT ( ) NAMED_UNIT ( * ) SI_UNIT ( .MILLI., .METRE. ) );
#1872 = ADVANCED_FACE ( 'NONE', ( #439 ), #166, .F. ) ;
#1873 = PRESENTATION_LAYER_ASSIGNMENT (  '', '', ( #1990 ) ) ;
#1874 = PRESENTATION_STYLE_ASSIGNMENT (( #2031 ) ) ;
#1875 = APPLICATION_PROTOCOL_DEFINITION ( 'draft international standard', 'automotive_design', 1998, #124 ) ;
#1876 = CIRCLE ( 'NONE', #2022, 12.99999999999998400 ) ;
#1877 = AXIS2_PLACEMENT_3D ( 'NONE', #739, #1036, #1585 ) ;
#1878 = VERTEX_POINT ( 'NONE', #522 ) ;
#1879 =( LENGTH_UNIT ( ) NAMED_UNIT ( * ) SI_UNIT ( .MILLI., .METRE. ) );
#1880 = DIRECTION ( 'NONE',  ( -1.000000000000000000, 0.0000000000000000000, 0.0000000000000000000 ) ) ;
#1881 = COLOUR_RGB ( '',0.2000000000000000100, 0.2000000000000000100, 0.2000000000000000100 ) ;
#1882 = CARTESIAN_POINT ( 'NONE',  ( 4.158645492775586900E-014, 67.50000000000000000, 132.0000000000000000 ) ) ;
#1883 = EDGE_CURVE ( 'NONE', #1772, #2655, #623, .T. ) ;
#1884 = AXIS2_PLACEMENT_3D ( 'NONE', #2094, #2373, #2701 ) ;
#1885 = CARTESIAN_POINT ( 'NONE',  ( 4.146918806383181900, -123.4303571428572200, 2.143131898507878900E-016 ) ) ;
#1886 = COLOUR_RGB ( '',0.2000000000000000100, 0.2000000000000000100, 0.2000000000000000100 ) ;
#1887 = ORIENTED_EDGE ( 'NONE', *, *, #640, .F. ) ;
#1888 = EDGE_LOOP ( 'NONE', ( #2480, #1625 ) ) ;
#1889 = PRESENTATION_STYLE_ASSIGNMENT (( #427 ) ) ;
#1890 = ADVANCED_FACE ( 'NONE', ( #305 ), #579, .F. ) ;
#1891 =( LENGTH_UNIT ( ) NAMED_UNIT ( * ) SI_UNIT ( .MILLI., .METRE. ) );
#1892 = DIRECTION ( 'NONE',  ( 1.000000000000000000, 0.0000000000000000000, 0.0000000000000000000 ) ) ;
#1893 = AXIS2_PLACEMENT_3D ( 'NONE', #1214, #304, #3504 ) ;
#1894 = VERTEX_POINT ( 'NONE', #805 ) ;
#1895 =( LENGTH_UNIT ( ) NAMED_UNIT ( * ) SI_UNIT ( .MILLI., .METRE. ) );
#1896 = DIRECTION ( 'NONE',  ( -1.000000000000000000, 0.0000000000000000000, 0.0000000000000000000 ) ) ;
#1897 = VERTEX_POINT ( 'NONE', #1724 ) ;
#1898 = AXIS2_PLACEMENT_3D ( 'NONE', #2780, #3069, #3112 ) ;
#1899 = EDGE_CURVE ( 'NONE', #3419, #3346, #2902, .T. ) ;
#1900 = DIRECTION ( 'NONE',  ( -0.0000000000000000000, -0.0000000000000000000, 1.000000000000000000 ) ) ;
#1901 = PRESENTATION_LAYER_ASSIGNMENT (  '', '', ( #1323 ) ) ;
#1902 = FILL_AREA_STYLE ('',( #3330 ) ) ;
#1903 = CARTESIAN_POINT ( 'NONE',  ( 189.9999999999997700, -259.9999999999999400, 124.5000000000000000 ) ) ;
#1904 = FILL_AREA_STYLE ('',( #3311 ) ) ;
#1905 = ADVANCED_FACE ( 'NONE', ( #1958, #3085 ), #1751, .T. ) ;
#1906 = EDGE_CURVE ( 'NONE', #1384, #3011, #3748, .T. ) ;
#1907 = EDGE_CURVE ( 'NONE', #998, #3299, #1283, .T. ) ;
#1908 = CARTESIAN_POINT ( 'NONE',  ( 0.2633530422792076400, 184.0416305603426400, 24.04163056034266100 ) ) ;
#1909 = CARTESIAN_POINT ( 'NONE',  ( 0.0000000000000000000, -138.0000000000000000, 121.0000000000000000 ) ) ;
#1910 = ORIENTED_EDGE ( 'NONE', *, *, #2990, .F. ) ;
#1911 = CYLINDRICAL_SURFACE ( 'NONE', #2515, 4.249999999999996400 ) ;
#1912 = PRESENTATION_STYLE_ASSIGNMENT (( #2872 ) ) ;
#1913 = MECHANICAL_DESIGN_GEOMETRIC_PRESENTATION_REPRESENTATION (  '', ( #1288 ), #3469 ) ;
#1914 = DIRECTION ( 'NONE',  ( -0.0000000000000000000, -0.0000000000000000000, 1.000000000000000000 ) ) ;
#1915 = ORIENTED_EDGE ( 'NONE', *, *, #3706, .T. ) ;
#1916 = MECHANICAL_DESIGN_GEOMETRIC_PRESENTATION_REPRESENTATION (  '', ( #1143 ), #2956 ) ;
#1917 = FACE_BOUND ( 'NONE', #747, .T. ) ;
#1918 = SURFACE_STYLE_FILL_AREA ( #3602 ) ;
#1919 = ORIENTED_EDGE ( 'NONE', *, *, #2153, .F. ) ;
#1920 = CIRCLE ( 'NONE', #1266, 30.00000000000000000 ) ;
#1921 = CARTESIAN_POINT ( 'NONE',  ( -2.499999999999948500, 67.50000000000000000, 147.0000000000000300 ) ) ;
#1922 = CARTESIAN_POINT ( 'NONE',  ( 67.50000000000000000, 0.0000000000000000000, 147.0000000000000300 ) ) ;
#1923 = AXIS2_PLACEMENT_3D ( 'NONE', #2535, #3732, #1750 ) ;
#1924 = CARTESIAN_POINT ( 'NONE',  ( 4.249360504782371700, -122.4262755102040500, 19.50000000000000000 ) ) ;
#1925 = LINE ( 'NONE', #2096, #2641 ) ;
#1926 = ORIENTED_EDGE ( 'NONE', *, *, #1209, .F. ) ;
#1927 = ORIENTED_EDGE ( 'NONE', *, *, #1971, .T. ) ;
#1928 = COLOUR_RGB ( '',0.2000000000000000100, 0.2000000000000000100, 0.2000000000000000100 ) ;
#1929 = ORIENTED_EDGE ( 'NONE', *, *, #127, .F. ) ;
#1930 = ORIENTED_EDGE ( 'NONE', *, *, #3415, .F. ) ;
#1931 = CARTESIAN_POINT ( 'NONE',  ( -1.241472112695330500, 122.4940776684119200, 74.53708151012810400 ) ) ;
#1932 = CARTESIAN_POINT ( 'NONE',  ( 3.178620372186210300, 182.9265712386645400, 22.95412466507566400 ) ) ;
#1933 = VERTEX_POINT ( 'NONE', #3661 ) ;
#1934 = SURFACE_STYLE_USAGE ( .BOTH. , #3082 ) ;
#1935 = ORIENTED_EDGE ( 'NONE', *, *, #3462, .F. ) ;
#1936 = AXIS2_PLACEMENT_3D ( 'NONE', #1487, #2607, #1178 ) ;
#1937 = ORIENTED_EDGE ( 'NONE', *, *, #1078, .F. ) ;
#1938 = CARTESIAN_POINT ( 'NONE',  ( 155.8845726811991600, 89.99999999999970200, 137.5000000000000000 ) ) ;
#1939 = ORIENTED_EDGE ( 'NONE', *, *, #2771, .F. ) ;
#1940 = AXIS2_PLACEMENT_3D ( 'NONE', #933, #1533, #2107 ) ;
#1941 = ORIENTED_EDGE ( 'NONE', *, *, #872, .F. ) ;
#1942 = EDGE_CURVE ( 'NONE', #458, #3687, #209, .T. ) ;
#1943 = CIRCLE ( 'NONE', #2614, 2.500000000000002200 ) ;
#1944 =( NAMED_UNIT ( * ) SI_UNIT ( $, .STERADIAN. ) SOLID_ANGLE_UNIT ( ) );
#1945 = AXIS2_PLACEMENT_3D ( 'NONE', #1522, #2051, #1464 ) ;
#1946 = CARTESIAN_POINT ( 'NONE',  ( -158.3845726811992200, 89.99999999999955900, 170.5000000000000000 ) ) ;
#1947 = DIRECTION ( 'NONE',  ( -0.0000000000000000000, -0.0000000000000000000, 1.000000000000000000 ) ) ;
#1948 = FACE_OUTER_BOUND ( 'NONE', #2596, .T. ) ;
#1949 = VERTEX_POINT ( 'NONE', #790 ) ;
#1950 = EDGE_CURVE ( 'NONE', #925, #1099, #2364, .T. ) ;
#1951 = CONICAL_SURFACE ( 'NONE', #3620, 2.499999999999994200, 1.029744258676656300 ) ;
#1952 = ORIENTED_EDGE ( 'NONE', *, *, #3757, .F. ) ;
#1953 = CARTESIAN_POINT ( 'NONE',  ( 155.8845726811991600, 89.99999999999970200, 137.5000000000000000 ) ) ;
#1954 = CARTESIAN_POINT ( 'NONE',  ( 0.0000000000000000000, 0.0000000000000000000, 134.5000000000000000 ) ) ;
#1955 = CARTESIAN_POINT ( 'NONE',  ( -153.3845726811991600, -89.99999999999961600, 170.5000000000000000 ) ) ;
#1956 = CYLINDRICAL_SURFACE ( 'NONE', #2205, 2.500000000000002200 ) ;
#1957 = CYLINDRICAL_SURFACE ( 'NONE', #3288, 189.9999999999999400 ) ;
#1958 = FACE_OUTER_BOUND ( 'NONE', #1404, .T. ) ;
#1959 = EDGE_CURVE ( 'NONE', #2502, #2040, #3478, .T. ) ;
#1960 = CARTESIAN_POINT ( 'NONE',  ( 4.000121061950751200, 181.0076529281579100, 21.05184718591309000 ) ) ;
#1961 = CARTESIAN_POINT ( 'NONE',  ( 153.3845726811991600, 89.99999999999970200, 170.5000000000000000 ) ) ;
#1962 = CARTESIAN_POINT ( 'NONE',  ( -4.249360504782373500, -122.4262755102040800, 1.000000000000063900 ) ) ;
#1963 = CARTESIAN_POINT ( 'NONE',  ( 4.158645492775586900E-014, 180.0000000000000000, 137.5000000000000000 ) ) ;
#1964 = VECTOR ( 'NONE', #3270, 1000.000000000000000 ) ;
#1965 = AXIS2_PLACEMENT_3D ( 'NONE', #2516, #403, #2796 ) ;
#1966 = CIRCLE ( 'NONE', #938, 54.99999999999997900 ) ;
#1967 = CARTESIAN_POINT ( 'NONE',  ( -183.0000000000000300, -200.0000000000000300, 124.5000000000000000 ) ) ;
#1968 = ORIENTED_EDGE ( 'NONE', *, *, #2892, .F. ) ;
#1969 = ADVANCED_FACE ( 'NONE', ( #3233 ), #1053, .T. ) ;
#1970 = CARTESIAN_POINT ( 'NONE',  ( -155.8845726811992200, 89.99999999999955900, 170.5000000000000000 ) ) ;
#1971 = EDGE_CURVE ( 'NONE', #1165, #3584, #1197, .T. ) ;
#1972 = DIRECTION ( 'NONE',  ( -0.0000000000000000000, -0.0000000000000000000, -1.000000000000000000 ) ) ;
#1973 = CARTESIAN_POINT ( 'NONE',  ( -70.00000000000000000, 3.061616997868377200E-016, 147.0000000000000300 ) ) ;
#1974 = AXIS2_PLACEMENT_3D ( 'NONE', #2368, #2402, #1316 ) ;
#1975 = FACE_OUTER_BOUND ( 'NONE', #3529, .T. ) ;
#1976 = ORIENTED_EDGE ( 'NONE', *, *, #710, .F. ) ;
#1977 = DIRECTION ( 'NONE',  ( -0.0000000000000000000, -0.0000000000000000000, 1.000000000000000000 ) ) ;
#1978 = ORIENTED_EDGE ( 'NONE', *, *, #425, .F. ) ;
#1979 = COLOUR_RGB ( '',0.2000000000000000100, 0.2000000000000000100, 0.2000000000000000100 ) ;
#1980 =( NAMED_UNIT ( * ) PLANE_ANGLE_UNIT ( ) SI_UNIT ( $, .RADIAN. ) );
#1981 = FACE_BOUND ( 'NONE', #676, .T. ) ;
#1982 = EDGE_CURVE ( 'NONE', #458, #1642, #2624, .T. ) ;
#1983 = B_SPLINE_CURVE_WITH_KNOTS ( 'NONE', 3,
 ( #1632, #509, #776, #1086 ),
 .UNSPECIFIED., .F., .F.,
 ( 4, 4 ),
 ( 0.009255792166748854800, 0.01421214115284919400 ),
 .UNSPECIFIED. ) ;
#1984 = CARTESIAN_POINT ( 'NONE',  ( -94.99999999999997200, 0.0000000000000000000, 0.0000000000000000000 ) ) ;
#1985 = VECTOR ( 'NONE', #2302, 1000.000000000000000 ) ;
#1986 = EDGE_CURVE ( 'NONE', #1384, #1587, #3176, .T. ) ;
#1987 = CARTESIAN_POINT ( 'NONE',  ( 0.0000000000000000000, 0.0000000000000000000, 0.0000000000000000000 ) ) ;
#1988 = CARTESIAN_POINT ( 'NONE',  ( 2.700799519139403900, 122.4704049580657100, 75.76597550145302800 ) ) ;
#1989 = DIRECTION ( 'NONE',  ( -0.0000000000000000000, -0.0000000000000000000, -1.000000000000000000 ) ) ;
#1990 = STYLED_ITEM ( 'NONE', ( #1912 ), #863 ) ;
#1991 = CONICAL_SURFACE ( 'NONE', #2231, 2.500000000000002200, 1.029744258676659200 ) ;
#1992 = DIRECTION ( 'NONE',  ( 0.0000000000000000000, 0.0000000000000000000, -1.000000000000000000 ) ) ;
#1993 = DIRECTION ( 'NONE',  ( -0.0000000000000000000, -0.0000000000000000000, 1.000000000000000000 ) ) ;
#1994 =( NAMED_UNIT ( * ) SI_UNIT ( $, .STERADIAN. ) SOLID_ANGLE_UNIT ( ) );
#1995 = CIRCLE ( 'NONE', #996, 2.500000000000002200 ) ;
#1996 = EDGE_LOOP ( 'NONE', ( #825, #122, #2213, #79 ) ) ;
#1997 = AXIS2_PLACEMENT_3D ( 'NONE', #822, #3489, #1783 ) ;
#1998 = VERTEX_POINT ( 'NONE', #1845 ) ;
#1999 = ORIENTED_EDGE ( 'NONE', *, *, #1579, .F. ) ;
#2000 = CARTESIAN_POINT ( 'NONE',  ( 0.0000000000000000000, -67.50000000000000000, 132.0000000000000000 ) ) ;
#2001 = CARTESIAN_POINT ( 'NONE',  ( 189.9999999999999400, 2.326828918379970700E-014, 94.50000000000000000 ) ) ;
#2002 = ADVANCED_FACE ( 'NONE', ( #3345 ), #2579, .F. ) ;
#2003 = SURFACE_STYLE_USAGE ( .BOTH. , #3416 ) ;
#2004 = CIRCLE ( 'NONE', #608, 2.499999999999990200 ) ;
#2005 = PRESENTATION_STYLE_ASSIGNMENT (( #2625 ) ) ;
#2006 = FILL_AREA_STYLE_COLOUR ( '', #1928 ) ;
#2007 = EDGE_LOOP ( 'NONE', ( #1546, #1927, #1239, #49 ) ) ;
#2008 = FILL_AREA_STYLE_COLOUR ( '', #1462 ) ;
#2009 = SURFACE_STYLE_FILL_AREA ( #3511 ) ;
#2010 = LINE ( 'NONE', #1152, #255 ) ;
#2011 = VERTEX_POINT ( 'NONE', #1678 ) ;
#2012 = CARTESIAN_POINT ( 'NONE',  ( -4.249999999999999100, 122.8112936448055200, 0.6151912146533186100 ) ) ;
#2013 = DIRECTION ( 'NONE',  ( -1.000000000000000000, 0.0000000000000000000, 0.0000000000000000000 ) ) ;
#2014 = DIRECTION ( 'NONE',  ( -0.0000000000000000000, -0.0000000000000000000, 1.000000000000000000 ) ) ;
#2015 = AXIS2_PLACEMENT_3D ( 'NONE', #1645, #2216, #456 ) ;
#2016 = SURFACE_SIDE_STYLE ('',( #23 ) ) ;
#2017 = CARTESIAN_POINT ( 'NONE',  ( -190.0000000000000000, 190.0000000000000300, 94.50000000000000000 ) ) ;
#2018 = PRESENTATION_STYLE_ASSIGNMENT (( #2503 ) ) ;
#2019 = DIRECTION ( 'NONE',  ( -1.000000000000000000, 0.0000000000000000000, 0.0000000000000000000 ) ) ;
#2020 = LINE ( 'NONE', #1442, #2678 ) ;
#2021 = CARTESIAN_POINT ( 'NONE',  ( -59.99999999999997900, 0.0000000000000000000, 0.0000000000000000000 ) ) ;
#2022 = AXIS2_PLACEMENT_3D ( 'NONE', #1569, #1856, #2420 ) ;
#2023 = FILL_AREA_STYLE ('',( #838 ) ) ;
#2024 = CARTESIAN_POINT ( 'NONE',  ( -220.0000000000000000, -229.9999999999997200, 94.50000000000000000 ) ) ;
#2025 = FACE_OUTER_BOUND ( 'NONE', #1364, .T. ) ;
#2026 = EDGE_CURVE ( 'NONE', #2262, #1355, #1193, .T. ) ;
#2027 = AXIS2_PLACEMENT_3D ( 'NONE', #1064, #1324, #3613 ) ;
#2028 = CARTESIAN_POINT ( 'NONE',  ( 157.0000000000000000, -200.0000000000000900, 94.50000000000000000 ) ) ;
#2029 = CIRCLE ( 'NONE', #235, 189.9999999999999400 ) ;
#2030 = EDGE_LOOP ( 'NONE', ( #2889, #1267, #3731, #3078 ) ) ;
#2031 = SURFACE_STYLE_USAGE ( .BOTH. , #533 ) ;
#2032 = CARTESIAN_POINT ( 'NONE',  ( 0.0000000000000000000, 59.99999999999997900, 134.0000000000000000 ) ) ;
#2033 = SURFACE_STYLE_FILL_AREA ( #3686 ) ;
#2034 = EDGE_CURVE ( 'NONE', #1452, #2909, #997, .T. ) ;
#2035 = ORIENTED_EDGE ( 'NONE', *, *, #2855, .F. ) ;
#2036 = CARTESIAN_POINT ( 'NONE',  ( -183.0000000000000300, -200.0000000000000300, 94.50000000000000000 ) ) ;
#2037 = CIRCLE ( 'NONE', #2331, 8.749999999999980500 ) ;
#2038 = EDGE_LOOP ( 'NONE', ( #1105, #3096, #3303 ) ) ;
#2039 = ORIENTED_EDGE ( 'NONE', *, *, #3565, .F. ) ;
#2040 = VERTEX_POINT ( 'NONE', #185 ) ;
#2041 = EDGE_CURVE ( 'NONE', #2677, #510, #955, .T. ) ;
#2042 = DIRECTION ( 'NONE',  ( -1.000000000000000000, 0.0000000000000000000, 0.0000000000000000000 ) ) ;
#2043 = ORIENTED_EDGE ( 'NONE', *, *, #2026, .F. ) ;
#2044 = LINE ( 'NONE', #949, #2478 ) ;
#2045 = CARTESIAN_POINT ( 'NONE',  ( -4.249786992212725600, 122.4508575567850500, 0.9754179534190666700 ) ) ;
#2046 = ADVANCED_FACE ( 'NONE', ( #1377 ), #3655, .F. ) ;
#2047 = ORIENTED_EDGE ( 'NONE', *, *, #3371, .F. ) ;
#2048 = CYLINDRICAL_SURFACE ( 'NONE', #81, 12.99999999999998400 ) ;
#2049 =( NAMED_UNIT ( * ) PLANE_ANGLE_UNIT ( ) SI_UNIT ( $, .RADIAN. ) );
#2050 = CARTESIAN_POINT ( 'NONE',  ( -158.3845726811992200, 89.99999999999955900, 137.5000000000000000 ) ) ;
#2051 = DIRECTION ( 'NONE',  ( -0.0000000000000000000, -0.0000000000000000000, -1.000000000000000000 ) ) ;
#2052 = CIRCLE ( 'NONE', #462, 30.00000000000000000 ) ;
#2053 = AXIS2_PLACEMENT_3D ( 'NONE', #2137, #2948, #87 ) ;
#2054 = DIRECTION ( 'NONE',  ( -1.000000000000000000, 0.0000000000000000000, 0.0000000000000000000 ) ) ;
#2055 = DIRECTION ( 'NONE',  ( 1.000000000000000000, 0.0000000000000000000, 0.0000000000000000000 ) ) ;
#2056 = ORIENTED_EDGE ( 'NONE', *, *, #3260, .F. ) ;
#2057 = CARTESIAN_POINT ( 'NONE',  ( 4.158645492775586900E-014, 67.50000000000000000, 147.0000000000000300 ) ) ;
#2058 = FILL_AREA_STYLE ('',( #2006 ) ) ;
#2059 = SURFACE_STYLE_FILL_AREA ( #1009 ) ;
#2060 = EDGE_CURVE ( 'NONE', #211, #316, #854, .T. ) ;
#2061 = CARTESIAN_POINT ( 'NONE',  ( 67.50000000000000000, 0.0000000000000000000, 132.0000000000000000 ) ) ;
#2062 = CARTESIAN_POINT ( 'NONE',  ( -3.470533031280247400, 182.6152206310262900, 22.64813530865959000 ) ) ;
#2063 = ORIENTED_EDGE ( 'NONE', *, *, #3706, .F. ) ;
#2064 = EDGE_CURVE ( 'NONE', #1844, #1819, #2711, .T. ) ;
#2065 = SURFACE_STYLE_FILL_AREA ( #1904 ) ;
#2066 = DIRECTION ( 'NONE',  ( -0.0000000000000000000, -0.0000000000000000000, -1.000000000000000000 ) ) ;
#2067 = ADVANCED_FACE ( 'NONE', ( #2760 ), #1951, .F. ) ;
#2068 = DIRECTION ( 'NONE',  ( 0.0000000000000000000, 0.7071067811865462400, 0.7071067811865487900 ) ) ;
#2069 = CARTESIAN_POINT ( 'NONE',  ( 2.293283418205938100, 122.4787157533590500, 84.59845527418183100 ) ) ;
#2070 = AXIS2_PLACEMENT_3D ( 'NONE', #3534, #1851, #2371 ) ;
#2071 = DIRECTION ( 'NONE',  ( -1.000000000000000000, 0.0000000000000000000, 0.0000000000000000000 ) ) ;
#2072 = FACE_OUTER_BOUND ( 'NONE', #1672, .T. ) ;
#2073 = ORIENTED_EDGE ( 'NONE', *, *, #872, .T. ) ;
#2074 = CARTESIAN_POINT ( 'NONE',  ( -189.9999999999999400, 0.0000000000000000000, 134.5000000000000000 ) ) ;
#2075 = AXIS2_PLACEMENT_3D ( 'NONE', #3331, #444, #428 ) ;
#2076 = CARTESIAN_POINT ( 'NONE',  ( -54.99999999999997900, 0.0000000000000000000, 128.0000000000000300 ) ) ;
#2077 = DIRECTION ( 'NONE',  ( -0.0000000000000000000, -0.0000000000000000000, -1.000000000000000000 ) ) ;
#2078 = LINE ( 'NONE', #1, #3106 ) ;
#2079 = ORIENTED_EDGE ( 'NONE', *, *, #3393, .F. ) ;
#2080 = EDGE_CURVE ( 'NONE', #1099, #2209, #2010, .T. ) ;
#2081 = AXIS2_PLACEMENT_3D ( 'NONE', #2129, #3600, #370 ) ;
#2082 = DIRECTION ( 'NONE',  ( -0.0000000000000000000, -0.0000000000000000000, -1.000000000000000000 ) ) ;
#2083 = SURFACE_SIDE_STYLE ('',( #312 ) ) ;
#2084 = ADVANCED_FACE ( 'NONE', ( #78, #1559 ), #3446, .T. ) ;
#2085 = EDGE_CURVE ( 'NONE', #1079, #1233, #435, .T. ) ;
#2086 = CARTESIAN_POINT ( 'NONE',  ( -157.0000000000000600, 170.0000000000000000, 94.50000000000000000 ) ) ;
#2087 = EDGE_LOOP ( 'NONE', ( #1736, #463, #1861, #1557 ) ) ;
#2088 = ORIENTED_EDGE ( 'NONE', *, *, #2541, .F. ) ;
#2089 = EDGE_LOOP ( 'NONE', ( #1935, #1930 ) ) ;
#2090 = AXIS2_PLACEMENT_3D ( 'NONE', #3312, #420, #706 ) ;
#2091 = VERTEX_POINT ( 'NONE', #846 ) ;
#2092 = FILL_AREA_STYLE ('',( #352 ) ) ;
#2093 = VECTOR ( 'NONE', #1718, 1000.000000000000000 ) ;
#2094 = CARTESIAN_POINT ( 'NONE',  ( 169.9999999999999700, -200.0000000000000900, 94.50000000000000000 ) ) ;
#2095 = AXIS2_PLACEMENT_3D ( 'NONE', #2173, #3287, #3014 ) ;
#2096 = CARTESIAN_POINT ( 'NONE',  ( 4.249999999999995600, -122.4999999999999900, 19.50000000000000000 ) ) ;
#2097 = EDGE_LOOP ( 'NONE', ( #248, #2470, #2252, #2583 ) ) ;
#2098 = PRESENTATION_LAYER_ASSIGNMENT (  '', '', ( #3319 ) ) ;
#2099 = UNCERTAINTY_MEASURE_WITH_UNIT (LENGTH_MEASURE( 1.000000000000000100E-005 ), #866, 'distance_accuracy_value', 'NONE');
#2100 = EDGE_LOOP ( 'NONE', ( #1826, #1812, #96, #624 ) ) ;
#2101 = ADVANCED_FACE ( 'NONE', ( #2224 ), #1093, .F. ) ;
#2102 = ORIENTED_EDGE ( 'NONE', *, *, #3061, .T. ) ;
#2103 = CARTESIAN_POINT ( 'NONE',  ( -3.977036061723541800, 122.4354310499345800, 79.30657364638780400 ) ) ;
#2104 = EDGE_CURVE ( 'NONE', #3476, #1369, #757, .T. ) ;
#2105 = FILL_AREA_STYLE ('',( #915 ) ) ;
#2106 = CARTESIAN_POINT ( 'NONE',  ( 4.158645492775586900E-014, 67.50000000000000000, 147.0000000000000300 ) ) ;
#2107 = DIRECTION ( 'NONE',  ( -1.000000000000000000, 0.0000000000000000000, 0.0000000000000000000 ) ) ;
#2108 = PRESENTATION_STYLE_ASSIGNMENT (( #984 ) ) ;
#2109 = EDGE_CURVE ( 'NONE', #454, #1161, #3307, .T. ) ;
#2110 = CONICAL_SURFACE ( 'NONE', #1159, 2.500000000000002200, 1.029744258676659200 ) ;
#2111 = ORIENTED_EDGE ( 'NONE', *, *, #2627, .F. ) ;
#2112 = CARTESIAN_POINT ( 'NONE',  ( 0.0000000000000000000, 0.0000000000000000000, 170.5000000000000000 ) ) ;
#2113 = ORIENTED_EDGE ( 'NONE', *, *, #526, .T. ) ;
#2114 = AXIS2_PLACEMENT_3D ( 'NONE', #2197, #1322, #3611 ) ;
#2115 = COLOUR_RGB ( '',0.2000000000000000100, 0.2000000000000000100, 0.2000000000000000100 ) ;
#2116 = CARTESIAN_POINT ( 'NONE',  ( -4.003648265329456300, 122.4345572743189100, 80.57752132464897000 ) ) ;
#2117 = EDGE_LOOP ( 'NONE', ( #3762, #241, #2665, #2366 ) ) ;
#2118 = ADVANCED_FACE ( 'NONE', ( #2441 ), #530, .F. ) ;
#2119 = UNCERTAINTY_MEASURE_WITH_UNIT (LENGTH_MEASURE( 1.000000000000000100E-005 ), #1532, 'distance_accuracy_value', 'NONE');
#2120 = SURFACE_STYLE_USAGE ( .BOTH. , #3267 ) ;
#2121 =( GEOMETRIC_REPRESENTATION_CONTEXT ( 3 ) GLOBAL_UNCERTAINTY_ASSIGNED_CONTEXT ( ( #3535 ) ) GLOBAL_UNIT_ASSIGNED_CONTEXT ( ( #2962, #1538, #27 ) ) REPRESENTATION_CONTEXT ( 'NONE', 'WORKASPACE' ) );
#2122 = DIRECTION ( 'NONE',  ( -0.0000000000000000000, -0.0000000000000000000, -1.000000000000000000 ) ) ;
#2123 = CARTESIAN_POINT ( 'NONE',  ( -2.499999999999990200, -180.0000000000000300, 170.5000000000000000 ) ) ;
#2124 = AXIS2_PLACEMENT_3D ( 'NONE', #1764, #1433, #2888 ) ;
#2125 = ORIENTED_EDGE ( 'NONE', *, *, #108, .F. ) ;
#2126 = LINE ( 'NONE', #1329, #1130 ) ;
#2127 = ORIENTED_EDGE ( 'NONE', *, *, #364, .F. ) ;
#2128 = CARTESIAN_POINT ( 'NONE',  ( 0.0000000000000000000, 0.0000000000000000000, 0.0000000000000000000 ) ) ;
#2129 = CARTESIAN_POINT ( 'NONE',  ( -170.0000000000000300, 170.0000000000000000, 94.50000000000000000 ) ) ;
#2130 = DIRECTION ( 'NONE',  ( -1.000000000000000000, 0.0000000000000000000, 0.0000000000000000000 ) ) ;
#2131 = CARTESIAN_POINT ( 'NONE',  ( 4.249360504782373500, -122.4262755102040800, 1.000000000000063900 ) ) ;
#2132 = DIRECTION ( 'NONE',  ( -0.0000000000000000000, -0.0000000000000000000, 1.000000000000000000 ) ) ;
#2133 = VECTOR ( 'NONE', #3262, 1000.000000000000000 ) ;
#2134 = DIRECTION ( 'NONE',  ( -0.0000000000000000000, -1.000000000000000000, -0.0000000000000000000 ) ) ;
#2135 = ADVANCED_FACE ( 'NONE', ( #1781 ), #3343, .F. ) ;
#2136 = AXIS2_PLACEMENT_3D ( 'NONE', #1513, #43, #2358 ) ;
#2137 = CARTESIAN_POINT ( 'NONE',  ( -67.50000000000000000, 0.0000000000000000000, 147.0000000000000300 ) ) ;
#2138 = PRESENTATION_STYLE_ASSIGNMENT (( #3493 ) ) ;
#2139 = CIRCLE ( 'NONE', #149, 5.000000000000001800 ) ;
#2140 = EDGE_LOOP ( 'NONE', ( #1263, #1695 ) ) ;
#2141 = CIRCLE ( 'NONE', #2412, 4.249999999999995600 ) ;
#2142 = VECTOR ( 'NONE', #2548, 1000.000000000000000 ) ;
#2143 = CIRCLE ( 'NONE', #2782, 4.249999999999995600 ) ;
#2144 = CARTESIAN_POINT ( 'NONE',  ( 67.50000000000000000, 0.0000000000000000000, 132.0000000000000000 ) ) ;
#2145 = EDGE_CURVE ( 'NONE', #2422, #1894, #1643, .T. ) ;
#2146 = AXIS2_PLACEMENT_3D ( 'NONE', #3520, #1793, #15 ) ;
#2147 = FILL_AREA_STYLE ('',( #695 ) ) ;
#2148 = CARTESIAN_POINT ( 'NONE',  ( 4.158645492775586900E-014, 180.0000000000000000, 137.5000000000000000 ) ) ;
#2149 = CIRCLE ( 'NONE', #1486, 199.9999999999999400 ) ;
#2150 = PLANE ( 'NONE',  #1965 ) ;
#2151 = ORIENTED_EDGE ( 'NONE', *, *, #3046, .T. ) ;
#2152 = CARTESIAN_POINT ( 'NONE',  ( -155.8845726811991600, -89.99999999999961600, 170.5000000000000000 ) ) ;
#2153 = EDGE_CURVE ( 'NONE', #2304, #2502, #1235, .T. ) ;
#2154 = ADVANCED_FACE ( 'NONE', ( #250 ), #2357, .F. ) ;
#2155 = LINE ( 'NONE', #568, #2906 ) ;
#2156 = CYLINDRICAL_SURFACE ( 'NONE', #2876, 8.749999999999980500 ) ;
#2157 = CARTESIAN_POINT ( 'NONE',  ( -170.0000000000000300, 134.9999999999999700, 124.5000000000000000 ) ) ;
#2158 = DIRECTION ( 'NONE',  ( -0.0000000000000000000, -0.0000000000000000000, 1.000000000000000000 ) ) ;
#2159 = SURFACE_STYLE_USAGE ( .BOTH. , #2432 ) ;
#2160 = AXIS2_PLACEMENT_3D ( 'NONE', #13, #1531, #600 ) ;
#2161 = ORIENTED_EDGE ( 'NONE', *, *, #1524, .T. ) ;
#2162 = SURFACE_SIDE_STYLE ('',( #3184 ) ) ;
#2163 = DIRECTION ( 'NONE',  ( 1.000000000000000000, 0.0000000000000000000, 0.0000000000000000000 ) ) ;
#2164 = FACE_BOUND ( 'NONE', #1034, .T. ) ;
#2165 = AXIS2_PLACEMENT_3D ( 'NONE', #1987, #2292, #1146 ) ;
#2166 = DIRECTION ( 'NONE',  ( -0.0000000000000000000, -0.0000000000000000000, -1.000000000000000000 ) ) ;
#2167 = APPLICATION_PROTOCOL_DEFINITION ( 'draft international standard', 'automotive_design', 1998, #112 ) ;
#2168 = DIRECTION ( 'NONE',  ( -0.0000000000000000000, -0.0000000000000000000, -1.000000000000000000 ) ) ;
#2169 =( GEOMETRIC_REPRESENTATION_CONTEXT ( 3 ) GLOBAL_UNCERTAINTY_ASSIGNED_CONTEXT ( ( #3333 ) ) GLOBAL_UNIT_ASSIGNED_CONTEXT ( ( #748, #118, #1008 ) ) REPRESENTATION_CONTEXT ( 'NONE', 'WORKASPACE' ) );
#2170 = ORIENTED_EDGE ( 'NONE', *, *, #1050, .T. ) ;
#2171 = DIRECTION ( 'NONE',  ( 0.0000000000000000000, 0.0000000000000000000, -1.000000000000000000 ) ) ;
#2172 = DIRECTION ( 'NONE',  ( -0.0000000000000000000, -0.0000000000000000000, -1.000000000000000000 ) ) ;
#2173 = CARTESIAN_POINT ( 'NONE',  ( 0.0000000000000000000, 0.0000000000000000000, 0.0000000000000000000 ) ) ;
#2174 = ADVANCED_FACE ( 'NONE', ( #346 ), #1457, .F. ) ;
#2175 = ORIENTED_EDGE ( 'NONE', *, *, #359, .T. ) ;
#2176 = EDGE_CURVE ( 'NONE', #1998, #3158, #2052, .T. ) ;
#2177 = ORIENTED_EDGE ( 'NONE', *, *, #2085, .T. ) ;
#2178 = PRODUCT_CONTEXT ( 'NONE', #124, 'mechanical' ) ;
#2179 = EDGE_CURVE ( 'NONE', #2652, #3123, #663, .T. ) ;
#2180 = CARTESIAN_POINT ( 'NONE',  ( -76.99999999999998600, 0.0000000000000000000, 152.0000000000000300 ) ) ;
#2181 = FACE_BOUND ( 'NONE', #2257, .T. ) ;
#2182 = EDGE_LOOP ( 'NONE', ( #797, #1083, #234, #2713 ) ) ;
#2183 = AXIS2_PLACEMENT_3D ( 'NONE', #2057, #2917, #1777 ) ;
#2184 = FILL_AREA_STYLE ('',( #2463 ) ) ;
#2185 = VERTEX_POINT ( 'NONE', #2934 ) ;
#2186 = AXIS2_PLACEMENT_3D ( 'NONE', #2739, #142, #1007 ) ;
#2187 = COLOUR_RGB ( '',0.2000000000000000100, 0.2000000000000000100, 0.2000000000000000100 ) ;
#2188 = ADVANCED_FACE ( 'NONE', ( #2988 ), #753, .F. ) ;
#2189 = DIRECTION ( 'NONE',  ( -0.0000000000000000000, -0.0000000000000000000, -1.000000000000000000 ) ) ;
#2190 = DIRECTION ( 'NONE',  ( -0.0000000000000000000, -0.0000000000000000000, -1.000000000000000000 ) ) ;
#2191 = CIRCLE ( 'NONE', #3713, 30.00000000000000000 ) ;
#2192 = ORIENTED_EDGE ( 'NONE', *, *, #2041, .T. ) ;
#2193 = AXIS2_PLACEMENT_3D ( 'NONE', #393, #3021, #3306 ) ;
#2194 = CARTESIAN_POINT ( 'NONE',  ( 4.249999999999996400, -122.4999999999999900, 0.9262976817621537700 ) ) ;
#2195 = CARTESIAN_POINT ( 'NONE',  ( 0.0000000000000000000, 0.0000000000000000000, 124.5000000000000000 ) ) ;
#2196 = EDGE_CURVE ( 'NONE', #3346, #3419, #2944, .T. ) ;
#2197 = CARTESIAN_POINT ( 'NONE',  ( 0.0000000000000000000, -67.50000000000000000, 132.0000000000000000 ) ) ;
#2198 = DIRECTION ( 'NONE',  ( 1.000000000000000000, 0.0000000000000000000, 0.0000000000000000000 ) ) ;
#2199 = AXIS2_PLACEMENT_3D ( 'NONE', #2263, #1993, #1417 ) ;
#2200 = CIRCLE ( 'NONE', #2915, 2.500000000000002200 ) ;
#2201 = DIRECTION ( 'NONE',  ( -1.000000000000000000, 0.0000000000000000000, 0.0000000000000000000 ) ) ;
#2202 = ORIENTED_EDGE ( 'NONE', *, *, #978, .F. ) ;
#2203 = B_SPLINE_CURVE_WITH_KNOTS ( 'NONE', 3,
 ( #912, #1220, #3514, #1800, #31, #75, #325, #939, #2676, #1528, #2405, #952, #633, #3523, #658, #2689, #2116, #1809, #2103, #1255, #339, #3281, #2381, #2963, #1243, #1542, #1822, #355, #770, #392, #1931, #2805, #1648, #976 ),
 .UNSPECIFIED., .F., .F.,
 ( 4, 2, 2, 2, 2, 2, 2, 2, 2, 2, 2, 2, 2, 2, 2, 2, 4 ),
 ( 2.393355184588950400E-017, 0.0009526983063287894600, 0.001429047459493172400, 0.001905396612657555300, 0.002381745765821938600, 0.002858094918986321300, 0.003810793225315088500, 0.005716189837972588900, 0.007621586450630087600, 0.008574284756958839100, 0.009526983063287588000, 0.01047968136961633900, 0.01143237967594508900, 0.01238507798227384000, 0.01333777628860258900, 0.01429047459493133900, 0.01524317290126009000 ),
 .UNSPECIFIED. ) ;
#2204 = ORIENTED_EDGE ( 'NONE', *, *, #902, .T. ) ;
#2205 = AXIS2_PLACEMENT_3D ( 'NONE', #1296, #1325, #2719 ) ;
#2206 = CIRCLE ( 'NONE', #3211, 199.9999999999999400 ) ;
#2207 = EDGE_LOOP ( 'NONE', ( #3034, #733 ) ) ;
#2208 = ORIENTED_EDGE ( 'NONE', *, *, #1234, .T. ) ;
#2209 = VERTEX_POINT ( 'NONE', #3366 ) ;
#2210 = EDGE_CURVE ( 'NONE', #244, #2882, #328, .T. ) ;
#2211 = DIRECTION ( 'NONE',  ( -0.0000000000000000000, -0.0000000000000000000, -1.000000000000000000 ) ) ;
#2212 = CARTESIAN_POINT ( 'NONE',  ( 0.0000000000000000000, 0.0000000000000000000, 1.000000000000070600 ) ) ;
#2213 = ORIENTED_EDGE ( 'NONE', *, *, #2967, .T. ) ;
#2214 = PRODUCT_DEFINITION_SHAPE ( 'NONE', 'NONE',  #469 ) ;
#2215 = VERTEX_POINT ( 'NONE', #3472 ) ;
#2216 = DIRECTION ( 'NONE',  ( -0.0000000000000000000, -0.0000000000000000000, -1.000000000000000000 ) ) ;
#2217 = DIRECTION ( 'NONE',  ( -0.0000000000000000000, -0.0000000000000000000, -1.000000000000000000 ) ) ;
#2218 = ORIENTED_EDGE ( 'NONE', *, *, #3051, .F. ) ;
#2219 = VECTOR ( 'NONE', #2926, 1000.000000000000000 ) ;
#2220 = ORIENTED_EDGE ( 'NONE', *, *, #1703, .F. ) ;
#2221 = EDGE_CURVE ( 'NONE', #3216, #1016, #2139, .T. ) ;
#2222 = DIRECTION ( 'NONE',  ( 1.000000000000000000, 0.0000000000000000000, 0.0000000000000000000 ) ) ;
#2223 = CARTESIAN_POINT ( 'NONE',  ( 0.0000000000000000000, 0.0000000000000000000, 128.0000000000000300 ) ) ;
#2224 = FACE_OUTER_BOUND ( 'NONE', #2117, .T. ) ;
#2225 = ORIENTED_EDGE ( 'NONE', *, *, #1634, .T. ) ;
#2226 = B_SPLINE_CURVE_WITH_KNOTS ( 'NONE', 3,
 ( #1119, #3407, #539, #2571 ),
 .UNSPECIFIED., .F., .F.,
 ( 4, 4 ),
 ( 0.009255792166748854800, 0.01421214115284919400 ),
 .UNSPECIFIED. ) ;
#2227 = PLANE ( 'NONE',  #2458 ) ;
#2228 = PRESENTATION_LAYER_ASSIGNMENT (  '', '', ( #1850 ) ) ;
#2229 = ORIENTED_EDGE ( 'NONE', *, *, #1950, .F. ) ;
#2230 = DIRECTION ( 'NONE',  ( 1.000000000000000000, 0.0000000000000000000, 0.0000000000000000000 ) ) ;
#2231 = AXIS2_PLACEMENT_3D ( 'NONE', #727, #2714, #98 ) ;
#2232 = CYLINDRICAL_SURFACE ( 'NONE', #146, 12.99999999999998400 ) ;
#2233 = ORIENTED_EDGE ( 'NONE', *, *, #2064, .T. ) ;
#2234 = PLANE ( 'NONE',  #2507 ) ;
#2235 = DIRECTION ( 'NONE',  ( -1.000000000000000000, 0.0000000000000000000, 0.0000000000000000000 ) ) ;
#2236 = LINE ( 'NONE', #3526, #3006 ) ;
#2237 = EDGE_CURVE ( 'NONE', #1355, #3346, #1279, .T. ) ;
#2238 = ORIENTED_EDGE ( 'NONE', *, *, #54, .F. ) ;
#2239 = ORIENTED_EDGE ( 'NONE', *, *, #1335, .T. ) ;
#2240 = PRESENTATION_STYLE_ASSIGNMENT (( #3603 ) ) ;
#2241 = EDGE_CURVE ( 'NONE', #3329, #497, #3702, .T. ) ;
#2242 = FACE_BOUND ( 'NONE', #192, .T. ) ;
#2243 = CARTESIAN_POINT ( 'NONE',  ( 157.0000000000000000, -200.0000000000000900, 94.50000000000000000 ) ) ;
#2244 = CARTESIAN_POINT ( 'NONE',  ( 3.470900386405755700, 179.7786037635962900, 19.81205016605239800 ) ) ;
#2245 = ORIENTED_EDGE ( 'NONE', *, *, #319, .F. ) ;
#2246 = CARTESIAN_POINT ( 'NONE',  ( 2.499999999999993300, -67.50000000000000000, 147.0000000000000300 ) ) ;
#2247 = ADVANCED_FACE ( 'NONE', ( #1731 ), #1865, .F. ) ;
#2248 = PRESENTATION_LAYER_ASSIGNMENT (  '', '', ( #2369 ) ) ;
#2249 = DIRECTION ( 'NONE',  ( -0.0000000000000000000, -0.0000000000000000000, 1.000000000000000000 ) ) ;
#2250 = UNCERTAINTY_MEASURE_WITH_UNIT (LENGTH_MEASURE( 1.000000000000000100E-005 ), #1871, 'distance_accuracy_value', 'NONE');
#2251 = CARTESIAN_POINT ( 'NONE',  ( -155.8845726811992200, 89.99999999999955900, 137.5000000000000000 ) ) ;
#2252 = ORIENTED_EDGE ( 'NONE', *, *, #3657, .T. ) ;
#2253 = STYLED_ITEM ( 'NONE', ( #3185 ), #1811 ) ;
#2254 = ORIENTED_EDGE ( 'NONE', *, *, #228, .F. ) ;
#2255 = DIRECTION ( 'NONE',  ( 1.000000000000000000, 0.0000000000000000000, 0.0000000000000000000 ) ) ;
#2256 = DIRECTION ( 'NONE',  ( -0.0000000000000000000, -0.0000000000000000000, 1.000000000000000000 ) ) ;
#2257 = EDGE_LOOP ( 'NONE', ( #1523, #2961 ) ) ;
#2258 = EDGE_CURVE ( 'NONE', #3189, #2011, #295, .T. ) ;
#2259 = ORIENTED_EDGE ( 'NONE', *, *, #1507, .T. ) ;
#2260 = STYLED_ITEM ( 'NONE', ( #3485 ), #745 ) ;
#2261 = VERTEX_POINT ( 'NONE', #218 ) ;
#2262 = VERTEX_POINT ( 'NONE', #2818 ) ;
#2263 = CARTESIAN_POINT ( 'NONE',  ( 4.158645492775586900E-014, 180.0000000000000000, 170.5000000000000000 ) ) ;
#2264 = DIRECTION ( 'NONE',  ( -0.0000000000000000000, -0.0000000000000000000, 1.000000000000000000 ) ) ;
#2265 = CARTESIAN_POINT ( 'NONE',  ( 189.9999999999997700, 220.0000000000000300, 124.5000000000000000 ) ) ;
#2266 = COLOUR_RGB ( '',0.2000000000000000100, 0.2000000000000000100, 0.2000000000000000100 ) ;
#2267 = ORIENTED_EDGE ( 'NONE', *, *, #2541, .T. ) ;
#2268 = AXIS2_PLACEMENT_3D ( 'NONE', #1679, #1740, #849 ) ;
#2269 = CARTESIAN_POINT ( 'NONE',  ( 4.249360504782373500, 122.4262755102040800, 1.000000000000063900 ) ) ;
#2270 = DIRECTION ( 'NONE',  ( -1.000000000000000000, 0.0000000000000000000, 0.0000000000000000000 ) ) ;
#2271 = DIRECTION ( 'NONE',  ( -0.0000000000000000000, -0.0000000000000000000, -1.000000000000000000 ) ) ;
#2272 = VECTOR ( 'NONE', #571, 1000.000000000000000 ) ;
#2273 = DIRECTION ( 'NONE',  ( -1.000000000000000000, 0.0000000000000000000, 0.0000000000000000000 ) ) ;
#2274 = AXIS2_PLACEMENT_3D ( 'NONE', #281, #53, #1753 ) ;
#2275 = CIRCLE ( 'NONE', #2114, 2.499999999999996900 ) ;
#2276 = SURFACE_SIDE_STYLE ('',( #1402 ) ) ;
#2277 = FACE_BOUND ( 'NONE', #294, .T. ) ;
#2278 = CARTESIAN_POINT ( 'NONE',  ( 0.0000000000000000000, -122.4999999999999900, 19.50000000000000000 ) ) ;
#2279 = DIRECTION ( 'NONE',  ( -0.0000000000000000000, -0.0000000000000000000, 1.000000000000000000 ) ) ;
#2280 = PRESENTATION_LAYER_ASSIGNMENT (  '', '', ( #3450 ) ) ;
#2281 = CIRCLE ( 'NONE', #2887, 12.99999999999998400 ) ;
#2282 = EDGE_LOOP ( 'NONE', ( #1633, #981 ) ) ;
#2283 = CARTESIAN_POINT ( 'NONE',  ( 153.3845726811991300, -89.99999999999948800, 137.5000000000000000 ) ) ;
#2284 = DIRECTION ( 'NONE',  ( -0.0000000000000000000, -0.0000000000000000000, -1.000000000000000000 ) ) ;
#2285 = LINE ( 'NONE', #546, #1303 ) ;
#2286 = CARTESIAN_POINT ( 'NONE',  ( 0.0000000000000000000, -138.0000000000000000, 0.0000000000000000000 ) ) ;
#2287 = ORIENTED_EDGE ( 'NONE', *, *, #1124, .T. ) ;
#2288 = DIRECTION ( 'NONE',  ( 1.000000000000000000, 0.0000000000000000000, 0.0000000000000000000 ) ) ;
#2289 = LINE ( 'NONE', #1162, #1802 ) ;
#2290 = FACE_OUTER_BOUND ( 'NONE', #580, .T. ) ;
#2291 = CYLINDRICAL_SURFACE ( 'NONE', #3133, 4.249999999999996400 ) ;
#2292 = DIRECTION ( 'NONE',  ( -0.0000000000000000000, -0.0000000000000000000, -1.000000000000000000 ) ) ;
#2293 = ORIENTED_EDGE ( 'NONE', *, *, #3741, .T. ) ;
#2294 = VECTOR ( 'NONE', #3679, 1000.000000000000000 ) ;
#2295 = ORIENTED_EDGE ( 'NONE', *, *, #2668, .F. ) ;
#2296 = CARTESIAN_POINT ( 'NONE',  ( 182.9999999999999700, -200.0000000000000900, 94.50000000000000000 ) ) ;
#2297 = CARTESIAN_POINT ( 'NONE',  ( 0.0000000000000000000, 0.0000000000000000000, 0.0000000000000000000 ) ) ;
#2298 = AXIS2_PLACEMENT_3D ( 'NONE', #1006, #128, #3589 ) ;
#2299 = ORIENTED_EDGE ( 'NONE', *, *, #2573, .F. ) ;
#2300 = DIRECTION ( 'NONE',  ( 0.0000000000000000000, 0.0000000000000000000, 1.000000000000000000 ) ) ;
#2301 = CARTESIAN_POINT ( 'NONE',  ( 0.0000000000000000000, -67.50000000000000000, 147.0000000000000300 ) ) ;
#2302 = DIRECTION ( 'NONE',  ( -0.0000000000000000000, -0.0000000000000000000, -1.000000000000000000 ) ) ;
#2303 = ORIENTED_EDGE ( 'NONE', *, *, #2973, .T. ) ;
#2304 = VERTEX_POINT ( 'NONE', #3120 ) ;
#2305 = AXIS2_PLACEMENT_3D ( 'NONE', #411, #3032, #2163 ) ;
#2306 = ORIENTED_EDGE ( 'NONE', *, *, #3318, .F. ) ;
#2307 = CARTESIAN_POINT ( 'NONE',  ( 3.675070721875128500E-015, 181.2132034355964300, 21.21320343559651900 ) ) ;
#2308 = CARTESIAN_POINT ( 'NONE',  ( 0.0000000000000000000, 0.0000000000000000000, 170.5000000000000000 ) ) ;
#2309 = CARTESIAN_POINT ( 'NONE',  ( -2.833537668114854700, 122.4754180788138600, 20.35109639739958400 ) ) ;
#2310 = CARTESIAN_POINT ( 'NONE',  ( -69.99999999999998600, 3.061616997868360500E-016, 147.0000000000000300 ) ) ;
#2311 = AXIS2_PLACEMENT_3D ( 'NONE', #3392, #3094, #2235 ) ;
#2312 = DIRECTION ( 'NONE',  ( -0.0000000000000000000, -0.0000000000000000000, -1.000000000000000000 ) ) ;
#2313 = ORIENTED_EDGE ( 'NONE', *, *, #673, .T. ) ;
#2314 = CIRCLE ( 'NONE', #3569, 8.750000000000007100 ) ;
#2315 = CARTESIAN_POINT ( 'NONE',  ( 0.0000000000000000000, -180.0000000000000300, 137.5000000000000000 ) ) ;
#2316 = VECTOR ( 'NONE', #106, 1000.000000000000000 ) ;
#2317 = SURFACE_STYLE_FILL_AREA ( #2582 ) ;
#2318 = CYLINDRICAL_SURFACE ( 'NONE', #2543, 189.9999999999999400 ) ;
#2319 = CARTESIAN_POINT ( 'NONE',  ( 155.8845726811991600, 89.99999999999970200, 170.5000000000000000 ) ) ;
#2320 = DIRECTION ( 'NONE',  ( -1.000000000000000000, -1.224646799147352500E-016, 0.0000000000000000000 ) ) ;
#2321 = AXIS2_PLACEMENT_3D ( 'NONE', #958, #674, #1652 ) ;
#2322 = CARTESIAN_POINT ( 'NONE',  ( -153.3845726811992200, 89.99999999999955900, 137.5000000000000000 ) ) ;
#2323 = VECTOR ( 'NONE', #1101, 1000.000000000000000 ) ;
#2324 = UNCERTAINTY_MEASURE_WITH_UNIT (LENGTH_MEASURE( 1.000000000000000100E-005 ), #141, 'distance_accuracy_value', 'NONE');
#2325 = ORIENTED_EDGE ( 'NONE', *, *, #113, .T. ) ;
#2326 = DIRECTION ( 'NONE',  ( -1.000000000000000000, 0.0000000000000000000, 0.0000000000000000000 ) ) ;
#2327 = AXIS2_PLACEMENT_3D ( 'NONE', #917, #627, #1815 ) ;
#2328 = CARTESIAN_POINT ( 'NONE',  ( 4.164928747774379500E-015, 178.3847763108503000, 18.38477631085028500 ) ) ;
#2329 = CARTESIAN_POINT ( 'NONE',  ( -157.0000000000000600, 170.0000000000000000, 94.50000000000000000 ) ) ;
#2330 = EDGE_CURVE ( 'NONE', #3072, #1594, #2756, .T. ) ;
#2331 = AXIS2_PLACEMENT_3D ( 'NONE', #2587, #2879, #858 ) ;
#2332 =( NAMED_UNIT ( * ) SI_UNIT ( $, .STERADIAN. ) SOLID_ANGLE_UNIT ( ) );
#2333 = VECTOR ( 'NONE', #550, 1000.000000000000000 ) ;
#2334 = DIRECTION ( 'NONE',  ( -0.0000000000000000000, -0.0000000000000000000, 1.000000000000000000 ) ) ;
#2335 = ADVANCED_FACE ( 'NONE', ( #3696, #341, #3521 ), #246, .T. ) ;
#2336 = EDGE_CURVE ( 'NONE', #621, #3329, #1605, .T. ) ;
#2337 = ORIENTED_EDGE ( 'NONE', *, *, #3327, .F. ) ;
#2338 = DIRECTION ( 'NONE',  ( -0.0000000000000000000, -0.0000000000000000000, 1.000000000000000000 ) ) ;
#2339 = DIRECTION ( 'NONE',  ( -1.000000000000000000, 0.0000000000000000000, 0.0000000000000000000 ) ) ;
#2340 = CARTESIAN_POINT ( 'NONE',  ( 0.0000000000000000000, 0.0000000000000000000, 134.0000000000000000 ) ) ;
#2341 = EDGE_CURVE ( 'NONE', #1529, #855, #245, .T. ) ;
#2342 = SURFACE_STYLE_USAGE ( .BOTH. , #897 ) ;
#2343 = CARTESIAN_POINT ( 'NONE',  ( 2.074119689255876100E-014, 122.4999999999999700, 85.58326112068512300 ) ) ;
#2344 =( NAMED_UNIT ( * ) SI_UNIT ( $, .STERADIAN. ) SOLID_ANGLE_UNIT ( ) );
#2345 =( LENGTH_UNIT ( ) NAMED_UNIT ( * ) SI_UNIT ( .MILLI., .METRE. ) );
#2346 = AXIS2_PLACEMENT_3D ( 'NONE', #906, #1453, #3451 ) ;
#2347 = EDGE_LOOP ( 'NONE', ( #889, #1919, #761, #451 ) ) ;
#2348 = CONICAL_SURFACE ( 'NONE', #3719, 2.500000000000002200, 1.029744258676659200 ) ;
#2349 = ORIENTED_EDGE ( 'NONE', *, *, #3422, .F. ) ;
#2350 = CARTESIAN_POINT ( 'NONE',  ( 2.500000000000031500, 180.0000000000000000, 170.5000000000000000 ) ) ;
#2351 = CARTESIAN_POINT ( 'NONE',  ( -3.016910989067787000, 179.3340931530815700, 19.35937379178438500 ) ) ;
#2352 = CARTESIAN_POINT ( 'NONE',  ( 1.416757936103628700, -122.4999999999999700, 21.20238358033759600 ) ) ;
#2353 = MECHANICAL_DESIGN_GEOMETRIC_PRESENTATION_REPRESENTATION (  '', ( #921 ), #973 ) ;
#2354 = ADVANCED_FACE ( 'NONE', ( #1817 ), #994, .F. ) ;
#2355 =( NAMED_UNIT ( * ) PLANE_ANGLE_UNIT ( ) SI_UNIT ( $, .RADIAN. ) );
#2356 = CARTESIAN_POINT ( 'NONE',  ( 199.9999999999999400, 2.449293598294705800E-014, 134.5000000000000000 ) ) ;
#2357 = CYLINDRICAL_SURFACE ( 'NONE', #1997, 94.99999999999997200 ) ;
#2358 = DIRECTION ( 'NONE',  ( 1.000000000000000000, 0.0000000000000000000, 0.0000000000000000000 ) ) ;
#2359 =( NAMED_UNIT ( * ) SI_UNIT ( $, .STERADIAN. ) SOLID_ANGLE_UNIT ( ) );
#2360 = EDGE_CURVE ( 'NONE', #1772, #703, #390, .T. ) ;
#2361 = SURFACE_STYLE_USAGE ( .BOTH. , #590 ) ;
#2362 = LINE ( 'NONE', #3746, #3084 ) ;
#2363 = EDGE_CURVE ( 'NONE', #1435, #3642, #116, .T. ) ;
#2364 = B_SPLINE_CURVE_WITH_KNOTS ( 'NONE', 3,
 ( #1601, #3173, #2309, #3193 ),
 .UNSPECIFIED., .F., .F.,
 ( 4, 4 ),
 ( -2.188883362784765900E-008, 0.004958489483297946800 ),
 .UNSPECIFIED. ) ;
#2365 = LINE ( 'NONE', #1640, #1620 ) ;
#2366 = ORIENTED_EDGE ( 'NONE', *, *, #3541, .F. ) ;
#2367 = CARTESIAN_POINT ( 'NONE',  ( 153.3845726811991300, -89.99999999999948800, 170.5000000000000000 ) ) ;
#2368 = CARTESIAN_POINT ( 'NONE',  ( 169.9999999999999700, 169.9999999999999400, 94.50000000000000000 ) ) ;
#2369 = STYLED_ITEM ( 'NONE', ( #2947 ), #908 ) ;
#2370 = PRESENTATION_STYLE_ASSIGNMENT (( #2681 ) ) ;
#2371 = DIRECTION ( 'NONE',  ( -1.000000000000000000, 0.0000000000000000000, 0.0000000000000000000 ) ) ;
#2372 = ORIENTED_EDGE ( 'NONE', *, *, #1883, .T. ) ;
#2373 = DIRECTION ( 'NONE',  ( -0.0000000000000000000, -0.0000000000000000000, -1.000000000000000000 ) ) ;
#2374 = FACE_OUTER_BOUND ( 'NONE', #2492, .T. ) ;
#2375 = PRESENTATION_LAYER_ASSIGNMENT (  '', '', ( #2418 ) ) ;
#2376 = SURFACE_SIDE_STYLE ('',( #3418 ) ) ;
#2377 = DIRECTION ( 'NONE',  ( 0.0000000000000000000, 0.0000000000000000000, -1.000000000000000000 ) ) ;
#2378 = FACE_BOUND ( 'NONE', #2935, .T. ) ;
#2379 = ORIENTED_EDGE ( 'NONE', *, *, #625, .F. ) ;
#2380 = AXIS2_PLACEMENT_3D ( 'NONE', #1269, #953, #2428 ) ;
#2381 = CARTESIAN_POINT ( 'NONE',  ( -3.586846863336087500, 122.4475338785803300, 77.45260853323793500 ) ) ;
#2382 = EDGE_LOOP ( 'NONE', ( #1775, #661, #3295, #2429 ) ) ;
#2383 = EDGE_LOOP ( 'NONE', ( #566, #754 ) ) ;
#2384 = DIRECTION ( 'NONE',  ( 0.8571673007021147800, 0.0000000000000000000, 0.5150380749100501600 ) ) ;
#2385 = ORIENTED_EDGE ( 'NONE', *, *, #364, .T. ) ;
#2386 = DIRECTION ( 'NONE',  ( 1.000000000000000000, 0.0000000000000000000, 0.0000000000000000000 ) ) ;
#2387 = DIRECTION ( 'NONE',  ( -0.0000000000000000000, -0.0000000000000000000, -1.000000000000000000 ) ) ;
#2388 = EDGE_LOOP ( 'NONE', ( #2379, #2946, #3121, #340 ) ) ;
#2389 = ADVANCED_FACE ( 'NONE', ( #1948 ), #2348, .F. ) ;
#2390 = EDGE_LOOP ( 'NONE', ( #3559, #2063 ) ) ;
#2391 = ORIENTED_EDGE ( 'NONE', *, *, #172, .F. ) ;
#2392 =( NAMED_UNIT ( * ) SI_UNIT ( $, .STERADIAN. ) SOLID_ANGLE_UNIT ( ) );
#2393 = ORIENTED_EDGE ( 'NONE', *, *, #919, .F. ) ;
#2394 = FILL_AREA_STYLE ('',( #3264 ) ) ;
#2395 = EDGE_LOOP ( 'NONE', ( #2660, #3588, #176, #3339 ) ) ;
#2396 = DIRECTION ( 'NONE',  ( -1.000000000000000000, 0.0000000000000000000, 0.0000000000000000000 ) ) ;
#2397 = ORIENTED_EDGE ( 'NONE', *, *, #2060, .F. ) ;
#2398 = AXIS2_PLACEMENT_3D ( 'NONE', #3342, #3625, #1892 ) ;
#2399 = DIRECTION ( 'NONE',  ( -0.0000000000000000000, -0.0000000000000000000, 1.000000000000000000 ) ) ;
#2400 = CARTESIAN_POINT ( 'NONE',  ( -189.9999999999999400, 0.0000000000000000000, 0.0000000000000000000 ) ) ;
#2401 = AXIS2_PLACEMENT_3D ( 'NONE', #1249, #397, #969 ) ;
#2402 = DIRECTION ( 'NONE',  ( -0.0000000000000000000, -0.0000000000000000000, -1.000000000000000000 ) ) ;
#2403 = CONICAL_SURFACE ( 'NONE', #2075, 122.4999999999999700, 0.7853981633974621600 ) ;
#2404 = FACE_OUTER_BOUND ( 'NONE', #1274, .T. ) ;
#2405 = CARTESIAN_POINT ( 'NONE',  ( -2.401129636300785500, 122.4765111582689800, 84.47825727530165800 ) ) ;
#2406 = EDGE_CURVE ( 'NONE', #2702, #2304, #616, .T. ) ;
#2407 = ADVANCED_FACE ( 'NONE', ( #1416 ), #3079, .F. ) ;
#2408 = CARTESIAN_POINT ( 'NONE',  ( 220.0000000000000000, 189.9999999999998000, 124.5000000000000000 ) ) ;
#2409 =( LENGTH_UNIT ( ) NAMED_UNIT ( * ) SI_UNIT ( .MILLI., .METRE. ) );
#2410 = EDGE_LOOP ( 'NONE', ( #2202, #1677 ) ) ;
#2411 = DIRECTION ( 'NONE',  ( -0.0000000000000000000, -0.0000000000000000000, -1.000000000000000000 ) ) ;
#2412 = AXIS2_PLACEMENT_3D ( 'NONE', #2278, #2564, #2013 ) ;
#2413 = DIRECTION ( 'NONE',  ( 1.000000000000000000, 0.0000000000000000000, 0.0000000000000000000 ) ) ;
#2414 = VERTEX_POINT ( 'NONE', #3436 ) ;
#2415 = EDGE_LOOP ( 'NONE', ( #2220, #1791 ) ) ;
#2416 = VECTOR ( 'NONE', #559, 1000.000000000000000 ) ;
#2417 = CARTESIAN_POINT ( 'NONE',  ( 2.500000000000038600, 67.50000000000000000, 132.0000000000000000 ) ) ;
#2418 = STYLED_ITEM ( 'NONE', ( #2005 ), #2247 ) ;
#2419 = DIRECTION ( 'NONE',  ( -0.0000000000000000000, -0.0000000000000000000, -1.000000000000000000 ) ) ;
#2420 = DIRECTION ( 'NONE',  ( -1.000000000000000000, 0.0000000000000000000, 0.0000000000000000000 ) ) ;
#2421 = PRESENTATION_STYLE_ASSIGNMENT (( #1934 ) ) ;
#2422 = VERTEX_POINT ( 'NONE', #2001 ) ;
#2423 = CARTESIAN_POINT ( 'NONE',  ( 155.8845726811991600, 89.99999999999970200, 135.9978484524311300 ) ) ;
#2424 = EDGE_CURVE ( 'NONE', #488, #1291, #1995, .T. ) ;
#2425 = FACE_OUTER_BOUND ( 'NONE', #3430, .T. ) ;
#2426 = ORIENTED_EDGE ( 'NONE', *, *, #2330, .T. ) ;
#2427 = CARTESIAN_POINT ( 'NONE',  ( 0.0000000000000000000, -180.0000000000000300, 137.5000000000000000 ) ) ;
#2428 = DIRECTION ( 'NONE',  ( 1.000000000000000000, 0.0000000000000000000, 0.0000000000000000000 ) ) ;
#2429 = ORIENTED_EDGE ( 'NONE', *, *, #1357, .T. ) ;
#2430 = DIRECTION ( 'NONE',  ( -0.0000000000000000000, -0.0000000000000000000, 1.000000000000000000 ) ) ;
#2431 = CARTESIAN_POINT ( 'NONE',  ( -0.5252186030205280300, 184.0228984525196800, 24.02347044453101100 ) ) ;
#2432 = SURFACE_SIDE_STYLE ('',( #856 ) ) ;
#2433 = ORIENTED_EDGE ( 'NONE', *, *, #956, .F. ) ;
#2434 = EDGE_LOOP ( 'NONE', ( #3107, #3643, #1432, #2517 ) ) ;
#2435 = CIRCLE ( 'NONE', #734, 59.99999999999997900 ) ;
#2436 = ORIENTED_EDGE ( 'NONE', *, *, #449, .F. ) ;
#2437 = DIRECTION ( 'NONE',  ( -1.000000000000000000, 0.0000000000000000000, 0.0000000000000000000 ) ) ;
#2438 = CARTESIAN_POINT ( 'NONE',  ( 158.3845726811991300, -89.99999999999948800, 137.5000000000000000 ) ) ;
#2439 = DIRECTION ( 'NONE',  ( -0.0000000000000000000, -0.0000000000000000000, 1.000000000000000000 ) ) ;
#2440 = LINE ( 'NONE', #3707, #3745 ) ;
#2441 = FACE_OUTER_BOUND ( 'NONE', #349, .T. ) ;
#2442 = PRESENTATION_LAYER_ASSIGNMENT (  '', '', ( #2253 ) ) ;
#2443 = VERTEX_POINT ( 'NONE', #503 ) ;
#2444 = VECTOR ( 'NONE', #1077, 1000.000000000000000 ) ;
#2445 = DIRECTION ( 'NONE',  ( -0.0000000000000000000, -0.0000000000000000000, -1.000000000000000000 ) ) ;
#2446 = ORIENTED_EDGE ( 'NONE', *, *, #1387, .T. ) ;
#2447 = EDGE_CURVE ( 'NONE', #1361, #1762, #1141, .T. ) ;
#2448 =( GEOMETRIC_REPRESENTATION_CONTEXT ( 3 ) GLOBAL_UNCERTAINTY_ASSIGNED_CONTEXT ( ( #2779 ) ) GLOBAL_UNIT_ASSIGNED_CONTEXT ( ( #3253, #2951, #2359 ) ) REPRESENTATION_CONTEXT ( 'NONE', 'WORKASPACE' ) );
#2449 = FILL_AREA_STYLE ('',( #2834 ) ) ;
#2450 = ORIENTED_EDGE ( 'NONE', *, *, #3143, .F. ) ;
#2451 = FACE_OUTER_BOUND ( 'NONE', #942, .T. ) ;
#2452 =( NAMED_UNIT ( * ) PLANE_ANGLE_UNIT ( ) SI_UNIT ( $, .RADIAN. ) );
#2453 = CIRCLE ( 'NONE', #817, 54.99999999999998600 ) ;
#2454 = ORIENTED_EDGE ( 'NONE', *, *, #1498, .F. ) ;
#2455 = DIRECTION ( 'NONE',  ( -0.0000000000000000000, -0.0000000000000000000, -1.000000000000000000 ) ) ;
#2456 = CARTESIAN_POINT ( 'NONE',  ( 4.249360504782373500, 122.4262755102040800, 1.000000000000063900 ) ) ;
#2457 = CARTESIAN_POINT ( 'NONE',  ( 2.074119689255876100E-014, 122.4999999999999700, 85.58326112068512300 ) ) ;
#2458 = AXIS2_PLACEMENT_3D ( 'NONE', #2526, #3652, #226 ) ;
#2459 = VERTEX_POINT ( 'NONE', #311 ) ;
#2460 = CARTESIAN_POINT ( 'NONE',  ( 4.249786992212725600, -122.4508575567850500, 0.9754179534190666700 ) ) ;
#2461 = ADVANCED_FACE ( 'NONE', ( #1553 ), #991, .F. ) ;
#2462 = DIRECTION ( 'NONE',  ( -0.0000000000000000000, 0.7071067811865489100, -0.7071067811865462400 ) ) ;
#2463 = FILL_AREA_STYLE_COLOUR ( '', #557 ) ;
#2464 = STYLED_ITEM ( 'NONE', ( #2138 ), #1210 ) ;
#2465 = FACE_OUTER_BOUND ( 'NONE', #3421, .T. ) ;
#2466 = ORIENTED_EDGE ( 'NONE', *, *, #3657, .F. ) ;
#2467 = CIRCLE ( 'NONE', #1761, 144.9999999999999700 ) ;
#2468 = DIRECTION ( 'NONE',  ( 0.0000000000000000000, 0.0000000000000000000, -1.000000000000000000 ) ) ;
#2469 = MECHANICAL_DESIGN_GEOMETRIC_PRESENTATION_REPRESENTATION (  '', ( #570 ), #2169 ) ;
#2470 = ORIENTED_EDGE ( 'NONE', *, *, #283, .F. ) ;
#2471 = CARTESIAN_POINT ( 'NONE',  ( 3.675070721875128500E-015, 181.2132034355964300, 21.21320343559651900 ) ) ;
#2472 = CARTESIAN_POINT ( 'NONE',  ( -122.4999999999999700, 0.0000000000000000000, 1.000000000000070600 ) ) ;
#2473 = ORIENTED_EDGE ( 'NONE', *, *, #1387, .F. ) ;
#2474 = DIRECTION ( 'NONE',  ( -0.0000000000000000000, -0.0000000000000000000, 1.000000000000000000 ) ) ;
#2475 = CIRCLE ( 'NONE', #1855, 94.99999999999997200 ) ;
#2476 = CARTESIAN_POINT ( 'NONE',  ( 169.9999999999999700, -165.0000000000000900, 94.50000000000000000 ) ) ;
#2477 = ORIENTED_EDGE ( 'NONE', *, *, #1409, .F. ) ;
#2478 = VECTOR ( 'NONE', #617, 1000.000000000000000 ) ;
#2479 = EDGE_CURVE ( 'NONE', #815, #1530, #3220, .T. ) ;
#2480 = ORIENTED_EDGE ( 'NONE', *, *, #1005, .F. ) ;
#2481 = VECTOR ( 'NONE', #2014, 1000.000000000000000 ) ;
#2482 = CARTESIAN_POINT ( 'NONE',  ( 59.99999999999997900, 7.347880794884116800E-015, 147.0000000000000300 ) ) ;
#2483 = CARTESIAN_POINT ( 'NONE',  ( 67.50000000000000000, 0.0000000000000000000, 132.0000000000000000 ) ) ;
#2484 = EDGE_LOOP ( 'NONE', ( #1858, #2299, #1608, #2758 ) ) ;
#2485 = ORIENTED_EDGE ( 'NONE', *, *, #3269, .F. ) ;
#2486 = MECHANICAL_DESIGN_GEOMETRIC_PRESENTATION_REPRESENTATION (  '', ( #2464 ), #3691 ) ;
#2487 = DIRECTION ( 'NONE',  ( -0.0000000000000000000, -0.0000000000000000000, 1.000000000000000000 ) ) ;
#2488 = EDGE_LOOP ( 'NONE', ( #561, #58, #68 ) ) ;
#2489 = AXIS2_PLACEMENT_3D ( 'NONE', #2794, #741, #2201 ) ;
#2490 = ORIENTED_EDGE ( 'NONE', *, *, #909, .F. ) ;
#2491 = SURFACE_STYLE_USAGE ( .BOTH. , #452 ) ;
#2492 = EDGE_LOOP ( 'NONE', ( #1096, #656, #687, #948 ) ) ;
#2493 = DIRECTION ( 'NONE',  ( 1.000000000000000000, 0.0000000000000000000, 0.0000000000000000000 ) ) ;
#2494 = AXIS2_PLACEMENT_3D ( 'NONE', #646, #46, #2396 ) ;
#2495 = UNCERTAINTY_MEASURE_WITH_UNIT (LENGTH_MEASURE( 1.000000000000000100E-005 ), #2731, 'distance_accuracy_value', 'NONE');
#2496 = FACE_OUTER_BOUND ( 'NONE', #220, .T. ) ;
#2497 = CIRCLE ( 'NONE', #2632, 189.9999999999999400 ) ;
#2498 = CARTESIAN_POINT ( 'NONE',  ( -189.9999999999997700, -259.9999999999998900, 94.50000000000000000 ) ) ;
#2499 = ORIENTED_EDGE ( 'NONE', *, *, #3143, .T. ) ;
#2500 = ORIENTED_EDGE ( 'NONE', *, *, #1606, .F. ) ;
#2501 = EDGE_CURVE ( 'NONE', #3470, #1391, #3693, .T. ) ;
#2502 = VERTEX_POINT ( 'NONE', #1216 ) ;
#2503 = SURFACE_STYLE_USAGE ( .BOTH. , #995 ) ;
#2504 = VECTOR ( 'NONE', #3350, 1000.000000000000000 ) ;
#2505 = DIRECTION ( 'NONE',  ( 1.000000000000000000, 0.0000000000000000000, 0.0000000000000000000 ) ) ;
#2506 = CARTESIAN_POINT ( 'NONE',  ( -157.0000000000000600, -200.0000000000000300, 94.50000000000000000 ) ) ;
#2507 = AXIS2_PLACEMENT_3D ( 'NONE', #2567, #521, #816 ) ;
#2508 = CIRCLE ( 'NONE', #1923, 2.499999999999988500 ) ;
#2509 = DIRECTION ( 'NONE',  ( -0.0000000000000000000, -0.0000000000000000000, -1.000000000000000000 ) ) ;
#2510 = LINE ( 'NONE', #3380, #100 ) ;
#2511 = ORIENTED_EDGE ( 'NONE', *, *, #1524, .F. ) ;
#2512 = DIRECTION ( 'NONE',  ( -0.0000000000000000000, -0.0000000000000000000, 1.000000000000000000 ) ) ;
#2513 = CARTESIAN_POINT ( 'NONE',  ( 69.99999999999998600, 0.0000000000000000000, 147.0000000000000300 ) ) ;
#2514 = LINE ( 'NONE', #3111, #55 ) ;
#2515 = AXIS2_PLACEMENT_3D ( 'NONE', #960, #2995, #350 ) ;
#2516 = CARTESIAN_POINT ( 'NONE',  ( 0.0000000000000000000, 122.4999999999999900, 4.274382170203848200E-016 ) ) ;
#2517 = ORIENTED_EDGE ( 'NONE', *, *, #631, .T. ) ;
#2518 = CONICAL_SURFACE ( 'NONE', #2489, 122.4999999999999700, 0.7853981633974621600 ) ;
#2519 = ORIENTED_EDGE ( 'NONE', *, *, #504, .F. ) ;
#2520 = EDGE_CURVE ( 'NONE', #1738, #864, #1506, .T. ) ;
#2521 = CARTESIAN_POINT ( 'NONE',  ( 3.974036413991383700, 180.8204178704719400, 20.86407678776445000 ) ) ;
#2522 = AXIS2_PLACEMENT_3D ( 'NONE', #2707, #2695, #2994 ) ;
#2523 = DIRECTION ( 'NONE',  ( 0.0000000000000000000, 0.0000000000000000000, -1.000000000000000000 ) ) ;
#2524 = ORIENTED_EDGE ( 'NONE', *, *, #35, .F. ) ;
#2525 = DIRECTION ( 'NONE',  ( 0.0000000000000000000, 0.0000000000000000000, -1.000000000000000000 ) ) ;
#2526 = CARTESIAN_POINT ( 'NONE',  ( -189.9999999999997700, -259.9999999999998900, 124.5000000000000000 ) ) ;
#2527 = EDGE_LOOP ( 'NONE', ( #1275, #2113, #1177, #3033 ) ) ;
#2528 = ORIENTED_EDGE ( 'NONE', *, *, #602, .T. ) ;
#2529 = ORIENTED_EDGE ( 'NONE', *, *, #1606, .T. ) ;
#2530 = VECTOR ( 'NONE', #3146, 1000.000000000000000 ) ;
#2531 = DIRECTION ( 'NONE',  ( -1.000000000000000000, 0.0000000000000000000, 0.0000000000000000000 ) ) ;
#2532 = CARTESIAN_POINT ( 'NONE',  ( -155.8845726811991600, -89.99999999999961600, 137.5000000000000000 ) ) ;
#2533 = EDGE_CURVE ( 'NONE', #643, #247, #2435, .T. ) ;
#2534 = CARTESIAN_POINT ( 'NONE',  ( 1.288431838411161500, 178.5268909238478400, 18.53137720499185500 ) ) ;
#2535 = CARTESIAN_POINT ( 'NONE',  ( -67.50000000000000000, 0.0000000000000000000, 147.0000000000000300 ) ) ;
#2536 = CIRCLE ( 'NONE', #3403, 5.000000000000001800 ) ;
#2537 = DIRECTION ( 'NONE',  ( 1.000000000000000000, 0.0000000000000000000, 0.0000000000000000000 ) ) ;
#2538 = AXIS2_PLACEMENT_3D ( 'NONE', #3118, #3168, #1702 ) ;
#2539 = CARTESIAN_POINT ( 'NONE',  ( -4.249999999999996400, -122.4999999999999900, 0.9262976817621537700 ) ) ;
#2540 = VECTOR ( 'NONE', #2900, 1000.000000000000000 ) ;
#2541 = EDGE_CURVE ( 'NONE', #1291, #488, #1943, .T. ) ;
#2542 = CARTESIAN_POINT ( 'NONE',  ( -190.0000000000000000, -229.9999999999998900, 124.5000000000000000 ) ) ;
#2543 = AXIS2_PLACEMENT_3D ( 'NONE', #1103, #1989, #791 ) ;
#2544 = CONICAL_SURFACE ( 'NONE', #2380, 160.0000000000000900, 0.7853981633974463900 ) ;
#2545 = FILL_AREA_STYLE ('',( #3711 ) ) ;
#2546 = CARTESIAN_POINT ( 'NONE',  ( 155.8845726811991600, 89.99999999999970200, 170.5000000000000000 ) ) ;
#2547 = CARTESIAN_POINT ( 'NONE',  ( -2.499999999999994200, -180.0000000000000300, 137.5000000000000000 ) ) ;
#2548 = DIRECTION ( 'NONE',  ( -0.0000000000000000000, -0.0000000000000000000, -1.000000000000000000 ) ) ;
#2549 = EDGE_CURVE ( 'NONE', #1079, #2261, #2890, .T. ) ;
#2550 = EDGE_LOOP ( 'NONE', ( #2980, #3263, #2204 ) ) ;
#2551 = ORIENTED_EDGE ( 'NONE', *, *, #840, .F. ) ;
#2552 = EDGE_CURVE ( 'NONE', #693, #2996, #3606, .T. ) ;
#2553 = FACE_BOUND ( 'NONE', #2207, .T. ) ;
#2554 = CARTESIAN_POINT ( 'NONE',  ( 0.2607743535027319300, 178.3847763108503000, 18.38477631085028500 ) ) ;
#2555 = CARTESIAN_POINT ( 'NONE',  ( 158.3845726811991600, 89.99999999999970200, 170.5000000000000000 ) ) ;
#2556 = STYLED_ITEM ( 'NONE', ( #2910 ), #686 ) ;
#2557 = CARTESIAN_POINT ( 'NONE',  ( 169.9999999999999700, -200.0000000000000900, 94.50000000000000000 ) ) ;
#2558 = ORIENTED_EDGE ( 'NONE', *, *, #2080, .F. ) ;
#2559 = CARTESIAN_POINT ( 'NONE',  ( -5.401588245426607100E-015, -122.4999999999999900, 22.05365763086713200 ) ) ;
#2560 = DIRECTION ( 'NONE',  ( -0.0000000000000000000, -0.0000000000000000000, 1.000000000000000000 ) ) ;
#2561 = AXIS2_PLACEMENT_3D ( 'NONE', #161, #2602, #145 ) ;
#2562 = DIRECTION ( 'NONE',  ( 1.000000000000000000, 0.0000000000000000000, 0.0000000000000000000 ) ) ;
#2563 = ORIENTED_EDGE ( 'NONE', *, *, #2060, .T. ) ;
#2564 = DIRECTION ( 'NONE',  ( -0.0000000000000000000, -0.0000000000000000000, -1.000000000000000000 ) ) ;
#2565 = DIRECTION ( 'NONE',  ( -0.0000000000000000000, -0.0000000000000000000, 1.000000000000000000 ) ) ;
#2566 = EDGE_LOOP ( 'NONE', ( #3509, #1659, #3059, #380, #2572, #1562 ) ) ;
#2567 = CARTESIAN_POINT ( 'NONE',  ( -220.0000000000000000, -229.9999999999997200, 124.5000000000000000 ) ) ;
#2568 =( NAMED_UNIT ( * ) SI_UNIT ( $, .STERADIAN. ) SOLID_ANGLE_UNIT ( ) );
#2569 = SURFACE_SIDE_STYLE ('',( #1870 ) ) ;
#2570 = DIRECTION ( 'NONE',  ( -1.000000000000000000, 0.0000000000000000000, -0.0000000000000000000 ) ) ;
#2571 = CARTESIAN_POINT ( 'NONE',  ( -5.401588245426607100E-015, 122.4999999999999900, 22.05365763086713200 ) ) ;
#2572 = ORIENTED_EDGE ( 'NONE', *, *, #3757, .T. ) ;
#2573 = EDGE_CURVE ( 'NONE', #3047, #2040, #1228, .T. ) ;
#2574 = FACE_OUTER_BOUND ( 'NONE', #157, .T. ) ;
#2575 = CARTESIAN_POINT ( 'NONE',  ( 158.3845726811991600, 89.99999999999970200, 137.5000000000000000 ) ) ;
#2576 = DIRECTION ( 'NONE',  ( -0.0000000000000000000, -0.0000000000000000000, 1.000000000000000000 ) ) ;
#2577 = CARTESIAN_POINT ( 'NONE',  ( 155.8845726811991300, -89.99999999999948800, 170.5000000000000000 ) ) ;
#2578 = CIRCLE ( 'NONE', #2949, 2.500000000000002200 ) ;
#2579 = CYLINDRICAL_SURFACE ( 'NONE', #3547, 12.99999999999998400 ) ;
#2580 = ORIENTED_EDGE ( 'NONE', *, *, #2533, .F. ) ;
#2581 = EDGE_CURVE ( 'NONE', #3258, #2652, #1862, .T. ) ;
#2582 = FILL_AREA_STYLE ('',( #1160 ) ) ;
#2583 = ORIENTED_EDGE ( 'NONE', *, *, #1005, .T. ) ;
#2584 = DIRECTION ( 'NONE',  ( -0.0000000000000000000, -0.0000000000000000000, -1.000000000000000000 ) ) ;
#2585 = LINE ( 'NONE', #376, #3274 ) ;
#2586 = PRESENTATION_LAYER_ASSIGNMENT (  '', '', ( #47 ) ) ;
#2587 = CARTESIAN_POINT ( 'NONE',  ( 169.9999999999999700, -165.0000000000000900, 124.5000000000000000 ) ) ;
#2588 = CARTESIAN_POINT ( 'NONE',  ( 157.0000000000000000, 169.9999999999999400, 124.5000000000000000 ) ) ;
#2589 = EDGE_CURVE ( 'NONE', #518, #3147, #386, .T. ) ;
#2590 = ORIENTED_EDGE ( 'NONE', *, *, #2973, .F. ) ;
#2591 = CIRCLE ( 'NONE', #1700, 4.249999999999998200 ) ;
#2592 = FILL_AREA_STYLE_COLOUR ( '', #159 ) ;
#2593 = CARTESIAN_POINT ( 'NONE',  ( 3.586332343546217300, 122.4475494852870800, 77.45096523387570600 ) ) ;
#2594 =( GEOMETRIC_REPRESENTATION_CONTEXT ( 3 ) GLOBAL_UNCERTAINTY_ASSIGNED_CONTEXT ( ( #3718 ) ) GLOBAL_UNIT_ASSIGNED_CONTEXT ( ( #551, #1439, #1994 ) ) REPRESENTATION_CONTEXT ( 'NONE', 'WORKASPACE' ) );
#2595 = LINE ( 'NONE', #1567, #868 ) ;
#2596 = EDGE_LOOP ( 'NONE', ( #951, #3201, #2860 ) ) ;
#2597 = ADVANCED_FACE ( 'NONE', ( #611 ), #2048, .F. ) ;
#2598 = PRESENTATION_STYLE_ASSIGNMENT (( #2361 ) ) ;
#2599 = EDGE_CURVE ( 'NONE', #3642, #1291, #3517, .T. ) ;
#2600 = CARTESIAN_POINT ( 'NONE',  ( -4.146918806383181900, 123.4303571428572200, 2.143131898507878900E-016 ) ) ;
#2601 = CIRCLE ( 'NONE', #1190, 123.5000000000000700 ) ;
#2602 = DIRECTION ( 'NONE',  ( -0.0000000000000000000, -0.0000000000000000000, -1.000000000000000000 ) ) ;
#2603 = PLANE ( 'NONE',  #2801 ) ;
#2604 = CARTESIAN_POINT ( 'NONE',  ( 155.8845726811991300, -89.99999999999948800, 170.5000000000000000 ) ) ;
#2605 = EDGE_LOOP ( 'NONE', ( #238, #197, #163 ) ) ;
#2606 = CIRCLE ( 'NONE', #2146, 123.5000000000000700 ) ;
#2607 = DIRECTION ( 'NONE',  ( -0.0000000000000000000, -0.0000000000000000000, 1.000000000000000000 ) ) ;
#2608 = DIRECTION ( 'NONE',  ( -0.0000000000000000000, -0.0000000000000000000, -1.000000000000000000 ) ) ;
#2609 = ORIENTED_EDGE ( 'NONE', *, *, #1335, .F. ) ;
#2610 = FACE_OUTER_BOUND ( 'NONE', #2804, .T. ) ;
#2611 = DIRECTION ( 'NONE',  ( -0.0000000000000000000, -0.0000000000000000000, -1.000000000000000000 ) ) ;
#2612 = VERTEX_POINT ( 'NONE', #1575 ) ;
#2613 = CARTESIAN_POINT ( 'NONE',  ( -3.872227819218857700, 180.4594488667241600, 20.50098230303559900 ) ) ;
#2614 = AXIS2_PLACEMENT_3D ( 'NONE', #2604, #1760, #2055 ) ;
#2615 = ADVANCED_FACE ( 'NONE', ( #896 ), #1270, .F. ) ;
#2616 = CARTESIAN_POINT ( 'NONE',  ( 169.9999999999999700, -165.0000000000000900, 94.50000000000000000 ) ) ;
#2617 = CARTESIAN_POINT ( 'NONE',  ( 3.857327491116872200, 122.4392782651499500, 81.52060404149800400 ) ) ;
#2618 = ORIENTED_EDGE ( 'NONE', *, *, #2179, .F. ) ;
#2619 = CARTESIAN_POINT ( 'NONE',  ( 0.0000000000000000000, -67.50000000000000000, 132.0000000000000000 ) ) ;
#2620 = CYLINDRICAL_SURFACE ( 'NONE', #2165, 59.99999999999997900 ) ;
#2621 = DIRECTION ( 'NONE',  ( -0.0000000000000000000, -0.0000000000000000000, 1.000000000000000000 ) ) ;
#2622 = EDGE_CURVE ( 'NONE', #925, #2778, #2044, .T. ) ;
#2623 = ORIENTED_EDGE ( 'NONE', *, *, #1403, .T. ) ;
#2624 = LINE ( 'NONE', #3636, #2803 ) ;
#2625 = SURFACE_STYLE_USAGE ( .BOTH. , #2016 ) ;
#2626 = EDGE_LOOP ( 'NONE', ( #1719, #684, #2073, #507, #289, #2770, #2192, #772 ) ) ;
#2627 = EDGE_CURVE ( 'NONE', #643, #73, #3644, .T. ) ;
#2628 = DIRECTION ( 'NONE',  ( -0.0000000000000000000, -0.0000000000000000000, -1.000000000000000000 ) ) ;
#2629 = ORIENTED_EDGE ( 'NONE', *, *, #3245, .F. ) ;
#2630 = DIRECTION ( 'NONE',  ( -0.0000000000000000000, -0.0000000000000000000, -1.000000000000000000 ) ) ;
#2631 = CARTESIAN_POINT ( 'NONE',  ( 1.090274762028155400, 122.4952418610503700, 85.37829569355911000 ) ) ;
#2632 = AXIS2_PLACEMENT_3D ( 'NONE', #650, #2399, #1840 ) ;
#2633 = FILL_AREA_STYLE_COLOUR ( '', #1661 ) ;
#2634 = ADVANCED_FACE ( 'NONE', ( #335 ), #3423, .F. ) ;
#2635 = ORIENTED_EDGE ( 'NONE', *, *, #2912, .T. ) ;
#2636 = PRESENTATION_LAYER_ASSIGNMENT (  '', '', ( #811 ) ) ;
#2637 = DIRECTION ( 'NONE',  ( -0.0000000000000000000, -0.0000000000000000000, -1.000000000000000000 ) ) ;
#2638 = CIRCLE ( 'NONE', #480, 8.750000000000007100 ) ;
#2639 = UNCERTAINTY_MEASURE_WITH_UNIT (LENGTH_MEASURE( 1.000000000000000100E-005 ), #714, 'distance_accuracy_value', 'NONE');
#2640 = CARTESIAN_POINT ( 'NONE',  ( 0.0000000000000000000, -122.4999999999999900, 2.143131898507878900E-016 ) ) ;
#2641 = VECTOR ( 'NONE', #2653, 1000.000000000000000 ) ;
#2642 = ORIENTED_EDGE ( 'NONE', *, *, #2815, .F. ) ;
#2643 = CARTESIAN_POINT ( 'NONE',  ( 3.399264043492279200, 122.4532721434648400, 83.04220229955601000 ) ) ;
#2644 = EDGE_LOOP ( 'NONE', ( #371, #1415, #1915, #334 ) ) ;
#2645 = SURFACE_STYLE_FILL_AREA ( #1902 ) ;
#2646 = DIRECTION ( 'NONE',  ( -0.0000000000000000000, -0.0000000000000000000, -1.000000000000000000 ) ) ;
#2647 = ORIENTED_EDGE ( 'NONE', *, *, #500, .T. ) ;
#2648 = CIRCLE ( 'NONE', #3364, 122.4999999999999700 ) ;
#2649 = FACE_OUTER_BOUND ( 'NONE', #2940, .T. ) ;
#2650 = EDGE_CURVE ( 'NONE', #864, #1738, #2475, .T. ) ;
#2651 = VECTOR ( 'NONE', #725, 999.9999999999998900 ) ;
#2652 = VERTEX_POINT ( 'NONE', #2974 ) ;
#2653 = DIRECTION ( 'NONE',  ( 0.8571673007021116700, 1.049727191138617800E-016, -0.5150380749100552700 ) ) ;
#2654 = CYLINDRICAL_SURFACE ( 'NONE', #3338, 8.749999999999980500 ) ;
#2655 = VERTEX_POINT ( 'NONE', #336 ) ;
#2656 = MECHANICAL_DESIGN_GEOMETRIC_PRESENTATION_REPRESENTATION (  '', ( #429 ), #120 ) ;
#2657 = CARTESIAN_POINT ( 'NONE',  ( 0.0000000000000000000, 0.0000000000000000000, 1.000000000000070600 ) ) ;
#2658 = SURFACE_STYLE_FILL_AREA ( #2184 ) ;
#2659 = VERTEX_POINT ( 'NONE', #2123 ) ;
#2660 = ORIENTED_EDGE ( 'NONE', *, *, #3061, .F. ) ;
#2661 = DIRECTION ( 'NONE',  ( -0.0000000000000000000, -0.0000000000000000000, 1.000000000000000000 ) ) ;
#2662 = DIRECTION ( 'NONE',  ( -1.000000000000000000, 0.0000000000000000000, 0.0000000000000000000 ) ) ;
#2663 = VERTEX_POINT ( 'NONE', #323 ) ;
#2664 =( GEOMETRIC_REPRESENTATION_CONTEXT ( 3 ) GLOBAL_UNCERTAINTY_ASSIGNED_CONTEXT ( ( #1447 ) ) GLOBAL_UNIT_ASSIGNED_CONTEXT ( ( #720, #1631, #3341 ) ) REPRESENTATION_CONTEXT ( 'NONE', 'WORKASPACE' ) );
#2665 = ORIENTED_EDGE ( 'NONE', *, *, #1374, .T. ) ;
#2666 = CARTESIAN_POINT ( 'NONE',  ( -170.0000000000000300, 134.9999999999999700, 94.50000000000000000 ) ) ;
#2667 = DIRECTION ( 'NONE',  ( 1.000000000000000000, 0.0000000000000000000, 0.0000000000000000000 ) ) ;
#2668 = EDGE_CURVE ( 'NONE', #320, #2909, #700, .T. ) ;
#2669 = SURFACE_STYLE_FILL_AREA ( #2394 ) ;
#2670 = ADVANCED_FACE ( 'NONE', ( #61 ), #1797, .T. ) ;
#2671 = FILL_AREA_STYLE ('',( #835 ) ) ;
#2672 = FACE_OUTER_BOUND ( 'NONE', #3052, .T. ) ;
#2673 = DIRECTION ( 'NONE',  ( 1.000000000000000000, 0.0000000000000000000, 0.0000000000000000000 ) ) ;
#2674 = DIRECTION ( 'NONE',  ( -1.000000000000000000, 0.0000000000000000000, 0.0000000000000000000 ) ) ;
#2675 = PRESENTATION_LAYER_ASSIGNMENT (  '', '', ( #3129 ) ) ;
#2676 = CARTESIAN_POINT ( 'NONE',  ( -2.051184257130542300, 122.4828837066057200, 84.80411993252823800 ) ) ;
#2677 = VERTEX_POINT ( 'NONE', #974 ) ;
#2678 = VECTOR ( 'NONE', #2066, 1000.000000000000000 ) ;
#2679 = DIRECTION ( 'NONE',  ( -1.000000000000000000, 1.460819769243628900E-016, 0.0000000000000000000 ) ) ;
#2680 = VERTEX_POINT ( 'NONE', #681 ) ;
#2681 = SURFACE_STYLE_USAGE ( .BOTH. , #3296 ) ;
#2682 = AXIS2_PLACEMENT_3D ( 'NONE', #3705, #2560, #1155 ) ;
#2683 = DIRECTION ( 'NONE',  ( -0.0000000000000000000, -0.0000000000000000000, -1.000000000000000000 ) ) ;
#2684 = VERTEX_POINT ( 'NONE', #2423 ) ;
#2685 = ADVANCED_FACE ( 'NONE', ( #1360 ), #1407, .F. ) ;
#2686 = DIRECTION ( 'NONE',  ( -1.000000000000000000, 0.0000000000000000000, 0.0000000000000000000 ) ) ;
#2687 = CIRCLE ( 'NONE', #2124, 94.99999999999997200 ) ;
#2688 = AXIS2_PLACEMENT_3D ( 'NONE', #1138, #2312, #1723 ) ;
#2689 = CARTESIAN_POINT ( 'NONE',  ( -3.934466891041844800, 122.4368950534962000, 81.20557872184780000 ) ) ;
#2690 = DIRECTION ( 'NONE',  ( 0.0000000000000000000, 0.0000000000000000000, -1.000000000000000000 ) ) ;
#2691 = EDGE_LOOP ( 'NONE', ( #3727, #3598, #2750 ) ) ;
#2692 = VERTEX_POINT ( 'NONE', #1619 ) ;
#2693 = ORIENTED_EDGE ( 'NONE', *, *, #3741, .F. ) ;
#2694 = CARTESIAN_POINT ( 'NONE',  ( 2.499999999999990200, -67.50000000000000000, 147.0000000000000300 ) ) ;
#2695 = DIRECTION ( 'NONE',  ( -0.0000000000000000000, -0.0000000000000000000, 1.000000000000000000 ) ) ;
#2696 = ORIENTED_EDGE ( 'NONE', *, *, #640, .T. ) ;
#2697 = PRESENTATION_LAYER_ASSIGNMENT (  '', '', ( #2556 ) ) ;
#2698 = DIRECTION ( 'NONE',  ( -0.0000000000000000000, -0.0000000000000000000, -1.000000000000000000 ) ) ;
#2699 = CARTESIAN_POINT ( 'NONE',  ( 0.0000000000000000000, 76.99999999999998600, 147.0000000000000300 ) ) ;
#2700 = COLOUR_RGB ( '',0.2000000000000000100, 0.2000000000000000100, 0.2000000000000000100 ) ;
#2701 = DIRECTION ( 'NONE',  ( -1.000000000000000000, 0.0000000000000000000, 0.0000000000000000000 ) ) ;
#2702 = VERTEX_POINT ( 'NONE', #2744 ) ;
#2703 = PRESENTATION_LAYER_ASSIGNMENT (  '', '', ( #2978 ) ) ;
#2704 = FACE_BOUND ( 'NONE', #1467, .T. ) ;
#2705 = DIRECTION ( 'NONE',  ( 0.0000000000000000000, 0.0000000000000000000, -1.000000000000000000 ) ) ;
#2706 = VERTEX_POINT ( 'NONE', #3618 ) ;
#2707 = CARTESIAN_POINT ( 'NONE',  ( -67.50000000000000000, 0.0000000000000000000, 132.0000000000000000 ) ) ;
#2708 = EDGE_CURVE ( 'NONE', #1153, #2870, #3161, .T. ) ;
#2709 = AXIS2_PLACEMENT_3D ( 'NONE', #375, #67, #689 ) ;
#2710 = CYLINDRICAL_SURFACE ( 'NONE', #20, 94.99999999999997200 ) ;
#2711 = CIRCLE ( 'NONE', #413, 122.4999999999999700 ) ;
#2712 = DIRECTION ( 'NONE',  ( -1.000000000000000000, 0.0000000000000000000, 0.0000000000000000000 ) ) ;
#2713 = ORIENTED_EDGE ( 'NONE', *, *, #3425, .F. ) ;
#2714 = DIRECTION ( 'NONE',  ( -0.0000000000000000000, -0.0000000000000000000, 1.000000000000000000 ) ) ;
#2715 = FACE_OUTER_BOUND ( 'NONE', #3554, .T. ) ;
#2716 = VECTOR ( 'NONE', #332, 1000.000000000000000 ) ;
#2717 = EDGE_LOOP ( 'NONE', ( #2793, #1218, #3007 ) ) ;
#2718 = CARTESIAN_POINT ( 'NONE',  ( 4.158645492775586900E-014, 67.50000000000000000, 147.0000000000000300 ) ) ;
#2719 = DIRECTION ( 'NONE',  ( 1.000000000000000000, 0.0000000000000000000, 0.0000000000000000000 ) ) ;
#2720 = STYLED_ITEM ( 'NONE', ( #2916 ), #433 ) ;
#2721 = VERTEX_POINT ( 'NONE', #3070 ) ;
#2722 = CARTESIAN_POINT ( 'NONE',  ( -70.00000000000000000, 3.061616997868386100E-016, 132.0000000000000000 ) ) ;
#2723 = ADVANCED_FACE ( 'NONE', ( #3513 ), #1991, .F. ) ;
#2724 = VECTOR ( 'NONE', #2679, 1000.000000000000000 ) ;
#2725 = CARTESIAN_POINT ( 'NONE',  ( 2.499999999999996900, -67.50000000000000000, 132.0000000000000000 ) ) ;
#2726 = VERTEX_POINT ( 'NONE', #1342 ) ;
#2727 = ORIENTED_EDGE ( 'NONE', *, *, #768, .F. ) ;
#2728 = VECTOR ( 'NONE', #2984, 1000.000000000000000 ) ;
#2729 = AXIS2_PLACEMENT_3D ( 'NONE', #2699, #1290, #1280 ) ;
#2730 = LINE ( 'NONE', #1792, #682 ) ;
#2731 =( LENGTH_UNIT ( ) NAMED_UNIT ( * ) SI_UNIT ( .MILLI., .METRE. ) );
#2732 = VERTEX_POINT ( 'NONE', #1042 ) ;
#2733 = VECTOR ( 'NONE', #3474, 1000.000000000000000 ) ;
#2734 = EDGE_CURVE ( 'NONE', #3294, #2443, #3640, .T. ) ;
#2735 = EDGE_LOOP ( 'NONE', ( #669, #520, #648, #1339 ) ) ;
#2736 = CARTESIAN_POINT ( 'NONE',  ( -189.9999999999997700, 220.0000000000000300, 124.5000000000000000 ) ) ;
#2737 = PRESENTATION_LAYER_ASSIGNMENT (  '', '', ( #1706 ) ) ;
#2738 = CONICAL_SURFACE ( 'NONE', #56, 2.500000000000002200, 1.029744258676659200 ) ;
#2739 = CARTESIAN_POINT ( 'NONE',  ( 155.8845726811991600, 89.99999999999970200, 170.5000000000000000 ) ) ;
#2740 = DIRECTION ( 'NONE',  ( -0.0000000000000000000, -0.0000000000000000000, 1.000000000000000000 ) ) ;
#2741 = COLOUR_RGB ( '',0.2000000000000000100, 0.2000000000000000100, 0.2000000000000000100 ) ;
#2742 = LINE ( 'NONE', #755, #2968 ) ;
#2743 = VECTOR ( 'NONE', #1168, 1000.000000000000000 ) ;
#2744 = CARTESIAN_POINT ( 'NONE',  ( -189.9999999999997700, -259.9999999999998900, 124.5000000000000000 ) ) ;
#2745 = EDGE_CURVE ( 'NONE', #510, #1530, #2126, .T. ) ;
#2746 = LINE ( 'NONE', #850, #2743 ) ;
#2747 = ORIENTED_EDGE ( 'NONE', *, *, #3074, .F. ) ;
#2748 = ADVANCED_FACE ( 'NONE', ( #2610 ), #2654, .F. ) ;
#2749 = EDGE_LOOP ( 'NONE', ( #783, #369, #3113, #2446 ) ) ;
#2750 = ORIENTED_EDGE ( 'NONE', *, *, #909, .T. ) ;
#2751 = EDGE_CURVE ( 'NONE', #3642, #1435, #1171, .T. ) ;
#2752 = CARTESIAN_POINT ( 'NONE',  ( -4.146918806383180100, -123.4303571428572200, 4.274382170203848200E-016 ) ) ;
#2753 = CARTESIAN_POINT ( 'NONE',  ( 169.9999999999999700, 169.9999999999999400, 124.5000000000000000 ) ) ;
#2754 = CARTESIAN_POINT ( 'NONE',  ( 169.9999999999999700, -165.0000000000000900, 124.5000000000000000 ) ) ;
#2755 =( GEOMETRIC_REPRESENTATION_CONTEXT ( 3 ) GLOBAL_UNCERTAINTY_ASSIGNED_CONTEXT ( ( #1699 ) ) GLOBAL_UNIT_ASSIGNED_CONTEXT ( ( #2976, #63, #622 ) ) REPRESENTATION_CONTEXT ( 'NONE', 'WORKASPACE' ) );
#2756 = LINE ( 'NONE', #1126, #2481 ) ;
#2757 = STYLED_ITEM ( 'NONE', ( #290 ), #2615 ) ;
#2758 = ORIENTED_EDGE ( 'NONE', *, *, #2589, .T. ) ;
#2759 = DIRECTION ( 'NONE',  ( -1.000000000000000000, 0.0000000000000000000, 0.0000000000000000000 ) ) ;
#2760 = FACE_OUTER_BOUND ( 'NONE', #2717, .T. ) ;
#2761 = SURFACE_STYLE_USAGE ( .BOTH. , #1612 ) ;
#2762 = STYLED_ITEM ( 'NONE', ( #731 ), #3536 ) ;
#2763 = CONICAL_SURFACE ( 'NONE', #1898, 122.4999999999999700, 0.7853981633974621600 ) ;
#2764 = CONICAL_SURFACE ( 'NONE', #806, 2.499999999999996900, 1.029744258676657600 ) ;
#2765 = DIRECTION ( 'NONE',  ( -1.000000000000000000, 0.0000000000000000000, 0.0000000000000000000 ) ) ;
#2766 = LINE ( 'NONE', #1379, #3573 ) ;
#2767 = ORIENTED_EDGE ( 'NONE', *, *, #978, .T. ) ;
#2768 = DIRECTION ( 'NONE',  ( -0.0000000000000000000, -1.000000000000000000, -0.0000000000000000000 ) ) ;
#2769 = FACE_OUTER_BOUND ( 'NONE', #2100, .T. ) ;
#2770 = ORIENTED_EDGE ( 'NONE', *, *, #1471, .T. ) ;
#2771 = EDGE_CURVE ( 'NONE', #2732, #3638, #1312, .T. ) ;
#2772 = CIRCLE ( 'NONE', #457, 12.99999999999998400 ) ;
#2773 = ORIENTED_EDGE ( 'NONE', *, *, #1443, .F. ) ;
#2774 = CARTESIAN_POINT ( 'NONE',  ( 1.289533595324253900, 183.8948211830352800, 23.89918285038135100 ) ) ;
#2775 = FILL_AREA_STYLE_COLOUR ( '', #1755 ) ;
#2776 = VECTOR ( 'NONE', #2929, 1000.000000000000000 ) ;
#2777 = EDGE_CURVE ( 'NONE', #3470, #2964, #2206, .T. ) ;
#2778 = VERTEX_POINT ( 'NONE', #400 ) ;
#2779 = UNCERTAINTY_MEASURE_WITH_UNIT (LENGTH_MEASURE( 1.000000000000000100E-005 ), #3253, 'distance_accuracy_value', 'NONE');
#2780 = CARTESIAN_POINT ( 'NONE',  ( 0.0000000000000000000, 0.0000000000000000000, 1.000000000000070600 ) ) ;
#2781 = DIRECTION ( 'NONE',  ( 1.000000000000000000, 0.0000000000000000000, 0.0000000000000000000 ) ) ;
#2782 = AXIS2_PLACEMENT_3D ( 'NONE', #1599, #2190, #3321 ) ;
#2783 = CIRCLE ( 'NONE', #222, 30.00000000000000000 ) ;
#2784 = LINE ( 'NONE', #1041, #1307 ) ;
#2785 = ORIENTED_EDGE ( 'NONE', *, *, #1251, .T. ) ;
#2786 = CONICAL_SURFACE ( 'NONE', #711, 4.249999999999995600, 1.029744258676653200 ) ;
#2787 = EDGE_CURVE ( 'NONE', #1770, #1859, #1765, .T. ) ;
#2788 = CARTESIAN_POINT ( 'NONE',  ( -158.3845726811992200, 89.99999999999955900, 137.5000000000000000 ) ) ;
#2789 = AXIS2_PLACEMENT_3D ( 'NONE', #809, #524, #2288 ) ;
#2790 = ORIENTED_EDGE ( 'NONE', *, *, #3223, .F. ) ;
#2791 = ORIENTED_EDGE ( 'NONE', *, *, #54, .T. ) ;
#2792 = DIRECTION ( 'NONE',  ( -0.0000000000000000000, -0.0000000000000000000, 1.000000000000000000 ) ) ;
#2793 = ORIENTED_EDGE ( 'NONE', *, *, #1050, .F. ) ;
#2794 = CARTESIAN_POINT ( 'NONE',  ( 0.0000000000000000000, 0.0000000000000000000, 1.000000000000070600 ) ) ;
#2795 = EDGE_CURVE ( 'NONE', #2443, #3584, #1713, .T. ) ;
#2796 = DIRECTION ( 'NONE',  ( -1.000000000000000000, 0.0000000000000000000, 0.0000000000000000000 ) ) ;
#2797 = ORIENTED_EDGE ( 'NONE', *, *, #69, .T. ) ;
#2798 = CARTESIAN_POINT ( 'NONE',  ( -65.00000000000000000, 0.0000000000000000000, 147.0000000000000300 ) ) ;
#2799 = ORIENTED_EDGE ( 'NONE', *, *, #2104, .F. ) ;
#2800 = CARTESIAN_POINT ( 'NONE',  ( 5.000000000000001800, -138.0000000000000000, 170.5010000000000000 ) ) ;
#2801 = AXIS2_PLACEMENT_3D ( 'NONE', #285, #2896, #276 ) ;
#2802 = LINE ( 'NONE', #3131, #2943 ) ;
#2803 = VECTOR ( 'NONE', #453, 1000.000000000000000 ) ;
#2804 = EDGE_LOOP ( 'NONE', ( #2238, #1693, #2208, #1400 ) ) ;
#2805 = CARTESIAN_POINT ( 'NONE',  ( -0.6404346340253047600, 122.4986945249665500, 74.32674005229749500 ) ) ;
#2806 =( GEOMETRIC_REPRESENTATION_CONTEXT ( 3 ) GLOBAL_UNCERTAINTY_ASSIGNED_CONTEXT ( ( #2893 ) ) GLOBAL_UNIT_ASSIGNED_CONTEXT ( ( #1604, #1030, #715 ) ) REPRESENTATION_CONTEXT ( 'NONE', 'WORKASPACE' ) );
#2807 = CYLINDRICAL_SURFACE ( 'NONE', #1725, 4.249999999999996400 ) ;
#2808 = DIRECTION ( 'NONE',  ( -0.0000000000000000000, -0.0000000000000000000, -1.000000000000000000 ) ) ;
#2809 = FACE_OUTER_BOUND ( 'NONE', #358, .T. ) ;
#2810 = ORIENTED_EDGE ( 'NONE', *, *, #1455, .T. ) ;
#2811 = EDGE_CURVE ( 'NONE', #2215, #610, #329, .T. ) ;
#2812 = CARTESIAN_POINT ( 'NONE',  ( 0.0000000000000000000, 0.0000000000000000000, 0.0000000000000000000 ) ) ;
#2813 = VECTOR ( 'NONE', #1900, 1000.000000000000000 ) ;
#2814 = ORIENTED_EDGE ( 'NONE', *, *, #3327, .T. ) ;
#2815 = EDGE_CURVE ( 'NONE', #1355, #2262, #188, .T. ) ;
#2816 = ORIENTED_EDGE ( 'NONE', *, *, #2034, .T. ) ;
#2817 = DIRECTION ( 'NONE',  ( -0.0000000000000000000, -0.0000000000000000000, -1.000000000000000000 ) ) ;
#2818 = CARTESIAN_POINT ( 'NONE',  ( 153.3845726811991600, 89.99999999999970200, 137.5000000000000000 ) ) ;
#2819 = ADVANCED_FACE ( 'NONE', ( #3256 ), #3683, .F. ) ;
#2820 = LINE ( 'NONE', #2086, #2919 ) ;
#2821 = CARTESIAN_POINT ( 'NONE',  ( 1.772109008700816400, 178.6664369472378000, 18.67506224689947600 ) ) ;
#2822 = DIRECTION ( 'NONE',  ( 1.000000000000000000, 0.0000000000000000000, 0.0000000000000000000 ) ) ;
#2823 = AXIS2_PLACEMENT_3D ( 'NONE', #1470, #262, #21 ) ;
#2824 = DIRECTION ( 'NONE',  ( -1.000000000000000000, 0.0000000000000000000, 0.0000000000000000000 ) ) ;
#2825 = LINE ( 'NONE', #2050, #2333 ) ;
#2826 = DIRECTION ( 'NONE',  ( 1.000000000000000000, 0.0000000000000000000, 0.0000000000000000000 ) ) ;
#2827 = VERTEX_POINT ( 'NONE', #2498 ) ;
#2828 = MECHANICAL_DESIGN_GEOMETRIC_PRESENTATION_REPRESENTATION (  '', ( #811 ), #3357 ) ;
#2829 = VECTOR ( 'NONE', #3737, 1000.000000000000000 ) ;
#2830 = CARTESIAN_POINT ( 'NONE',  ( -170.0000000000000300, 134.9999999999999700, 94.50000000000000000 ) ) ;
#2831 = CARTESIAN_POINT ( 'NONE',  ( 1.528800824189669600, 122.4907318399192100, 74.69239786749908200 ) ) ;
#2832 = CARTESIAN_POINT ( 'NONE',  ( 0.5254694710527388900, 178.4028855861284900, 18.40347482299344200 ) ) ;
#2833 = AXIS2_PLACEMENT_3D ( 'NONE', #2152, #2439, #698 ) ;
#2834 = FILL_AREA_STYLE_COLOUR ( '', #620 ) ;
#2835 = CARTESIAN_POINT ( 'NONE',  ( 4.158645492775586900E-014, 180.0000000000000000, 137.5000000000000000 ) ) ;
#2836 = CARTESIAN_POINT ( 'NONE',  ( -65.00000000000000000, 0.0000000000000000000, 132.0000000000000000 ) ) ;
#2837 = FILL_AREA_STYLE_COLOUR ( '', #1002 ) ;
#2838 = ORIENTED_EDGE ( 'NONE', *, *, #602, .F. ) ;
#2839 = DIRECTION ( 'NONE',  ( -1.000000000000000000, 0.0000000000000000000, 0.0000000000000000000 ) ) ;
#2840 = ORIENTED_EDGE ( 'NONE', *, *, #2064, .F. ) ;
#2841 = VECTOR ( 'NONE', #583, 1000.000000000000000 ) ;
#2842 = EDGE_CURVE ( 'NONE', #1878, #387, #3215, .T. ) ;
#2843 = CIRCLE ( 'NONE', #1641, 2.500000000000002200 ) ;
#2844 = DIRECTION ( 'NONE',  ( -0.0000000000000000000, -0.0000000000000000000, 1.000000000000000000 ) ) ;
#2845 = EDGE_CURVE ( 'NONE', #59, #394, #837, .T. ) ;
#2846 = DIRECTION ( 'NONE',  ( 1.000000000000000000, 0.0000000000000000000, 0.0000000000000000000 ) ) ;
#2847 = FACE_BOUND ( 'NONE', #1888, .T. ) ;
#2848 = CARTESIAN_POINT ( 'NONE',  ( 0.0000000000000000000, 0.0000000000000000000, 152.0000000000000300 ) ) ;
#2849 = EDGE_LOOP ( 'NONE', ( #2393, #2985 ) ) ;
#2850 = CARTESIAN_POINT ( 'NONE',  ( 0.0000000000000000000, -67.50000000000000000, 147.0000000000000300 ) ) ;
#2851 = FACE_OUTER_BOUND ( 'NONE', #288, .T. ) ;
#2852 = DIRECTION ( 'NONE',  ( -1.000000000000000000, 0.0000000000000000000, 0.0000000000000000000 ) ) ;
#2853 = AXIS2_PLACEMENT_3D ( 'NONE', #3398, #1394, #2531 ) ;
#2854 = ORIENTED_EDGE ( 'NONE', *, *, #3507, .F. ) ;
#2855 = EDGE_CURVE ( 'NONE', #514, #394, #1031, .T. ) ;
#2856 = DIRECTION ( 'NONE',  ( 1.000000000000000000, 0.0000000000000000000, 0.0000000000000000000 ) ) ;
#2857 = CARTESIAN_POINT ( 'NONE',  ( 155.8845726811991300, -89.99999999999948800, 137.5000000000000000 ) ) ;
#2858 = MECHANICAL_DESIGN_GEOMETRIC_PRESENTATION_REPRESENTATION (  '', ( #1323 ), #2664 ) ;
#2859 = CYLINDRICAL_SURFACE ( 'NONE', #1365, 30.00000000000000000 ) ;
#2860 = ORIENTED_EDGE ( 'NONE', *, *, #3218, .T. ) ;
#2861 = CARTESIAN_POINT ( 'NONE',  ( 0.0000000000000000000, -67.50000000000000000, 147.0000000000000300 ) ) ;
#2862 = DIRECTION ( 'NONE',  ( 1.000000000000000000, 0.0000000000000000000, 0.0000000000000000000 ) ) ;
#2863 = FACE_OUTER_BOUND ( 'NONE', #205, .T. ) ;
#2864 = SURFACE_STYLE_FILL_AREA ( #1282 ) ;
#2865 = DIRECTION ( 'NONE',  ( -0.0000000000000000000, -0.0000000000000000000, -1.000000000000000000 ) ) ;
#2866 = ORIENTED_EDGE ( 'NONE', *, *, #1038, .F. ) ;
#2867 = LINE ( 'NONE', #191, #865 ) ;
#2868 = CARTESIAN_POINT ( 'NONE',  ( -158.3845726811991600, -89.99999999999961600, 137.5000000000000000 ) ) ;
#2869 = EDGE_CURVE ( 'NONE', #3011, #1187, #3159, .T. ) ;
#2870 = VERTEX_POINT ( 'NONE', #1967 ) ;
#2871 = CARTESIAN_POINT ( 'NONE',  ( -157.0000000000000600, -200.0000000000000300, 124.5000000000000000 ) ) ;
#2872 = SURFACE_STYLE_USAGE ( .BOTH. , #869 ) ;
#2873 = ORIENTED_EDGE ( 'NONE', *, *, #40, .T. ) ;
#2874 = VERTEX_POINT ( 'NONE', #2513 ) ;
#2875 =( NAMED_UNIT ( * ) PLANE_ANGLE_UNIT ( ) SI_UNIT ( $, .RADIAN. ) );
#2876 = AXIS2_PLACEMENT_3D ( 'NONE', #1773, #3181, #3758 ) ;
#2877 = CARTESIAN_POINT ( 'NONE',  ( 0.0000000000000000000, 0.0000000000000000000, 0.0000000000000000000 ) ) ;
#2878 = EDGE_LOOP ( 'NONE', ( #2450, #2397 ) ) ;
#2879 = DIRECTION ( 'NONE',  ( 0.0000000000000000000, 0.0000000000000000000, -1.000000000000000000 ) ) ;
#2880 = VERTEX_POINT ( 'NONE', #1671 ) ;
#2881 = ADVANCED_FACE ( 'NONE', ( #2425 ), #3115, .T. ) ;
#2882 = VERTEX_POINT ( 'NONE', #1924 ) ;
#2883 = FILL_AREA_STYLE_COLOUR ( '', #967 ) ;
#2884 = CARTESIAN_POINT ( 'NONE',  ( 2.717276923029644700, 122.4700427351599900, 84.12538286440880600 ) ) ;
#2885 = ORIENTED_EDGE ( 'NONE', *, *, #2196, .F. ) ;
#2886 = CARTESIAN_POINT ( 'NONE',  ( 67.50000000000000000, 0.0000000000000000000, 132.0000000000000000 ) ) ;
#2887 = AXIS2_PLACEMENT_3D ( 'NONE', #2965, #3242, #2071 ) ;
#2888 = DIRECTION ( 'NONE',  ( -1.000000000000000000, 0.0000000000000000000, 0.0000000000000000000 ) ) ;
#2889 = ORIENTED_EDGE ( 'NONE', *, *, #2520, .F. ) ;
#2890 = LINE ( 'NONE', #2914, #2936 ) ;
#2891 = DIRECTION ( 'NONE',  ( -1.000000000000000000, 0.0000000000000000000, 0.0000000000000000000 ) ) ;
#2892 = EDGE_CURVE ( 'NONE', #2702, #2827, #788, .T. ) ;
#2893 = UNCERTAINTY_MEASURE_WITH_UNIT (LENGTH_MEASURE( 1.000000000000000100E-005 ), #1604, 'distance_accuracy_value', 'NONE');
#2894 = EDGE_LOOP ( 'NONE', ( #1043, #2873, #2287, #3390 ) ) ;
#2895 = DIRECTION ( 'NONE',  ( 0.0000000000000000000, 0.0000000000000000000, -1.000000000000000000 ) ) ;
#2896 = DIRECTION ( 'NONE',  ( 0.0000000000000000000, 0.0000000000000000000, -1.000000000000000000 ) ) ;
#2897 = CARTESIAN_POINT ( 'NONE',  ( 3.207690590207010800, 122.4581026392603000, 76.57036456821408900 ) ) ;
#2898 = ORIENTED_EDGE ( 'NONE', *, *, #2085, .F. ) ;
#2899 = PRESENTATION_LAYER_ASSIGNMENT (  '', '', ( #1799 ) ) ;
#2900 = DIRECTION ( 'NONE',  ( 0.8571673007021147800, 0.0000000000000000000, 0.5150380749100501600 ) ) ;
#2901 = CARTESIAN_POINT ( 'NONE',  ( -67.50000000000000000, 0.0000000000000000000, 132.0000000000000000 ) ) ;
#2902 = CIRCLE ( 'NONE', #1637, 2.500000000000002200 ) ;
#2903 = ADVANCED_FACE ( 'NONE', ( #3290 ), #2518, .F. ) ;
#2904 = CARTESIAN_POINT ( 'NONE',  ( 2.500000000000031500, 67.50000000000000000, 147.0000000000000300 ) ) ;
#2905 =( GEOMETRIC_REPRESENTATION_CONTEXT ( 3 ) GLOBAL_UNCERTAINTY_ASSIGNED_CONTEXT ( ( #2639 ) ) GLOBAL_UNIT_ASSIGNED_CONTEXT ( ( #714, #3066, #1337 ) ) REPRESENTATION_CONTEXT ( 'NONE', 'WORKASPACE' ) );
#2906 = VECTOR ( 'NONE', #2913, 1000.000000000000000 ) ;
#2907 = PRESENTATION_STYLE_ASSIGNMENT (( #2761 ) ) ;
#2908 = CARTESIAN_POINT ( 'NONE',  ( -4.000147691191864800, 181.0084636837344200, 21.05265833156828800 ) ) ;
#2909 = VERTEX_POINT ( 'NONE', #1406 ) ;
#2910 = PRESENTATION_STYLE_ASSIGNMENT (( #3148 ) ) ;
#2911 = DIRECTION ( 'NONE',  ( -1.000000000000000000, 0.0000000000000000000, 0.0000000000000000000 ) ) ;
#2912 = EDGE_CURVE ( 'NONE', #2663, #1844, #632, .T. ) ;
#2913 = DIRECTION ( 'NONE',  ( -1.000000000000000000, 1.460819769243628900E-016, 0.0000000000000000000 ) ) ;
#2914 = CARTESIAN_POINT ( 'NONE',  ( 4.249999999999996400, -122.4999999999999900, 0.0000000000000000000 ) ) ;
#2915 = AXIS2_PLACEMENT_3D ( 'NONE', #105, #2158, #2673 ) ;
#2916 = PRESENTATION_STYLE_ASSIGNMENT (( #2120 ) ) ;
#2917 = DIRECTION ( 'NONE',  ( -0.0000000000000000000, -0.0000000000000000000, 1.000000000000000000 ) ) ;
#2918 = CARTESIAN_POINT ( 'NONE',  ( 76.99999999999998600, 9.429780353434617500E-015, 147.0000000000000300 ) ) ;
#2919 = VECTOR ( 'NONE', #2932, 1000.000000000000000 ) ;
#2920 = EDGE_CURVE ( 'NONE', #1897, #1529, #11, .T. ) ;
#2921 = ORIENTED_EDGE ( 'NONE', *, *, #202, .T. ) ;
#2922 =( LENGTH_UNIT ( ) NAMED_UNIT ( * ) SI_UNIT ( .MILLI., .METRE. ) );
#2923 = CARTESIAN_POINT ( 'NONE',  ( -3.595517387155763500, 182.4485296095709800, 22.48392546318058600 ) ) ;
#2924 = ADVANCED_FACE ( 'NONE', ( #3028 ), #3510, .F. ) ;
#2925 = AXIS2_PLACEMENT_3D ( 'NONE', #2251, #3420, #2537 ) ;
#2926 = DIRECTION ( 'NONE',  ( 0.0000000000000000000, 0.0000000000000000000, -1.000000000000000000 ) ) ;
#2927 = ORIENTED_EDGE ( 'NONE', *, *, #972, .F. ) ;
#2928 = DIRECTION ( 'NONE',  ( -0.0000000000000000000, -0.0000000000000000000, -1.000000000000000000 ) ) ;
#2929 = DIRECTION ( 'NONE',  ( -0.0000000000000000000, -0.0000000000000000000, 1.000000000000000000 ) ) ;
#2930 = PRESENTATION_LAYER_ASSIGNMENT (  '', '', ( #2464 ) ) ;
#2931 = FACE_OUTER_BOUND ( 'NONE', #880, .T. ) ;
#2932 = DIRECTION ( 'NONE',  ( -0.0000000000000000000, -0.0000000000000000000, -1.000000000000000000 ) ) ;
#2933 = SURFACE_STYLE_USAGE ( .BOTH. , #2376 ) ;
#2934 = CARTESIAN_POINT ( 'NONE',  ( 70.00000000000000000, 0.0000000000000000000, 132.0000000000000000 ) ) ;
#2935 = EDGE_LOOP ( 'NONE', ( #2473, #519 ) ) ;
#2936 = VECTOR ( 'NONE', #3759, 1000.000000000000000 ) ;
#2937 = CARTESIAN_POINT ( 'NONE',  ( 189.9999999999999400, 2.326828918379970700E-014, 0.0000000000000000000 ) ) ;
#2938 = ORIENTED_EDGE ( 'NONE', *, *, #1477, .F. ) ;
#2939 = DIRECTION ( 'NONE',  ( -1.000000000000000000, 0.0000000000000000000, 0.0000000000000000000 ) ) ;
#2940 = EDGE_LOOP ( 'NONE', ( #3278, #1600, #2293, #65, #2558, #2229, #808, #148, #680 ) ) ;
#2941 = CARTESIAN_POINT ( 'NONE',  ( 0.0000000000000000000, 0.0000000000000000000, 134.0000000000000300 ) ) ;
#2942 = EDGE_CURVE ( 'NONE', #1412, #382, #3599, .T. ) ;
#2943 = VECTOR ( 'NONE', #3697, 1000.000000000000000 ) ;
#2944 = CIRCLE ( 'NONE', #2186, 2.500000000000002200 ) ;
#2945 = DIRECTION ( 'NONE',  ( -0.0000000000000000000, -0.0000000000000000000, 1.000000000000000000 ) ) ;
#2946 = ORIENTED_EDGE ( 'NONE', *, *, #1758, .F. ) ;
#2947 = PRESENTATION_STYLE_ASSIGNMENT (( #1231 ) ) ;
#2948 = DIRECTION ( 'NONE',  ( -0.0000000000000000000, -0.0000000000000000000, 1.000000000000000000 ) ) ;
#2949 = AXIS2_PLACEMENT_3D ( 'NONE', #3388, #3004, #2413 ) ;
#2950 = ORIENTED_EDGE ( 'NONE', *, *, #2360, .T. ) ;
#2951 =( NAMED_UNIT ( * ) PLANE_ANGLE_UNIT ( ) SI_UNIT ( $, .RADIAN. ) );
#2952 = VECTOR ( 'NONE', #2989, 1000.000000000000000 ) ;
#2953 = CONICAL_SURFACE ( 'NONE', #1517, 2.499999999999996900, 1.029744258676657600 ) ;
#2954 = LINE ( 'NONE', #2798, #2813 ) ;
#2955 = DIRECTION ( 'NONE',  ( 1.000000000000000000, 0.0000000000000000000, 0.0000000000000000000 ) ) ;
#2956 =( GEOMETRIC_REPRESENTATION_CONTEXT ( 3 ) GLOBAL_UNCERTAINTY_ASSIGNED_CONTEXT ( ( #1332 ) ) GLOBAL_UNIT_ASSIGNED_CONTEXT ( ( #379, #1265, #2392 ) ) REPRESENTATION_CONTEXT ( 'NONE', 'WORKASPACE' ) );
#2957 = DIRECTION ( 'NONE',  ( -0.0000000000000000000, -0.0000000000000000000, -1.000000000000000000 ) ) ;
#2958 = CARTESIAN_POINT ( 'NONE',  ( -199.9999999999999400, 0.0000000000000000000, 134.5000000000000000 ) ) ;
#2959 = ADVANCED_FACE ( 'NONE', ( #2931 ), #556, .T. ) ;
#2960 = LINE ( 'NONE', #900, #2776 ) ;
#2961 = ORIENTED_EDGE ( 'NONE', *, *, #2533, .T. ) ;
#2962 =( LENGTH_UNIT ( ) NAMED_UNIT ( * ) SI_UNIT ( .MILLI., .METRE. ) );
#2963 = CARTESIAN_POINT ( 'NONE',  ( -3.350101221278764600, 122.4542398007284000, 76.86305199135914300 ) ) ;
#2964 = VERTEX_POINT ( 'NONE', #3433 ) ;
#2965 = CARTESIAN_POINT ( 'NONE',  ( -170.0000000000000300, 170.0000000000000000, 124.5000000000000000 ) ) ;
#2966 = PRESENTATION_STYLE_ASSIGNMENT (( #2491 ) ) ;
#2967 = EDGE_CURVE ( 'NONE', #2882, #3123, #2746, .T. ) ;
#2968 = VECTOR ( 'NONE', #1067, 1000.000000000000000 ) ;
#2969 = FACE_OUTER_BOUND ( 'NONE', #1225, .T. ) ;
#2970 = DIRECTION ( 'NONE',  ( -0.0000000000000000000, -0.0000000000000000000, 1.000000000000000000 ) ) ;
#2971 = ORIENTED_EDGE ( 'NONE', *, *, #1716, .T. ) ;
#2972 = VECTOR ( 'NONE', #3130, 999.9999999999998900 ) ;
#2973 = EDGE_CURVE ( 'NONE', #3638, #2732, #1807, .T. ) ;
#2974 = CARTESIAN_POINT ( 'NONE',  ( 122.4999999999999700, 1.500192328955507500E-014, 1.000000000000070600 ) ) ;
#2975 = ORIENTED_EDGE ( 'NONE', *, *, #2221, .F. ) ;
#2976 =( LENGTH_UNIT ( ) NAMED_UNIT ( * ) SI_UNIT ( .MILLI., .METRE. ) );
#2977 = DIRECTION ( 'NONE',  ( -0.0000000000000000000, -0.0000000000000000000, -1.000000000000000000 ) ) ;
#2978 = STYLED_ITEM ( 'NONE', ( #1874 ), #1890 ) ;
#2979 = ADVANCED_FACE ( 'NONE', ( #512 ), #784, .F. ) ;
#2980 = ORIENTED_EDGE ( 'NONE', *, *, #2622, .F. ) ;
#2981 = DIRECTION ( 'NONE',  ( -0.0000000000000000000, -0.0000000000000000000, -1.000000000000000000 ) ) ;
#2982 = VERTEX_POINT ( 'NONE', #1729 ) ;
#2983 = AXIS2_PLACEMENT_3D ( 'NONE', #1909, #417, #1035 ) ;
#2984 = DIRECTION ( 'NONE',  ( 0.0000000000000000000, 0.0000000000000000000, 1.000000000000000000 ) ) ;
#2985 = ORIENTED_EDGE ( 'NONE', *, *, #2447, .F. ) ;
#2986 = CARTESIAN_POINT ( 'NONE',  ( -183.0000000000000300, 170.0000000000000000, 94.50000000000000000 ) ) ;
#2987 = FACE_BOUND ( 'NONE', #3385, .T. ) ;
#2988 = FACE_OUTER_BOUND ( 'NONE', #1116, .T. ) ;
#2989 = DIRECTION ( 'NONE',  ( -0.0000000000000000000, -0.0000000000000000000, -1.000000000000000000 ) ) ;
#2990 = EDGE_CURVE ( 'NONE', #2655, #703, #1494, .T. ) ;
#2991 = CIRCLE ( 'NONE', #187, 189.9999999999999700 ) ;
#2992 = B_SPLINE_CURVE_WITH_KNOTS ( 'NONE', 3,
 ( #1020, #1908, #3081, #1362, #2774, #3363, #1051, #1347, #160, #3647, #1932, #212, #3109, #1674, #3672, #3426, #236, #1960, #2521, #1389, #221, #198, #2244, #3160, #3391, #773, #3400, #492, #2821, #2534, #1398, #2832, #2554, #531 ),
 .UNSPECIFIED., .F., .F.,
 ( 4, 2, 2, 2, 2, 2, 2, 2, 2, 2, 2, 2, 2, 2, 2, 2, 4 ),
 ( 0.009492319817581175400, 0.01027400942090559700, 0.01105569902423002100, 0.01183738862755444300, 0.01261907823087886700, 0.01340076783420328900, 0.01418245743752771100, 0.01496414704085213500, 0.01574583664417655800, 0.01652752624750097900, 0.01730921585082540300, 0.01809090545414982600, 0.01887259505747424700, 0.01965428466079867000, 0.02043597426412309400, 0.02121766386744751400, 0.02199935347077193800 ),
 .UNSPECIFIED. ) ;
#2993 =( NAMED_UNIT ( * ) PLANE_ANGLE_UNIT ( ) SI_UNIT ( $, .RADIAN. ) );
#2994 = DIRECTION ( 'NONE',  ( 1.000000000000000000, 0.0000000000000000000, 0.0000000000000000000 ) ) ;
#2995 = DIRECTION ( 'NONE',  ( -0.0000000000000000000, -0.0000000000000000000, -1.000000000000000000 ) ) ;
#2996 = VERTEX_POINT ( 'NONE', #2868 ) ;
#2997 = EDGE_CURVE ( 'NONE', #244, #1233, #1122, .T. ) ;
#2998 = VECTOR ( 'NONE', #724, 999.9999999999998900 ) ;
#2999 = SURFACE_STYLE_FILL_AREA ( #2545 ) ;
#3000 = ADVANCED_FACE ( 'NONE', ( #1308 ), #459, .F. ) ;
#3001 = ORIENTED_EDGE ( 'NONE', *, *, #491, .T. ) ;
#3002 = DIRECTION ( 'NONE',  ( -0.0000000000000000000, 1.000000000000000000, 0.0000000000000000000 ) ) ;
#3003 = AXIS2_PLACEMENT_3D ( 'NONE', #1191, #2630, #2054 ) ;
#3004 = DIRECTION ( 'NONE',  ( -0.0000000000000000000, -0.0000000000000000000, 1.000000000000000000 ) ) ;
#3005 = FILL_AREA_STYLE ('',( #3292 ) ) ;
#3006 = VECTOR ( 'NONE', #1827, 1000.000000000000000 ) ;
#3007 = ORIENTED_EDGE ( 'NONE', *, *, #2771, .T. ) ;
#3008 = AXIS2_PLACEMENT_3D ( 'NONE', #2148, #1590, #1627 ) ;
#3009 = CARTESIAN_POINT ( 'NONE',  ( -0.2632510339889896900, 184.0416305603426100, 24.04163056034266100 ) ) ;
#3010 = CARTESIAN_POINT ( 'NONE',  ( 0.0000000000000000000, 0.0000000000000000000, 121.0000000000000000 ) ) ;
#3011 = VERTEX_POINT ( 'NONE', #270 ) ;
#3012 = VERTEX_POINT ( 'NONE', #1427 ) ;
#3013 = SURFACE_STYLE_FILL_AREA ( #3320 ) ;
#3014 = DIRECTION ( 'NONE',  ( -1.000000000000000000, 0.0000000000000000000, 0.0000000000000000000 ) ) ;
#3015 = SURFACE_SIDE_STYLE ('',( #2658 ) ) ;
#3016 = CYLINDRICAL_SURFACE ( 'NONE', #750, 5.000000000000001800 ) ;
#3017 = ORIENTED_EDGE ( 'NONE', *, *, #691, .F. ) ;
#3018 = EDGE_CURVE ( 'NONE', #998, #2459, #2037, .T. ) ;
#3019 = CIRCLE ( 'NONE', #2401, 5.000000000000001800 ) ;
#3020 = DIRECTION ( 'NONE',  ( -1.000000000000000000, 0.0000000000000000000, 0.0000000000000000000 ) ) ;
#3021 = DIRECTION ( 'NONE',  ( 0.0000000000000000000, 0.0000000000000000000, 1.000000000000000000 ) ) ;
#3022 = ORIENTED_EDGE ( 'NONE', *, *, #2241, .F. ) ;
#3023 = FACE_OUTER_BOUND ( 'NONE', #2566, .T. ) ;
#3024 = EDGE_CURVE ( 'NONE', #864, #1369, #1076, .T. ) ;
#3025 = DIRECTION ( 'NONE',  ( -1.000000000000000000, 0.0000000000000000000, 0.0000000000000000000 ) ) ;
#3026 = EDGE_LOOP ( 'NONE', ( #2039, #2529, #3332 ) ) ;
#3027 = SURFACE_STYLE_USAGE ( .BOTH. , #1867 ) ;
#3028 = FACE_OUTER_BOUND ( 'NONE', #2434, .T. ) ;
#3029 = ORIENTED_EDGE ( 'NONE', *, *, #474, .T. ) ;
#3030 =( NAMED_UNIT ( * ) PLANE_ANGLE_UNIT ( ) SI_UNIT ( $, .RADIAN. ) );
#3031 = AXIS2_PLACEMENT_3D ( 'NONE', #313, #2082, #2939 ) ;
#3032 = DIRECTION ( 'NONE',  ( -0.0000000000000000000, -0.0000000000000000000, 1.000000000000000000 ) ) ;
#3033 = ORIENTED_EDGE ( 'NONE', *, *, #202, .F. ) ;
#3034 = ORIENTED_EDGE ( 'NONE', *, *, #515, .T. ) ;
#3035 = CARTESIAN_POINT ( 'NONE',  ( -2.499999999999955600, 67.50000000000000000, 132.0000000000000000 ) ) ;
#3036 = ORIENTED_EDGE ( 'NONE', *, *, #1982, .F. ) ;
#3037 = MECHANICAL_DESIGN_GEOMETRIC_PRESENTATION_REPRESENTATION (  '', ( #2978 ), #486 ) ;
#3038 = CARTESIAN_POINT ( 'NONE',  ( 4.216221515353538500, -123.1214513539685800, 0.3064045274401301400 ) ) ;
#3039 = DIRECTION ( 'NONE',  ( 1.000000000000000000, 0.0000000000000000000, 0.0000000000000000000 ) ) ;
#3040 =( NAMED_UNIT ( * ) PLANE_ANGLE_UNIT ( ) SI_UNIT ( $, .RADIAN. ) );
#3041 = EDGE_CURVE ( 'NONE', #610, #2982, #3068, .T. ) ;
#3042 = CIRCLE ( 'NONE', #2853, 30.00000000000000000 ) ;
#3043 = ORIENTED_EDGE ( 'NONE', *, *, #40, .F. ) ;
#3044 = ADVANCED_FACE ( 'NONE', ( #1589 ), #101, .F. ) ;
#3045 = ORIENTED_EDGE ( 'NONE', *, *, #793, .T. ) ;
#3046 = EDGE_CURVE ( 'NONE', #1450, #925, #2226, .T. ) ;
#3047 = VERTEX_POINT ( 'NONE', #1451 ) ;
#3048 = DIRECTION ( 'NONE',  ( 0.0000000000000000000, 0.0000000000000000000, -1.000000000000000000 ) ) ;
#3049 = FILL_AREA_STYLE_COLOUR ( '', #723 ) ;
#3050 = CIRCLE ( 'NONE', #88, 4.249999999999998200 ) ;
#3051 = EDGE_CURVE ( 'NONE', #1055, #1748, #2606, .T. ) ;
#3052 = EDGE_LOOP ( 'NONE', ( #821, #45, #1754 ) ) ;
#3053 = DIRECTION ( 'NONE',  ( 1.000000000000000000, 0.0000000000000000000, 0.0000000000000000000 ) ) ;
#3054 = CARTESIAN_POINT ( 'NONE',  ( 4.249999999999999100, -122.4754323830586200, 0.9508505264457788300 ) ) ;
#3055 = CARTESIAN_POINT ( 'NONE',  ( -4.249999999999996400, 122.4999999999999900, 0.0000000000000000000 ) ) ;
#3056 = EDGE_LOOP ( 'NONE', ( #3077, #1128, #2797, #1744 ) ) ;
#3057 = FACE_BOUND ( 'NONE', #1577, .T. ) ;
#3058 =( GEOMETRIC_REPRESENTATION_CONTEXT ( 3 ) GLOBAL_UNCERTAINTY_ASSIGNED_CONTEXT ( ( #490 ) ) GLOBAL_UNIT_ASSIGNED_CONTEXT ( ( #582, #882, #3480 ) ) REPRESENTATION_CONTEXT ( 'NONE', 'WORKASPACE' ) );
#3059 = ORIENTED_EDGE ( 'NONE', *, *, #2811, .T. ) ;
#3060 = ADVANCED_FACE ( 'NONE', ( #3023 ), #2291, .F. ) ;
#3061 = EDGE_CURVE ( 'NONE', #2778, #1450, #779, .T. ) ;
#3062 = ORIENTED_EDGE ( 'NONE', *, *, #178, .T. ) ;
#3063 = CARTESIAN_POINT ( 'NONE',  ( -5.000000000000001800, -138.0000000000000000, 121.0000000000000000 ) ) ;
#3064 = AXIS2_PLACEMENT_3D ( 'NONE', #3125, #223, #3402 ) ;
#3065 = CARTESIAN_POINT ( 'NONE',  ( -160.0000000000000900, 2.143131898507868600E-014, 8.548764340407696400E-016 ) ) ;
#3066 =( NAMED_UNIT ( * ) PLANE_ANGLE_UNIT ( ) SI_UNIT ( $, .RADIAN. ) );
#3067 = CYLINDRICAL_SURFACE ( 'NONE', #353, 189.9999999999999400 ) ;
#3068 = B_SPLINE_CURVE_WITH_KNOTS ( 'NONE', 3,
 ( #3448, #2012, #242, #2600 ),
 .UNSPECIFIED., .F., .F.,
 ( 4, 4 ),
 ( 0.0001042107326384517300, 0.001421082413669577900 ),
 .UNSPECIFIED. ) ;
#3069 = DIRECTION ( 'NONE',  ( 0.0000000000000000000, 0.0000000000000000000, -1.000000000000000000 ) ) ;
#3070 = CARTESIAN_POINT ( 'NONE',  ( 160.0000000000000900, 0.0000000000000000000, 8.548764340407696400E-016 ) ) ;
#3071 = ORIENTED_EDGE ( 'NONE', *, *, #2589, .F. ) ;
#3072 = VERTEX_POINT ( 'NONE', #1237 ) ;
#3073 = ORIENTED_EDGE ( 'NONE', *, *, #1818, .T. ) ;
#3074 = EDGE_CURVE ( 'NONE', #3275, #1039, #1028, .T. ) ;
#3075 = ORIENTED_EDGE ( 'NONE', *, *, #3122, .T. ) ;
#3076 = AXIS2_PLACEMENT_3D ( 'NONE', #2319, #1204, #1157 ) ;
#3077 = ORIENTED_EDGE ( 'NONE', *, *, #3515, .F. ) ;
#3078 = ORIENTED_EDGE ( 'NONE', *, *, #3024, .F. ) ;
#3079 = CONICAL_SURFACE ( 'NONE', #1396, 4.249999999999995600, 1.029744258676653200 ) ;
#3080 = ORIENTED_EDGE ( 'NONE', *, *, #1430, .T. ) ;
#3081 = CARTESIAN_POINT ( 'NONE',  ( 0.5229265212112091900, 184.0231356384680300, 24.02370048516000300 ) ) ;
#3082 = SURFACE_SIDE_STYLE ('',( #2033 ) ) ;
#3083 = AXIS2_PLACEMENT_3D ( 'NONE', #1490, #940, #3484 ) ;
#3084 = VECTOR ( 'NONE', #3761, 1000.000000000000000 ) ;
#3085 = FACE_BOUND ( 'NONE', #272, .T. ) ;
#3086 = DIRECTION ( 'NONE',  ( 0.0000000000000000000, 0.0000000000000000000, 1.000000000000000000 ) ) ;
#3087 = EDGE_LOOP ( 'NONE', ( #3537, #987, #834, #1062 ) ) ;
#3088 = PRESENTATION_STYLE_ASSIGNMENT (( #2003 ) ) ;
#3089 = EDGE_CURVE ( 'NONE', #73, #1032, #1397, .T. ) ;
#3090 = DIRECTION ( 'NONE',  ( -0.0000000000000000000, -0.0000000000000000000, -1.000000000000000000 ) ) ;
#3091 = FACE_OUTER_BOUND ( 'NONE', #1285, .T. ) ;
#3092 = VECTOR ( 'NONE', #3739, 1000.000000000000000 ) ;
#3093 =( NAMED_UNIT ( * ) PLANE_ANGLE_UNIT ( ) SI_UNIT ( $, .RADIAN. ) );
#3094 = DIRECTION ( 'NONE',  ( -0.0000000000000000000, -0.0000000000000000000, -1.000000000000000000 ) ) ;
#3095 = AXIS2_PLACEMENT_3D ( 'NONE', #697, #461, #2230 ) ;
#3096 = ORIENTED_EDGE ( 'NONE', *, *, #647, .T. ) ;
#3097 = VECTOR ( 'NONE', #678, 1000.000000000000000 ) ;
#3098 = CARTESIAN_POINT ( 'NONE',  ( 0.0000000000000000000, 0.0000000000000000000, 1.000000000000070600 ) ) ;
#3099 = DIRECTION ( 'NONE',  ( -0.0000000000000000000, -0.0000000000000000000, -1.000000000000000000 ) ) ;
#3100 = DIRECTION ( 'NONE',  ( 1.000000000000000000, 0.0000000000000000000, 0.0000000000000000000 ) ) ;
#3101 = VECTOR ( 'NONE', #256, 1000.000000000000000 ) ;
#3102 = ORIENTED_EDGE ( 'NONE', *, *, #2336, .T. ) ;
#3103 = FACE_OUTER_BOUND ( 'NONE', #598, .T. ) ;
#3104 = AXIS2_PLACEMENT_3D ( 'NONE', #2557, #2387, #2326 ) ;
#3105 = CIRCLE ( 'NONE', #3417, 2.500000000000002200 ) ;
#3106 = VECTOR ( 'NONE', #1185, 1000.000000000000000 ) ;
#3107 = ORIENTED_EDGE ( 'NONE', *, *, #254, .F. ) ;
#3108 = CARTESIAN_POINT ( 'NONE',  ( 0.0000000000000000000, -138.0000000000000000, 121.0000000000000000 ) ) ;
#3109 = CARTESIAN_POINT ( 'NONE',  ( 3.595299023066330900, 182.4488518569861800, 22.48424331641889000 ) ) ;
#3110 = ORIENTED_EDGE ( 'NONE', *, *, #2997, .T. ) ;
#3111 = CARTESIAN_POINT ( 'NONE',  ( 94.99999999999997200, 1.163414459189985300E-014, 0.0000000000000000000 ) ) ;
#3112 = DIRECTION ( 'NONE',  ( -1.000000000000000000, 0.0000000000000000000, 0.0000000000000000000 ) ) ;
#3113 = ORIENTED_EDGE ( 'NONE', *, *, #1986, .T. ) ;
#3114 = DIRECTION ( 'NONE',  ( -1.000000000000000000, 0.0000000000000000000, 0.0000000000000000000 ) ) ;
#3115 = CYLINDRICAL_SURFACE ( 'NONE', #3527, 30.00000000000000000 ) ;
#3116 = EDGE_CURVE ( 'NONE', #126, #215, #1049, .T. ) ;
#3117 = VERTEX_POINT ( 'NONE', #2076 ) ;
#3118 = CARTESIAN_POINT ( 'NONE',  ( 169.9999999999999700, -200.0000000000000900, 124.5000000000000000 ) ) ;
#3119 = DIRECTION ( 'NONE',  ( -0.0000000000000000000, -0.0000000000000000000, 1.000000000000000000 ) ) ;
#3120 = CARTESIAN_POINT ( 'NONE',  ( -220.0000000000000000, -229.9999999999997200, 124.5000000000000000 ) ) ;
#3121 = ORIENTED_EDGE ( 'NONE', *, *, #259, .T. ) ;
#3122 = EDGE_CURVE ( 'NONE', #3352, #2185, #231, .T. ) ;
#3123 = VERTEX_POINT ( 'NONE', #2131 ) ;
#3124 =( NAMED_UNIT ( * ) SI_UNIT ( $, .STERADIAN. ) SOLID_ANGLE_UNIT ( ) );
#3125 = CARTESIAN_POINT ( 'NONE',  ( 0.0000000000000000000, 0.0000000000000000000, 121.0000000000000000 ) ) ;
#3126 = EDGE_LOOP ( 'NONE', ( #1044, #2490, #416, #3045 ) ) ;
#3127 = FACE_BOUND ( 'NONE', #3617, .T. ) ;
#3128 = DIRECTION ( 'NONE',  ( -0.0000000000000000000, -0.0000000000000000000, -1.000000000000000000 ) ) ;
#3129 = STYLED_ITEM ( 'NONE', ( #575 ), #1264 ) ;
#3130 = DIRECTION ( 'NONE',  ( -0.8571673007021138900, 1.049727191138620700E-016, 0.5150380749100514900 ) ) ;
#3131 = CARTESIAN_POINT ( 'NONE',  ( -189.9999999999999400, 0.0000000000000000000, 0.0000000000000000000 ) ) ;
#3132 = DIRECTION ( 'NONE',  ( -0.0000000000000000000, -0.0000000000000000000, -1.000000000000000000 ) ) ;
#3133 = AXIS2_PLACEMENT_3D ( 'NONE', #601, #25, #614 ) ;
#3134 = VECTOR ( 'NONE', #845, 1000.000000000000000 ) ;
#3135 = ORIENTED_EDGE ( 'NONE', *, *, #1647, .T. ) ;
#3136 = CARTESIAN_POINT ( 'NONE',  ( 2.499999999999994200, -180.0000000000000300, 137.5000000000000000 ) ) ;
#3137 = DIRECTION ( 'NONE',  ( -1.000000000000000000, 0.0000000000000000000, 0.0000000000000000000 ) ) ;
#3138 =( NAMED_UNIT ( * ) SI_UNIT ( $, .STERADIAN. ) SOLID_ANGLE_UNIT ( ) );
#3139 = EDGE_CURVE ( 'NONE', #1016, #3216, #3019, .T. ) ;
#3140 = FACE_OUTER_BOUND ( 'NONE', #2347, .T. ) ;
#3141 = DIRECTION ( 'NONE',  ( -1.000000000000000000, 0.0000000000000000000, 0.0000000000000000000 ) ) ;
#3142 = CYLINDRICAL_SURFACE ( 'NONE', #1884, 12.99999999999998400 ) ;
#3143 = EDGE_CURVE ( 'NONE', #316, #211, #2467, .T. ) ;
#3144 = ORIENTED_EDGE ( 'NONE', *, *, #3051, .T. ) ;
#3145 = CARTESIAN_POINT ( 'NONE',  ( 76.99999999999998600, 9.429780353434617500E-015, 152.0000000000000300 ) ) ;
#3146 = DIRECTION ( 'NONE',  ( 0.8571673007021132200, 0.0000000000000000000, 0.5150380749100526000 ) ) ;
#3147 = VERTEX_POINT ( 'NONE', #959 ) ;
#3148 = SURFACE_STYLE_USAGE ( .BOTH. , #3701 ) ;
#3149 = EDGE_LOOP ( 'NONE', ( #672, #2047, #6, #3369 ) ) ;
#3150 = DIRECTION ( 'NONE',  ( 1.000000000000000000, 0.0000000000000000000, 0.0000000000000000000 ) ) ;
#3151 = AXIS2_PLACEMENT_3D ( 'NONE', #1835, #3252, #1268 ) ;
#3152 = DIRECTION ( 'NONE',  ( 1.000000000000000000, 0.0000000000000000000, -0.0000000000000000000 ) ) ;
#3153 = ORIENTED_EDGE ( 'NONE', *, *, #1001, .T. ) ;
#3154 = AXIS2_PLACEMENT_3D ( 'NONE', #1848, #3002, #1277 ) ;
#3155 = CARTESIAN_POINT ( 'NONE',  ( -170.0000000000000300, -200.0000000000000300, 124.5000000000000000 ) ) ;
#3156 = DIRECTION ( 'NONE',  ( 0.0000000000000000000, 0.0000000000000000000, -1.000000000000000000 ) ) ;
#3157 = UNCERTAINTY_MEASURE_WITH_UNIT (LENGTH_MEASURE( 1.000000000000000100E-005 ), #586, 'distance_accuracy_value', 'NONE');
#3158 = VERTEX_POINT ( 'NONE', #2408 ) ;
#3159 = LINE ( 'NONE', #499, #2294 ) ;
#3160 = CARTESIAN_POINT ( 'NONE',  ( 3.181425717348499700, 179.4748329437027800, 19.50297210353780700 ) ) ;
#3161 = CIRCLE ( 'NONE', #1465, 12.99999999999998400 ) ;
#3162 =( LENGTH_UNIT ( ) NAMED_UNIT ( * ) SI_UNIT ( .MILLI., .METRE. ) );
#3163 = CARTESIAN_POINT ( 'NONE',  ( 0.0000000000000000000, 122.4999999999999900, 19.50000000000000000 ) ) ;
#3164 = VERTEX_POINT ( 'NONE', #3539 ) ;
#3165 = ORIENTED_EDGE ( 'NONE', *, *, #2997, .F. ) ;
#3166 = ORIENTED_EDGE ( 'NONE', *, *, #2777, .T. ) ;
#3167 = EDGE_CURVE ( 'NONE', #1256, #2680, #460, .T. ) ;
#3168 = DIRECTION ( 'NONE',  ( 0.0000000000000000000, 0.0000000000000000000, -1.000000000000000000 ) ) ;
#3169 = DIRECTION ( 'NONE',  ( 1.000000000000000000, 0.0000000000000000000, -0.0000000000000000000 ) ) ;
#3170 = ORIENTED_EDGE ( 'NONE', *, *, #710, .T. ) ;
#3171 = ORIENTED_EDGE ( 'NONE', *, *, #2942, .F. ) ;
#3172 = DIRECTION ( 'NONE',  ( -0.0000000000000000000, -0.0000000000000000000, -1.000000000000000000 ) ) ;
#3173 = CARTESIAN_POINT ( 'NONE',  ( -1.416757936103628700, 122.4999999999999700, 21.20238358033759600 ) ) ;
#3174 = ADVANCED_FACE ( 'NONE', ( #2969 ), #2786, .F. ) ;
#3175 = CONICAL_SURFACE ( 'NONE', #3095, 2.500000000000002200, 1.029744258676659200 ) ;
#3176 = LINE ( 'NONE', #3704, #2142 ) ;
#3177 = AXIS2_PLACEMENT_3D ( 'NONE', #2144, #1558, #84 ) ;
#3178 = ORIENTED_EDGE ( 'NONE', *, *, #3750, .T. ) ;
#3179 = CONICAL_SURFACE ( 'NONE', #1683, 2.499999999999996900, 1.029744258676657600 ) ;
#3180 = CARTESIAN_POINT ( 'NONE',  ( 4.249360504782371700, 122.4262755102040500, 19.50000000000000000 ) ) ;
#3181 = DIRECTION ( 'NONE',  ( -0.0000000000000000000, -0.0000000000000000000, -1.000000000000000000 ) ) ;
#3182 = CARTESIAN_POINT ( 'NONE',  ( 0.6355366587509597700, 122.4987265393856300, 85.53006460043539500 ) ) ;
#3183 = AXIS2_PLACEMENT_3D ( 'NONE', #3624, #3590, #2198 ) ;
#3184 = SURFACE_STYLE_FILL_AREA ( #2147 ) ;
#3185 = PRESENTATION_STYLE_ASSIGNMENT (( #2159 ) ) ;
#3186 = SURFACE_STYLE_USAGE ( .BOTH. , #3471 ) ;
#3187 = CARTESIAN_POINT ( 'NONE',  ( 155.8845726811991300, -89.99999999999948800, 170.5000000000000000 ) ) ;
#3188 = LINE ( 'NONE', #2283, #2323 ) ;
#3189 = VERTEX_POINT ( 'NONE', #83 ) ;
#3190 = EDGE_CURVE ( 'NONE', #2721, #3313, #1540, .T. ) ;
#3191 = CARTESIAN_POINT ( 'NONE',  ( 0.0000000000000000000, -180.0000000000000300, 170.5000000000000000 ) ) ;
#3192 = DIRECTION ( 'NONE',  ( -0.0000000000000000000, -0.0000000000000000000, -1.000000000000000000 ) ) ;
#3193 = CARTESIAN_POINT ( 'NONE',  ( -4.249360504782371700, 122.4262755102040500, 19.50000000000000000 ) ) ;
#3194 = ORIENTED_EDGE ( 'NONE', *, *, #3425, .T. ) ;
#3195 = ORIENTED_EDGE ( 'NONE', *, *, #2795, .T. ) ;
#3196 = CARTESIAN_POINT ( 'NONE',  ( -144.9999999999999700, 0.0000000000000000000, 128.0000000000000000 ) ) ;
#3197 = ADVANCED_FACE ( 'NONE', ( #1710 ), #1348, .F. ) ;
#3198 = FACE_OUTER_BOUND ( 'NONE', #2182, .T. ) ;
#3199 = ORIENTED_EDGE ( 'NONE', *, *, #1982, .T. ) ;
#3200 = CARTESIAN_POINT ( 'NONE',  ( 1.239702665790191500, 122.4938093559398000, 85.31517383317333300 ) ) ;
#3201 = ORIENTED_EDGE ( 'NONE', *, *, #2552, .T. ) ;
#3202 = CARTESIAN_POINT ( 'NONE',  ( 220.0000000000000000, -229.9999999999997400, 124.5000000000000000 ) ) ;
#3203 = CARTESIAN_POINT ( 'NONE',  ( 94.99999999999997200, 1.163414459189985300E-014, 152.0000000000000600 ) ) ;
#3204 = DIRECTION ( 'NONE',  ( 1.000000000000000000, 0.0000000000000000000, 0.0000000000000000000 ) ) ;
#3205 = MECHANICAL_DESIGN_GEOMETRIC_PRESENTATION_REPRESENTATION (  '', ( #3129 ), #3639 ) ;
#3206 = FACE_OUTER_BOUND ( 'NONE', #1526, .T. ) ;
#3207 = DIRECTION ( 'NONE',  ( 1.000000000000000000, 0.0000000000000000000, 0.0000000000000000000 ) ) ;
#3208 = ORIENTED_EDGE ( 'NONE', *, *, #3371, .T. ) ;
#3209 = EDGE_LOOP ( 'NONE', ( #3695, #3387 ) ) ;
#3210 = CARTESIAN_POINT ( 'NONE',  ( -3.999851012478576000, 181.3770170475884500, 21.42111537368984400 ) ) ;
#3211 = AXIS2_PLACEMENT_3D ( 'NONE', #2195, #1289, #434 ) ;
#3212 = UNCERTAINTY_MEASURE_WITH_UNIT (LENGTH_MEASURE( 1.000000000000000100E-005 ), #1763, 'distance_accuracy_value', 'NONE');
#3213 = EDGE_LOOP ( 'NONE', ( #2609, #3688, #694, #812 ) ) ;
#3214 = DIRECTION ( 'NONE',  ( -0.0000000000000000000, -0.0000000000000000000, -1.000000000000000000 ) ) ;
#3215 = CIRCLE ( 'NONE', #274, 2.499999999999990200 ) ;
#3216 = VERTEX_POINT ( 'NONE', #3528 ) ;
#3217 = PLANE ( 'NONE',  #3083 ) ;
#3218 = EDGE_CURVE ( 'NONE', #2996, #3189, #2200, .T. ) ;
#3219 = ADVANCED_FACE ( 'NONE', ( #644 ), #1536, .F. ) ;
#3220 = LINE ( 'NONE', #286, #2219 ) ;
#3221 = DIRECTION ( 'NONE',  ( -0.0000000000000000000, -0.0000000000000000000, 1.000000000000000000 ) ) ;
#3222 = CARTESIAN_POINT ( 'NONE',  ( -2.644154658894303500, 183.3340612662689200, 23.35303295800350700 ) ) ;
#3223 = EDGE_CURVE ( 'NONE', #651, #424, #730, .T. ) ;
#3224 = SURFACE_STYLE_FILL_AREA ( #1745 ) ;
#3225 =( LENGTH_UNIT ( ) NAMED_UNIT ( * ) SI_UNIT ( .MILLI., .METRE. ) );
#3226 = CARTESIAN_POINT ( 'NONE',  ( 0.3229410602233974700, 122.5000000000000300, 85.58326112068510800 ) ) ;
#3227 = CONICAL_SURFACE ( 'NONE', #708, 2.499999999999996900, 1.029744258676657600 ) ;
#3228 = PRESENTATION_STYLE_ASSIGNMENT (( #1140 ) ) ;
#3229 = VERTEX_POINT ( 'NONE', #1260 ) ;
#3230 = SURFACE_SIDE_STYLE ('',( #547 ) ) ;
#3231 = CIRCLE ( 'NONE', #104, 122.4999999999999700 ) ;
#3232 = CIRCLE ( 'NONE', #3151, 30.00000000000000000 ) ;
#3233 = FACE_OUTER_BOUND ( 'NONE', #2484, .T. ) ;
#3234 =( GEOMETRIC_REPRESENTATION_CONTEXT ( 3 ) GLOBAL_UNCERTAINTY_ASSIGNED_CONTEXT ( ( #3314 ) ) GLOBAL_UNIT_ASSIGNED_CONTEXT ( ( #1311, #3040, #119 ) ) REPRESENTATION_CONTEXT ( 'NONE', 'WORKASPACE' ) );
#3235 = CIRCLE ( 'NONE', #3293, 2.500000000000002200 ) ;
#3236 = FILL_AREA_STYLE_COLOUR ( '', #3680 ) ;
#3237 = ADVANCED_FACE ( 'NONE', ( #322 ), #3628, .F. ) ;
#3238 = SURFACE_SIDE_STYLE ('',( #2009 ) ) ;
#3239 = DIRECTION ( 'NONE',  ( -0.0000000000000000000, -0.0000000000000000000, -1.000000000000000000 ) ) ;
#3240 = AXIS2_PLACEMENT_3D ( 'NONE', #1458, #3456, #1179 ) ;
#3241 = LINE ( 'NONE', #1609, #1527 ) ;
#3242 = DIRECTION ( 'NONE',  ( 0.0000000000000000000, 0.0000000000000000000, -1.000000000000000000 ) ) ;
#3243 = SURFACE_STYLE_FILL_AREA ( #2105 ) ;
#3244 = VERTEX_POINT ( 'NONE', #1295 ) ;
#3245 = EDGE_CURVE ( 'NONE', #1859, #1770, #1070, .T. ) ;
#3246 = DIRECTION ( 'NONE',  ( -0.0000000000000000000, -0.0000000000000000000, 1.000000000000000000 ) ) ;
#3247 = CARTESIAN_POINT ( 'NONE',  ( -1.288561584715242500, 178.5269823015063400, 18.53147104885125900 ) ) ;
#3248 =( GEOMETRIC_REPRESENTATION_CONTEXT ( 3 ) GLOBAL_UNCERTAINTY_ASSIGNED_CONTEXT ( ( #135 ) ) GLOBAL_UNIT_ASSIGNED_CONTEXT ( ( #2922, #3538, #66 ) ) REPRESENTATION_CONTEXT ( 'NONE', 'WORKASPACE' ) );
#3249 = PRODUCT_DEFINITION_CONTEXT ( 'detailed design', #112, 'design' ) ;
#3250 = DIRECTION ( 'NONE',  ( -1.000000000000000000, 0.0000000000000000000, 0.0000000000000000000 ) ) ;
#3251 = LINE ( 'NONE', #2725, #2651 ) ;
#3252 = DIRECTION ( 'NONE',  ( 0.0000000000000000000, 0.0000000000000000000, -1.000000000000000000 ) ) ;
#3253 =( LENGTH_UNIT ( ) NAMED_UNIT ( * ) SI_UNIT ( .MILLI., .METRE. ) );
#3254 = AXIS2_PLACEMENT_3D ( 'NONE', #2958, #2134, #71 ) ;
#3255 = ADVANCED_FACE ( 'NONE', ( #1436 ), #2738, .F. ) ;
#3256 = FACE_OUTER_BOUND ( 'NONE', #3733, .T. ) ;
#3257 = DIRECTION ( 'NONE',  ( 0.0000000000000000000, 0.0000000000000000000, -1.000000000000000000 ) ) ;
#3258 = VERTEX_POINT ( 'NONE', #2456 ) ;
#3259 = CARTESIAN_POINT ( 'NONE',  ( 4.249999999999996400, 122.4999999999999900, 0.9262976817621537700 ) ) ;
#3260 = EDGE_CURVE ( 'NONE', #382, #211, #1847, .T. ) ;
#3261 = ORIENTED_EDGE ( 'NONE', *, *, #2424, .T. ) ;
#3262 = DIRECTION ( 'NONE',  ( -0.0000000000000000000, -0.0000000000000000000, 1.000000000000000000 ) ) ;
#3263 = ORIENTED_EDGE ( 'NONE', *, *, #1297, .T. ) ;
#3264 = FILL_AREA_STYLE_COLOUR ( '', #2266 ) ;
#3265 = CARTESIAN_POINT ( 'NONE',  ( 2.500000000000036000, 180.0000000000000000, 137.5000000000000000 ) ) ;
#3266 = VERTEX_POINT ( 'NONE', #1921 ) ;
#3267 = SURFACE_SIDE_STYLE ('',( #3243 ) ) ;
#3268 =( NAMED_UNIT ( * ) SI_UNIT ( $, .STERADIAN. ) SOLID_ANGLE_UNIT ( ) );
#3269 = EDGE_CURVE ( 'NONE', #1819, #2209, #2648, .T. ) ;
#3270 = DIRECTION ( 'NONE',  ( 1.000000000000000000, 0.0000000000000000000, 0.0000000000000000000 ) ) ;
#3271 = CARTESIAN_POINT ( 'NONE',  ( -189.9999999999997700, 220.0000000000000300, 124.5000000000000000 ) ) ;
#3272 = LINE ( 'NONE', #360, #1787 ) ;
#3273 = STYLED_ITEM ( 'NONE', ( #1749 ), #1281 ) ;
#3274 = VECTOR ( 'NONE', #384, 1000.000000000000000 ) ;
#3275 = VERTEX_POINT ( 'NONE', #738 ) ;
#3276 = CARTESIAN_POINT ( 'NONE',  ( -189.9999999999997700, 220.0000000000000300, 124.5000000000000000 ) ) ;
#3277 = AXIS2_PLACEMENT_3D ( 'NONE', #781, #2217, #1091 ) ;
#3278 = ORIENTED_EDGE ( 'NONE', *, *, #181, .F. ) ;
#3279 = DIRECTION ( 'NONE',  ( -0.0000000000000000000, -0.0000000000000000000, -1.000000000000000000 ) ) ;
#3280 = AXIS2_PLACEMENT_3D ( 'NONE', #342, #1514, #32 ) ;
#3281 = CARTESIAN_POINT ( 'NONE',  ( -3.683562786231081800, 122.4446299171554200, 77.75315781707969600 ) ) ;
#3282 = EDGE_LOOP ( 'NONE', ( #2391, #2790, #447, #3464 ) ) ;
#3283 = ADVANCED_FACE ( 'NONE', ( #928 ), #1299, .F. ) ;
#3284 = DIRECTION ( 'NONE',  ( 0.0000000000000000000, 0.0000000000000000000, -1.000000000000000000 ) ) ;
#3285 = EDGE_LOOP ( 'NONE', ( #183, #605, #3459, #2938, #2618, #3627, #3017 ) ) ;
#3286 = EDGE_LOOP ( 'NONE', ( #2898, #961, #3029, #1566, #3135, #2477 ) ) ;
#3287 = DIRECTION ( 'NONE',  ( -0.0000000000000000000, -0.0000000000000000000, -1.000000000000000000 ) ) ;
#3288 = AXIS2_PLACEMENT_3D ( 'NONE', #2128, #2646, #3558 ) ;
#3289 = DIRECTION ( 'NONE',  ( -0.0000000000000000000, -0.0000000000000000000, -1.000000000000000000 ) ) ;
#3290 = FACE_OUTER_BOUND ( 'NONE', #3285, .T. ) ;
#3291 = ORIENTED_EDGE ( 'NONE', *, *, #470, .T. ) ;
#3292 = FILL_AREA_STYLE_COLOUR ( '', #1881 ) ;
#3293 = AXIS2_PLACEMENT_3D ( 'NONE', #464, #495, #2822 ) ;
#3294 = VERTEX_POINT ( 'NONE', #2180 ) ;
#3295 = ORIENTED_EDGE ( 'NONE', *, *, #1907, .T. ) ;
#3296 = SURFACE_SIDE_STYLE ('',( #1918 ) ) ;
#3297 = CARTESIAN_POINT ( 'NONE',  ( 0.0000000000000000000, 0.0000000000000000000, 121.0000000000000100 ) ) ;
#3298 = EDGE_LOOP ( 'NONE', ( #1752, #1456 ) ) ;
#3299 = VERTEX_POINT ( 'NONE', #152 ) ;
#3300 =( GEOMETRIC_REPRESENTATION_CONTEXT ( 3 ) GLOBAL_UNCERTAINTY_ASSIGNED_CONTEXT ( ( #923 ) ) GLOBAL_UNIT_ASSIGNED_CONTEXT ( ( #3674, #1980, #763 ) ) REPRESENTATION_CONTEXT ( 'NONE', 'WORKASPACE' ) );
#3301 =( NAMED_UNIT ( * ) PLANE_ANGLE_UNIT ( ) SI_UNIT ( $, .RADIAN. ) );
#3302 = ADVANCED_FACE ( 'NONE', ( #3103 ), #1626, .F. ) ;
#3303 = ORIENTED_EDGE ( 'NONE', *, *, #1685, .T. ) ;
#3304 = VECTOR ( 'NONE', #3399, 1000.000000000000000 ) ;
#3305 = DIRECTION ( 'NONE',  ( 1.000000000000000000, 0.0000000000000000000, 0.0000000000000000000 ) ) ;
#3306 = DIRECTION ( 'NONE',  ( 1.000000000000000000, 0.0000000000000000000, 0.0000000000000000000 ) ) ;
#3307 = CIRCLE ( 'NONE', #372, 2.499999999999990200 ) ;
#3308 = VECTOR ( 'NONE', #892, 1000.000000000000000 ) ;
#3309 = PRESENTATION_LAYER_ASSIGNMENT (  '', '', ( #2720 ) ) ;
#3310 = LINE ( 'NONE', #2836, #1789 ) ;
#3311 = FILL_AREA_STYLE_COLOUR ( '', #1428 ) ;
#3312 = CARTESIAN_POINT ( 'NONE',  ( 0.0000000000000000000, -67.50000000000000000, 147.0000000000000300 ) ) ;
#3313 = VERTEX_POINT ( 'NONE', #3065 ) ;
#3314 = UNCERTAINTY_MEASURE_WITH_UNIT (LENGTH_MEASURE( 1.000000000000000100E-005 ), #1311, 'distance_accuracy_value', 'NONE');
#3315 = AXIS2_PLACEMENT_3D ( 'NONE', #1466, #3463, #3756 ) ;
#3316 =( NAMED_UNIT ( * ) PLANE_ANGLE_UNIT ( ) SI_UNIT ( $, .RADIAN. ) );
#3317 = ADVANCED_FACE ( 'NONE', ( #774 ), #3394, .F. ) ;
#3318 = EDGE_CURVE ( 'NONE', #1897, #1662, #3310, .T. ) ;
#3319 = STYLED_ITEM ( 'NONE', ( #1073 ), #3060 ) ;
#3320 = FILL_AREA_STYLE ('',( #3049 ) ) ;
#3321 = DIRECTION ( 'NONE',  ( -1.000000000000000000, 0.0000000000000000000, 0.0000000000000000000 ) ) ;
#3322 = EDGE_LOOP ( 'NONE', ( #3468, #412, #1937, #1247 ) ) ;
#3323 = CARTESIAN_POINT ( 'NONE',  ( 0.0000000000000000000, 122.4999999999999900, 19.50000000000000000 ) ) ;
#3324 = DIRECTION ( 'NONE',  ( 0.0000000000000000000, 0.0000000000000000000, -1.000000000000000000 ) ) ;
#3325 = DIRECTION ( 'NONE',  ( -0.0000000000000000000, -0.0000000000000000000, -1.000000000000000000 ) ) ;
#3326 = ORIENTED_EDGE ( 'NONE', *, *, #359, .F. ) ;
#3327 = EDGE_CURVE ( 'NONE', #3158, #510, #1320, .T. ) ;
#3328 = CARTESIAN_POINT ( 'NONE',  ( 65.00000000000000000, 3.061616997868386100E-016, 132.0000000000000000 ) ) ;
#3329 = VERTEX_POINT ( 'NONE', #1946 ) ;
#3330 = FILL_AREA_STYLE_COLOUR ( '', #1979 ) ;
#3331 = CARTESIAN_POINT ( 'NONE',  ( 0.0000000000000000000, 0.0000000000000000000, 1.000000000000070600 ) ) ;
#3332 = ORIENTED_EDGE ( 'NONE', *, *, #2026, .T. ) ;
#3333 = UNCERTAINTY_MEASURE_WITH_UNIT (LENGTH_MEASURE( 1.000000000000000100E-005 ), #748, 'distance_accuracy_value', 'NONE');
#3334 = ADVANCED_FACE ( 'NONE', ( #1510 ), #2318, .T. ) ;
#3335 =( GEOMETRIC_REPRESENTATION_CONTEXT ( 3 ) GLOBAL_UNCERTAINTY_ASSIGNED_CONTEXT ( ( #1472 ) ) GLOBAL_UNIT_ASSIGNED_CONTEXT ( ( #789, #1698, #3124 ) ) REPRESENTATION_CONTEXT ( 'NONE', 'WORKASPACE' ) );
#3336 = CARTESIAN_POINT ( 'NONE',  ( -170.0000000000000300, -200.0000000000000300, 94.50000000000000000 ) ) ;
#3337 = ORIENTED_EDGE ( 'NONE', *, *, #895, .T. ) ;
#3338 = AXIS2_PLACEMENT_3D ( 'NONE', #2476, #3325, #986 ) ;
#3339 = ORIENTED_EDGE ( 'NONE', *, *, #1306, .T. ) ;
#3340 = DIRECTION ( 'NONE',  ( 0.0000000000000000000, 0.0000000000000000000, -1.000000000000000000 ) ) ;
#3341 =( NAMED_UNIT ( * ) SI_UNIT ( $, .STERADIAN. ) SOLID_ANGLE_UNIT ( ) );
#3342 = CARTESIAN_POINT ( 'NONE',  ( -67.50000000000000000, 0.0000000000000000000, 147.0000000000000300 ) ) ;
#3343 = CYLINDRICAL_SURFACE ( 'NONE', #2327, 2.499999999999992500 ) ;
#3344 = DIRECTION ( 'NONE',  ( -0.0000000000000000000, -0.0000000000000000000, -1.000000000000000000 ) ) ;
#3345 = FACE_OUTER_BOUND ( 'NONE', #3556, .T. ) ;
#3346 = VERTEX_POINT ( 'NONE', #2555 ) ;
#3347 = EDGE_CURVE ( 'NONE', #3461, #3244, #604, .T. ) ;
#3348 = LINE ( 'NONE', #1184, #584 ) ;
#3349 = CARTESIAN_POINT ( 'NONE',  ( 189.9999999999997700, -259.9999999999999400, 124.5000000000000000 ) ) ;
#3350 = DIRECTION ( 'NONE',  ( -0.0000000000000000000, -0.0000000000000000000, -1.000000000000000000 ) ) ;
#3351 = EDGE_CURVE ( 'NONE', #1529, #1662, #2843, .T. ) ;
#3352 = VERTEX_POINT ( 'NONE', #1675 ) ;
#3353 = CARTESIAN_POINT ( 'NONE',  ( -4.249360504782372600, -122.4262755102040500, 9.750000000000000000 ) ) ;
#3354 = CARTESIAN_POINT ( 'NONE',  ( -4.249360504782373500, -122.4262755102040800, 1.000000000000063900 ) ) ;
#3355 = ORIENTED_EDGE ( 'NONE', *, *, #1712, .F. ) ;
#3356 = LINE ( 'NONE', #275, #38 ) ;
#3357 =( GEOMETRIC_REPRESENTATION_CONTEXT ( 3 ) GLOBAL_UNCERTAINTY_ASSIGNED_CONTEXT ( ( #609 ) ) GLOBAL_UNIT_ASSIGNED_CONTEXT ( ( #3367, #749, #3662 ) ) REPRESENTATION_CONTEXT ( 'NONE', 'WORKASPACE' ) );
#3358 = VECTOR ( 'NONE', #406, 1000.000000000000000 ) ;
#3359 = ORIENTED_EDGE ( 'NONE', *, *, #1634, .F. ) ;
#3360 = CYLINDRICAL_SURFACE ( 'NONE', #3381, 3.999999999999992900 ) ;
#3361 = DIRECTION ( 'NONE',  ( -0.0000000000000000000, -0.0000000000000000000, -1.000000000000000000 ) ) ;
#3362 = ORIENTED_EDGE ( 'NONE', *, *, #1061, .F. ) ;
#3363 = CARTESIAN_POINT ( 'NONE',  ( 1.772922879646007900, 183.7511704338909900, 23.75956353225822000 ) ) ;
#3364 = AXIS2_PLACEMENT_3D ( 'NONE', #2212, #2171, #1880 ) ;
#3365 = ORIENTED_EDGE ( 'NONE', *, *, #654, .F. ) ;
#3366 = CARTESIAN_POINT ( 'NONE',  ( -4.249360504782373500, 122.4262755102040800, 1.000000000000063900 ) ) ;
#3367 =( LENGTH_UNIT ( ) NAMED_UNIT ( * ) SI_UNIT ( .MILLI., .METRE. ) );
#3368 = DIRECTION ( 'NONE',  ( -1.000000000000000000, 0.0000000000000000000, 0.0000000000000000000 ) ) ;
#3369 = ORIENTED_EDGE ( 'NONE', *, *, #127, .T. ) ;
#3370 = CARTESIAN_POINT ( 'NONE',  ( 0.0000000000000000000, 0.0000000000000000000, 152.0000000000000300 ) ) ;
#3371 = EDGE_CURVE ( 'NONE', #659, #2726, #3409, .T. ) ;
#3372 = EDGE_LOOP ( 'NONE', ( #607, #2838, #3607, #3377 ) ) ;
#3373 = ORIENTED_EDGE ( 'NONE', *, *, #2842, .T. ) ;
#3374 = EDGE_CURVE ( 'NONE', #3294, #1165, #735, .T. ) ;
#3375 = CARTESIAN_POINT ( 'NONE',  ( -4.249999999999996400, 122.4999999999999900, 0.9262976817621537700 ) ) ;
#3376 = DIRECTION ( 'NONE',  ( -0.0000000000000000000, -0.0000000000000000000, -1.000000000000000000 ) ) ;
#3377 = ORIENTED_EDGE ( 'NONE', *, *, #2892, .T. ) ;
#3378 = EDGE_LOOP ( 'NONE', ( #3633, #196, #3546, #1887 ) ) ;
#3379 = CARTESIAN_POINT ( 'NONE',  ( 76.99999999999998600, 9.429780353434617500E-015, 0.0000000000000000000 ) ) ;
#3380 = CARTESIAN_POINT ( 'NONE',  ( -158.3845726811991600, -89.99999999999961600, 170.5000000000000000 ) ) ;
#3381 = AXIS2_PLACEMENT_3D ( 'NONE', #2307, #1483, #2068 ) ;
#3382 = VERTEX_POINT ( 'NONE', #3648 ) ;
#3383 = CARTESIAN_POINT ( 'NONE',  ( -190.0000000000000000, -229.9999999999998900, 124.5000000000000000 ) ) ;
#3384 = SURFACE_STYLE_FILL_AREA ( #60 ) ;
#3385 = EDGE_LOOP ( 'NONE', ( #3749, #2791 ) ) ;
#3386 = CARTESIAN_POINT ( 'NONE',  ( -94.99999999999997200, 0.0000000000000000000, 152.0000000000000600 ) ) ;
#3387 = ORIENTED_EDGE ( 'NONE', *, *, #89, .T. ) ;
#3388 = CARTESIAN_POINT ( 'NONE',  ( -155.8845726811992200, 89.99999999999955900, 170.5000000000000000 ) ) ;
#3389 = AXIS2_PLACEMENT_3D ( 'NONE', #3336, #707, #1896 ) ;
#3390 = ORIENTED_EDGE ( 'NONE', *, *, #1112, .T. ) ;
#3391 = CARTESIAN_POINT ( 'NONE',  ( 3.014880792915567700, 179.3324323940420600, 19.35767855880211000 ) ) ;
#3392 = CARTESIAN_POINT ( 'NONE',  ( 0.0000000000000000000, 0.0000000000000000000, 147.0000000000000300 ) ) ;
#3393 = EDGE_CURVE ( 'NONE', #3584, #2443, #3502, .T. ) ;
#3394 = CYLINDRICAL_SURFACE ( 'NONE', #1253, 2.500000000000002200 ) ;
#3395 = DIRECTION ( 'NONE',  ( 0.0000000000000000000, 0.0000000000000000000, -1.000000000000000000 ) ) ;
#3396 = ADVANCED_FACE ( 'NONE', ( #3206 ), #878, .F. ) ;
#3397 = EDGE_CURVE ( 'NONE', #1738, #3476, #2514, .T. ) ;
#3398 = CARTESIAN_POINT ( 'NONE',  ( 190.0000000000000000, -229.9999999999999400, 124.5000000000000000 ) ) ;
#3399 = DIRECTION ( 'NONE',  ( -0.0000000000000000000, -0.0000000000000000000, 1.000000000000000000 ) ) ;
#3400 = CARTESIAN_POINT ( 'NONE',  ( 2.440356113860195000, 178.9563174226437400, 18.97282594900090300 ) ) ;
#3401 = DIRECTION ( 'NONE',  ( 1.000000000000000000, 0.0000000000000000000, 0.0000000000000000000 ) ) ;
#3402 = DIRECTION ( 'NONE',  ( -1.000000000000000000, 0.0000000000000000000, 0.0000000000000000000 ) ) ;
#3403 = AXIS2_PLACEMENT_3D ( 'NONE', #3108, #3361, #2222 ) ;
#3404 = FACE_OUTER_BOUND ( 'NONE', #3126, .T. ) ;
#3405 = CARTESIAN_POINT ( 'NONE',  ( 0.0000000000000000000, 0.0000000000000000000, 1.000000000000070600 ) ) ;
#3406 = LINE ( 'NONE', #910, #3097 ) ;
#3407 = CARTESIAN_POINT ( 'NONE',  ( 2.833537665388052000, 122.4754180789085000, 20.35109639903875200 ) ) ;
#3408 = EDGE_LOOP ( 'NONE', ( #2306, #1838, #922 ) ) ;
#3409 = CIRCLE ( 'NONE', #1831, 12.99999999999998400 ) ;
#3410 = AXIS2_PLACEMENT_3D ( 'NONE', #3187, #818, #832 ) ;
#3411 = VECTOR ( 'NONE', #3099, 1000.000000000000000 ) ;
#3412 = ORIENTED_EDGE ( 'NONE', *, *, #2479, .F. ) ;
#3413 = CARTESIAN_POINT ( 'NONE',  ( -123.5000000000000700, 0.0000000000000000000, 4.274382170203848200E-016 ) ) ;
#3414 = DIRECTION ( 'NONE',  ( -1.000000000000000000, 0.0000000000000000000, 0.0000000000000000000 ) ) ;
#3415 = EDGE_CURVE ( 'NONE', #855, #2612, #2508, .T. ) ;
#3416 = SURFACE_SIDE_STYLE ('',( #2999 ) ) ;
#3417 = AXIS2_PLACEMENT_3D ( 'NONE', #2901, #2334, #885 ) ;
#3418 = SURFACE_STYLE_FILL_AREA ( #1186 ) ;
#3419 = VERTEX_POINT ( 'NONE', #1961 ) ;
#3420 = DIRECTION ( 'NONE',  ( -0.0000000000000000000, -0.0000000000000000000, 1.000000000000000000 ) ) ;
#3421 = EDGE_LOOP ( 'NONE', ( #1926, #3715, #1081, #1999 ) ) ;
#3422 = EDGE_CURVE ( 'NONE', #1369, #3476, #2687, .T. ) ;
#3423 = CYLINDRICAL_SURFACE ( 'NONE', #1018, 2.499999999999992500 ) ;
#3424 = DIRECTION ( 'NONE',  ( -1.000000000000000000, 0.0000000000000000000, 0.0000000000000000000 ) ) ;
#3425 = EDGE_CURVE ( 'NONE', #59, #454, #1849, .T. ) ;
#3426 = CARTESIAN_POINT ( 'NONE',  ( 3.974398136496900300, 181.5609517486336400, 21.60443828152468600 ) ) ;
#3427 = DIRECTION ( 'NONE',  ( -0.0000000000000000000, 0.7071067811865489100, -0.7071067811865462400 ) ) ;
#3428 = CARTESIAN_POINT ( 'NONE',  ( 0.0000000000000000000, -122.4999999999999900, 19.50000000000000000 ) ) ;
#3429 = ORIENTED_EDGE ( 'NONE', *, *, #2990, .T. ) ;
#3430 = EDGE_LOOP ( 'NONE', ( #1941, #1968, #1638, #153 ) ) ;
#3431 = CARTESIAN_POINT ( 'NONE',  ( 190.0000000000000000, -229.9999999999999400, 94.50000000000000000 ) ) ;
#3432 = AXIS2_PLACEMENT_3D ( 'NONE', #1954, #3119, #799 ) ;
#3433 = CARTESIAN_POINT ( 'NONE',  ( -199.9999999999999400, 0.0000000000000000000, 124.5000000000000000 ) ) ;
#3434 = FACE_OUTER_BOUND ( 'NONE', #345, .T. ) ;
#3435 = EDGE_CURVE ( 'NONE', #2778, #2680, #3543, .T. ) ;
#3436 = CARTESIAN_POINT ( 'NONE',  ( -155.8845726811992200, 89.99999999999955900, 135.9978484524311300 ) ) ;
#3437 = COLOUR_RGB ( '',0.2000000000000000100, 0.2000000000000000100, 0.2000000000000000100 ) ;
#3438 = EDGE_LOOP ( 'NONE', ( #2511, #2642, #3635, #1571 ) ) ;
#3439 = PRODUCT_DEFINITION_FORMATION_WITH_SPECIFIED_SOURCE ( 'ÈÎºÎ', '', #794, .NOT_KNOWN. ) ;
#3440 = LINE ( 'NONE', #1721, #765 ) ;
#3441 = CYLINDRICAL_SURFACE ( 'NONE', #511, 2.500000000000002200 ) ;
#3442 = CARTESIAN_POINT ( 'NONE',  ( 67.50000000000000000, 0.0000000000000000000, 147.0000000000000300 ) ) ;
#3443 = CARTESIAN_POINT ( 'NONE',  ( -4.249999999999999100, 122.4754323830586200, 0.9508505264457788300 ) ) ;
#3444 = CARTESIAN_POINT ( 'NONE',  ( 0.0000000000000000000, 0.0000000000000000000, 0.0000000000000000000 ) ) ;
#3445 = AXIS2_PLACEMENT_3D ( 'NONE', #1071, #3090, #91 ) ;
#3446 = PLANE ( 'NONE',  #1370 ) ;
#3447 = CONICAL_SURFACE ( 'NONE', #1893, 160.0000000000000900, 0.7853981633974463900 ) ;
#3448 = CARTESIAN_POINT ( 'NONE',  ( -4.249999999999996400, 122.4999999999999900, 0.9262976817621537700 ) ) ;
#3449 = VECTOR ( 'NONE', #1692, 1000.000000000000000 ) ;
#3450 = STYLED_ITEM ( 'NONE', ( #1673 ), #2979 ) ;
#3451 = DIRECTION ( 'NONE',  ( -1.000000000000000000, 0.0000000000000000000, 0.0000000000000000000 ) ) ;
#3452 = DIRECTION ( 'NONE',  ( -1.000000000000000000, 0.0000000000000000000, 0.0000000000000000000 ) ) ;
#3453 = ORIENTED_EDGE ( 'NONE', *, *, #2912, .F. ) ;
#3454 = DIRECTION ( 'NONE',  ( -0.0000000000000000000, -0.0000000000000000000, 1.000000000000000000 ) ) ;
#3455 = MECHANICAL_DESIGN_GEOMETRIC_PRESENTATION_REPRESENTATION (  '', ( #618 ), #2448 ) ;
#3456 = DIRECTION ( 'NONE',  ( -0.0000000000000000000, -0.0000000000000000000, 1.000000000000000000 ) ) ;
#3457 = ORIENTED_EDGE ( 'NONE', *, *, #599, .F. ) ;
#3458 = ADVANCED_FACE ( 'NONE', ( #99 ), #3067, .T. ) ;
#3459 = ORIENTED_EDGE ( 'NONE', *, *, #474, .F. ) ;
#3460 = DIRECTION ( 'NONE',  ( 1.000000000000000000, 0.0000000000000000000, 0.0000000000000000000 ) ) ;
#3461 = VERTEX_POINT ( 'NONE', #251 ) ;
#3462 = EDGE_CURVE ( 'NONE', #2612, #855, #324, .T. ) ;
#3463 = DIRECTION ( 'NONE',  ( 0.0000000000000000000, 0.0000000000000000000, 1.000000000000000000 ) ) ;
#3464 = ORIENTED_EDGE ( 'NONE', *, *, #2221, .T. ) ;
#3465 = VERTEX_POINT ( 'NONE', #2322 ) ;
#3466 = CARTESIAN_POINT ( 'NONE',  ( -2.499999999999992500, -180.0000000000000300, 170.5000000000000000 ) ) ;
#3467 = DIRECTION ( 'NONE',  ( 0.0000000000000000000, 0.0000000000000000000, -1.000000000000000000 ) ) ;
#3468 = ORIENTED_EDGE ( 'NONE', *, *, #2145, .F. ) ;
#3469 =( GEOMETRIC_REPRESENTATION_CONTEXT ( 3 ) GLOBAL_UNCERTAINTY_ASSIGNED_CONTEXT ( ( #3616 ) ) GLOBAL_UNIT_ASSIGNED_CONTEXT ( ( #1879, #2993, #1583 ) ) REPRESENTATION_CONTEXT ( 'NONE', 'WORKASPACE' ) );
#3470 = VERTEX_POINT ( 'NONE', #3747 ) ;
#3471 = SURFACE_SIDE_STYLE ('',( #1581 ) ) ;
#3472 = CARTESIAN_POINT ( 'NONE',  ( -4.249999999999995600, 122.4999999999999900, 19.50000000000000000 ) ) ;
#3473 = DIRECTION ( 'NONE',  ( -0.0000000000000000000, -1.000000000000000000, -0.0000000000000000000 ) ) ;
#3474 = DIRECTION ( 'NONE',  ( -0.0000000000000000000, -0.0000000000000000000, -1.000000000000000000 ) ) ;
#3475 = AXIS2_PLACEMENT_3D ( 'NONE', #628, #810, #378 ) ;
#3476 = VERTEX_POINT ( 'NONE', #3203 ) ;
#3477 =( NAMED_UNIT ( * ) PLANE_ANGLE_UNIT ( ) SI_UNIT ( $, .RADIAN. ) );
#3478 = LINE ( 'NONE', #2024, #2716 ) ;
#3479 = EDGE_CURVE ( 'NONE', #2040, #3147, #2783, .T. ) ;
#3480 =( NAMED_UNIT ( * ) SI_UNIT ( $, .STERADIAN. ) SOLID_ANGLE_UNIT ( ) );
#3481 = CARTESIAN_POINT ( 'NONE',  ( 3.897409266361961100, 122.4379916199667200, 78.67595503325414100 ) ) ;
#3482 = AXIS2_PLACEMENT_3D ( 'NONE', #1801, #1221, #2667 ) ;
#3483 =( NAMED_UNIT ( * ) PLANE_ANGLE_UNIT ( ) SI_UNIT ( $, .RADIAN. ) );
#3484 = DIRECTION ( 'NONE',  ( 1.000000000000000000, 0.0000000000000000000, -0.0000000000000000000 ) ) ;
#3485 = PRESENTATION_STYLE_ASSIGNMENT (( #1257 ) ) ;
#3486 = EDGE_CURVE ( 'NONE', #1662, #1529, #3105, .T. ) ;
#3487 = CARTESIAN_POINT ( 'NONE',  ( 0.0000000000000000000, -180.0000000000000300, 170.5000000000000000 ) ) ;
#3488 = CARTESIAN_POINT ( 'NONE',  ( -2.004294657916112500, 183.6624776232184500, 23.67328401101190800 ) ) ;
#3489 = DIRECTION ( 'NONE',  ( -0.0000000000000000000, -0.0000000000000000000, -1.000000000000000000 ) ) ;
#3490 = FACE_OUTER_BOUND ( 'NONE', #1223, .T. ) ;
#3491 = MECHANICAL_DESIGN_GEOMETRIC_PRESENTATION_REPRESENTATION (  '', ( #2720 ), #3248 ) ;
#3492 = FACE_OUTER_BOUND ( 'NONE', #798, .T. ) ;
#3493 = SURFACE_STYLE_USAGE ( .BOTH. , #1173 ) ;
#3494 = CARTESIAN_POINT ( 'NONE',  ( -220.0000000000000000, 189.9999999999998000, 124.5000000000000000 ) ) ;
#3495 = ORIENTED_EDGE ( 'NONE', *, *, #2869, .T. ) ;
#3496 = DIRECTION ( 'NONE',  ( -1.000000000000000000, 0.0000000000000000000, 0.0000000000000000000 ) ) ;
#3497 = VECTOR ( 'NONE', #1767, 1000.000000000000000 ) ;
#3498 = EDGE_LOOP ( 'NONE', ( #1603, #3166 ) ) ;
#3499 = CARTESIAN_POINT ( 'NONE',  ( 153.3845726811991300, -89.99999999999948800, 137.5000000000000000 ) ) ;
#3500 = AXIS2_PLACEMENT_3D ( 'NONE', #527, #489, #2856 ) ;
#3501 = ADVANCED_FACE ( 'NONE', ( #2649, #1120 ), #1708, .F. ) ;
#3502 = CIRCLE ( 'NONE', #2311, 76.99999999999998600 ) ;
#3503 = ORIENTED_EDGE ( 'NONE', *, *, #3629, .F. ) ;
#3504 = DIRECTION ( 'NONE',  ( 1.000000000000000000, 0.0000000000000000000, 0.0000000000000000000 ) ) ;
#3505 = CARTESIAN_POINT ( 'NONE',  ( -1.037538583435278400, 178.4738130370141100, 18.47664169856909300 ) ) ;
#3506 = UNCERTAINTY_MEASURE_WITH_UNIT (LENGTH_MEASURE( 1.000000000000000100E-005 ), #36, 'distance_accuracy_value', 'NONE');
#3507 = EDGE_CURVE ( 'NONE', #3687, #458, #227, .T. ) ;
#3508 = AXIS2_PLACEMENT_3D ( 'NONE', #2340, #2637, #37 ) ;
#3509 = ORIENTED_EDGE ( 'NONE', *, *, #3435, .F. ) ;
#3510 = CYLINDRICAL_SURFACE ( 'NONE', #3277, 54.99999999999997900 ) ;
#3511 = FILL_AREA_STYLE ('',( #297 ) ) ;
#3512 = CARTESIAN_POINT ( 'NONE',  ( -158.3845726811991600, -89.99999999999961600, 137.5000000000000000 ) ) ;
#3513 = FACE_OUTER_BOUND ( 'NONE', #1088, .T. ) ;
#3514 = CARTESIAN_POINT ( 'NONE',  ( -0.6361489565263721600, 122.4987256452142500, 85.53003553319628300 ) ) ;
#3515 = EDGE_CURVE ( 'NONE', #1361, #126, #2289, .T. ) ;
#3516 = ORIENTED_EDGE ( 'NONE', *, *, #2845, .F. ) ;
#3517 = LINE ( 'NONE', #367, #2133 ) ;
#3518 = VERTEX_POINT ( 'NONE', #263 ) ;
#3519 =( NAMED_UNIT ( * ) PLANE_ANGLE_UNIT ( ) SI_UNIT ( $, .RADIAN. ) );
#3520 = CARTESIAN_POINT ( 'NONE',  ( 0.0000000000000000000, 0.0000000000000000000, 4.274382170203848200E-016 ) ) ;
#3521 = FACE_OUTER_BOUND ( 'NONE', #2878, .T. ) ;
#3522 = AXIS2_PLACEMENT_3D ( 'NONE', #2666, #645, #368 ) ;
#3523 = CARTESIAN_POINT ( 'NONE',  ( -3.399729238438702300, 122.4532553040798300, 83.04058061900920500 ) ) ;
#3524 = DIRECTION ( 'NONE',  ( -0.0000000000000000000, -0.0000000000000000000, -1.000000000000000000 ) ) ;
#3525 = VECTOR ( 'NONE', #989, 1000.000000000000000 ) ;
#3526 = CARTESIAN_POINT ( 'NONE',  ( 160.0000000000000900, 0.0000000000000000000, 8.548764340407696400E-016 ) ) ;
#3527 = AXIS2_PLACEMENT_3D ( 'NONE', #3383, #756, #1381 ) ;
#3528 = CARTESIAN_POINT ( 'NONE',  ( -5.000000000000001800, -138.0000000000000000, 0.0000000000000000000 ) ) ;
#3529 = EDGE_LOOP ( 'NONE', ( #2349, #2799 ) ) ;
#3530 = SHAPE_DEFINITION_REPRESENTATION ( #2214, #745 ) ;
#3531 = STYLED_ITEM ( 'NONE', ( #2421 ), #3396 ) ;
#3532 = CYLINDRICAL_SURFACE ( 'NONE', #2095, 76.99999999999998600 ) ;
#3533 = CYLINDRICAL_SURFACE ( 'NONE', #2298, 2.500000000000002200 ) ;
#3534 = CARTESIAN_POINT ( 'NONE',  ( 0.0000000000000000000, 122.4999999999999900, 19.50000000000000000 ) ) ;
#3535 = UNCERTAINTY_MEASURE_WITH_UNIT (LENGTH_MEASURE( 1.000000000000000100E-005 ), #2962, 'distance_accuracy_value', 'NONE');
#3536 = ADVANCED_FACE ( 'NONE', ( #930 ), #3677, .F. ) ;
#3537 = ORIENTED_EDGE ( 'NONE', *, *, #919, .T. ) ;
#3538 =( NAMED_UNIT ( * ) PLANE_ANGLE_UNIT ( ) SI_UNIT ( $, .RADIAN. ) );
#3539 = CARTESIAN_POINT ( 'NONE',  ( 189.9999999999999700, 0.0000000000000000000, 30.00000000000000700 ) ) ;
#3540 = FILL_AREA_STYLE_COLOUR ( '', #1333 ) ;
#3541 = EDGE_CURVE ( 'NONE', #3544, #3117, #2285, .T. ) ;
#3542 = SURFACE_STYLE_USAGE ( .BOTH. , #1820 ) ;
#3543 = LINE ( 'NONE', #844, #1350 ) ;
#3544 = VERTEX_POINT ( 'NONE', #3725 ) ;
#3545 = SURFACE_STYLE_FILL_AREA ( #3576 ) ;
#3546 = ORIENTED_EDGE ( 'NONE', *, *, #3415, .T. ) ;
#3547 = AXIS2_PLACEMENT_3D ( 'NONE', #1367, #1115, #2273 ) ;
#3548 = ORIENTED_EDGE ( 'NONE', *, *, #2842, .F. ) ;
#3549 = DIRECTION ( 'NONE',  ( -1.000000000000000000, 0.0000000000000000000, 0.0000000000000000000 ) ) ;
#3550 = CARTESIAN_POINT ( 'NONE',  ( 4.158645492775586900E-014, 67.50000000000000000, 147.0000000000000300 ) ) ;
#3551 = ORIENTED_EDGE ( 'NONE', *, *, #2176, .F. ) ;
#3552 = PRESENTATION_LAYER_ASSIGNMENT (  '', '', ( #570 ) ) ;
#3553 = ADVANCED_FACE ( 'NONE', ( #2025 ), #1480, .F. ) ;
#3554 = EDGE_LOOP ( 'NONE', ( #137, #766, #2696, #1681 ) ) ;
#3555 = SURFACE_SIDE_STYLE ('',( #3384 ) ) ;
#3556 = EDGE_LOOP ( 'NONE', ( #2454, #3495, #467, #1629 ) ) ;
#3557 = UNCERTAINTY_MEASURE_WITH_UNIT (LENGTH_MEASURE( 1.000000000000000100E-005 ), #3570, 'distance_accuracy_value', 'NONE');
#3558 = DIRECTION ( 'NONE',  ( -1.000000000000000000, 0.0000000000000000000, 0.0000000000000000000 ) ) ;
#3559 = ORIENTED_EDGE ( 'NONE', *, *, #793, .F. ) ;
#3560 = ORIENTED_EDGE ( 'NONE', *, *, #2942, .T. ) ;
#3561 = CARTESIAN_POINT ( 'NONE',  ( 158.3845726811991300, -89.99999999999948800, 170.5000000000000000 ) ) ;
#3562 = ORIENTED_EDGE ( 'NONE', *, *, #259, .F. ) ;
#3563 = DIRECTION ( 'NONE',  ( 0.8571673007021147800, 0.0000000000000000000, 0.5150380749100501600 ) ) ;
#3564 = DIRECTION ( 'NONE',  ( -0.0000000000000000000, -0.0000000000000000000, -1.000000000000000000 ) ) ;
#3565 = EDGE_CURVE ( 'NONE', #2684, #1355, #95, .T. ) ;
#3566 = CARTESIAN_POINT ( 'NONE',  ( 4.249360504782373500, -122.4262755102040800, 1.000000000000063900 ) ) ;
#3567 = DIRECTION ( 'NONE',  ( -0.0000000000000000000, -0.0000000000000000000, -1.000000000000000000 ) ) ;
#3568 = LINE ( 'NONE', #2296, #2272 ) ;
#3569 = AXIS2_PLACEMENT_3D ( 'NONE', #2830, #2817, #3681 ) ;
#3570 =( LENGTH_UNIT ( ) NAMED_UNIT ( * ) SI_UNIT ( .MILLI., .METRE. ) );
#3571 = LINE ( 'NONE', #597, #2540 ) ;
#3572 = ADVANCED_FACE ( 'NONE', ( #3490 ), #1211, .F. ) ;
#3573 = VECTOR ( 'NONE', #199, 1000.000000000000000 ) ;
#3574 = CARTESIAN_POINT ( 'NONE',  ( -170.0000000000000300, 134.9999999999999700, 94.50000000000000000 ) ) ;
#3575 = AXIS2_PLACEMENT_3D ( 'NONE', #1680, #472, #3626 ) ;
#3576 = FILL_AREA_STYLE ('',( #638 ) ) ;
#3577 = DIRECTION ( 'NONE',  ( -1.000000000000000000, 0.0000000000000000000, 0.0000000000000000000 ) ) ;
#3578 = CARTESIAN_POINT ( 'NONE',  ( 0.0000000000000000000, -180.0000000000000300, 137.5000000000000000 ) ) ;
#3579 = EDGE_LOOP ( 'NONE', ( #2436, #12, #3199, #2767 ) ) ;
#3580 = LINE ( 'NONE', #1358, #2728 ) ;
#3581 = B_SPLINE_CURVE_WITH_KNOTS ( 'NONE', 3,
 ( #3566, #2460, #3054, #2194 ),
 .UNSPECIFIED., .F., .F.,
 ( 4, 4 ),
 ( 2.818553216323781500E-007, 0.0001042107326384517300 ),
 .UNSPECIFIED. ) ;
#3582 = CARTESIAN_POINT ( 'NONE',  ( 161.2500000000000000, -165.0000000000000900, 124.5000000000000000 ) ) ;
#3583 = VECTOR ( 'NONE', #2945, 1000.000000000000000 ) ;
#3584 = VERTEX_POINT ( 'NONE', #2918 ) ;
#3585 = VERTEX_POINT ( 'NONE', #8 ) ;
#3586 = EDGE_CURVE ( 'NONE', #703, #2655, #39, .T. ) ;
#3587 = CIRCLE ( 'NONE', #3614, 2.499999999999988500 ) ;
#3588 = ORIENTED_EDGE ( 'NONE', *, *, #3435, .T. ) ;
#3589 = DIRECTION ( 'NONE',  ( 1.000000000000000000, 0.0000000000000000000, 0.0000000000000000000 ) ) ;
#3590 = DIRECTION ( 'NONE',  ( -0.0000000000000000000, -0.0000000000000000000, 1.000000000000000000 ) ) ;
#3591 = FILL_AREA_STYLE_COLOUR ( '', #3752 ) ;
#3592 = ORIENTED_EDGE ( 'NONE', *, *, #1837, .T. ) ;
#3593 = CARTESIAN_POINT ( 'NONE',  ( 4.158645492775586900E-014, 67.50000000000000000, 132.0000000000000000 ) ) ;
#3594 = ADVANCED_FACE ( 'NONE', ( #2072 ), #177, .F. ) ;
#3595 = CARTESIAN_POINT ( 'NONE',  ( 0.0000000000000000000, 0.0000000000000000000, 0.0000000000000000000 ) ) ;
#3596 = MECHANICAL_DESIGN_GEOMETRIC_PRESENTATION_REPRESENTATION (  '', ( #1799 ), #1618 ) ;
#3597 = DIRECTION ( 'NONE',  ( -0.0000000000000000000, -0.0000000000000000000, 1.000000000000000000 ) ) ;
#3598 = ORIENTED_EDGE ( 'NONE', *, *, #377, .T. ) ;
#3599 = CIRCLE ( 'NONE', #396, 144.9999999999999700 ) ;
#3600 = DIRECTION ( 'NONE',  ( -0.0000000000000000000, -0.0000000000000000000, -1.000000000000000000 ) ) ;
#3601 = EDGE_LOOP ( 'NONE', ( #634, #338 ) ) ;
#3602 = FILL_AREA_STYLE ('',( #374 ) ) ;
#3603 = SURFACE_STYLE_USAGE ( .BOTH. , #1611 ) ;
#3604 = ORIENTED_EDGE ( 'NONE', *, *, #2734, .T. ) ;
#3605 = ORIENTED_EDGE ( 'NONE', *, *, #1100, .F. ) ;
#3606 = LINE ( 'NONE', #3512, #2841 ) ;
#3607 = ORIENTED_EDGE ( 'NONE', *, *, #3629, .T. ) ;
#3608 = EDGE_CURVE ( 'NONE', #320, #2091, #2281, .T. ) ;
#3609 = ORIENTED_EDGE ( 'NONE', *, *, #3374, .F. ) ;
#3610 = ADVANCED_FACE ( 'NONE', ( #1842, #1975 ), #3217, .T. ) ;
#3611 = DIRECTION ( 'NONE',  ( 1.000000000000000000, 0.0000000000000000000, 0.0000000000000000000 ) ) ;
#3612 = CYLINDRICAL_SURFACE ( 'NONE', #3522, 8.749999999999980500 ) ;
#3613 = DIRECTION ( 'NONE',  ( 1.000000000000000000, 0.0000000000000000000, 0.0000000000000000000 ) ) ;
#3614 = AXIS2_PLACEMENT_3D ( 'NONE', #1463, #3751, #577 ) ;
#3615 =( NAMED_UNIT ( * ) SI_UNIT ( $, .STERADIAN. ) SOLID_ANGLE_UNIT ( ) );
#3616 = UNCERTAINTY_MEASURE_WITH_UNIT (LENGTH_MEASURE( 1.000000000000000100E-005 ), #1879, 'distance_accuracy_value', 'NONE');
#3617 = EDGE_LOOP ( 'NONE', ( #3208, #2239 ) ) ;
#3618 = CARTESIAN_POINT ( 'NONE',  ( -4.249360504782371700, -122.4262755102040500, 19.50000000000000000 ) ) ;
#3619 = PRESENTATION_STYLE_ASSIGNMENT (( #388 ) ) ;
#3620 = AXIS2_PLACEMENT_3D ( 'NONE', #1963, #2249, #3689 ) ;
#3621 = ORIENTED_EDGE ( 'NONE', *, *, #9, .T. ) ;
#3622 = VECTOR ( 'NONE', #1207, 1000.000000000000000 ) ;
#3623 =( GEOMETRIC_REPRESENTATION_CONTEXT ( 3 ) GLOBAL_UNCERTAINTY_ASSIGNED_CONTEXT ( ( #1722 ) ) GLOBAL_UNIT_ASSIGNED_CONTEXT ( ( #916, #3477, #317 ) ) REPRESENTATION_CONTEXT ( 'NONE', 'WORKASPACE' ) );
#3624 = CARTESIAN_POINT ( 'NONE',  ( -155.8845726811992200, 89.99999999999955900, 137.5000000000000000 ) ) ;
#3625 = DIRECTION ( 'NONE',  ( -0.0000000000000000000, -0.0000000000000000000, 1.000000000000000000 ) ) ;
#3626 = DIRECTION ( 'NONE',  ( -1.000000000000000000, 0.0000000000000000000, 0.0000000000000000000 ) ) ;
#3627 = ORIENTED_EDGE ( 'NONE', *, *, #2581, .F. ) ;
#3628 = CONICAL_SURFACE ( 'NONE', #3183, 2.500000000000002200, 1.029744258676659200 ) ;
#3629 = EDGE_CURVE ( 'NONE', #1816, #2702, #592, .T. ) ;
#3630 = DIRECTION ( 'NONE',  ( -1.000000000000000000, 0.0000000000000000000, 0.0000000000000000000 ) ) ;
#3631 = EDGE_LOOP ( 'NONE', ( #1356, #3001 ) ) ;
#3632 = DIRECTION ( 'NONE',  ( -0.0000000000000000000, -0.0000000000000000000, 1.000000000000000000 ) ) ;
#3633 = ORIENTED_EDGE ( 'NONE', *, *, #3351, .F. ) ;
#3634 = DIRECTION ( 'NONE',  ( -0.0000000000000000000, -0.0000000000000000000, 1.000000000000000000 ) ) ;
#3635 = ORIENTED_EDGE ( 'NONE', *, *, #2237, .T. ) ;
#3636 = CARTESIAN_POINT ( 'NONE',  ( 2.500000000000035100, 67.50000000000000000, 147.0000000000000300 ) ) ;
#3637 = CARTESIAN_POINT ( 'NONE',  ( 157.0000000000000000, 169.9999999999999400, 94.50000000000000000 ) ) ;
#3638 = VERTEX_POINT ( 'NONE', #3265 ) ;
#3639 =( GEOMETRIC_REPRESENTATION_CONTEXT ( 3 ) GLOBAL_UNCERTAINTY_ASSIGNED_CONTEXT ( ( #2099 ) ) GLOBAL_UNIT_ASSIGNED_CONTEXT ( ( #866, #2355, #260 ) ) REPRESENTATION_CONTEXT ( 'NONE', 'WORKASPACE' ) );
#3640 = LINE ( 'NONE', #1015, #740 ) ;
#3641 = DIRECTION ( 'NONE',  ( -0.8571673007021147800, 1.049727191138621700E-016, 0.5150380749100501600 ) ) ;
#3642 = VERTEX_POINT ( 'NONE', #3499 ) ;
#3643 = ORIENTED_EDGE ( 'NONE', *, *, #3671, .F. ) ;
#3644 = LINE ( 'NONE', #937, #1720 ) ;
#3645 = DIRECTION ( 'NONE',  ( 1.000000000000000000, 0.0000000000000000000, 0.0000000000000000000 ) ) ;
#3646 = AXIS2_PLACEMENT_3D ( 'NONE', #1938, #1914, #2781 ) ;
#3647 = CARTESIAN_POINT ( 'NONE',  ( 3.012735541461406500, 183.0705354759196600, 23.09522877879391300 ) ) ;
#3648 = CARTESIAN_POINT ( 'NONE',  ( -178.7500000000000600, 134.9999999999999700, 94.50000000000000000 ) ) ;
#3649 = DIRECTION ( 'NONE',  ( -0.0000000000000000000, -0.0000000000000000000, -1.000000000000000000 ) ) ;
#3650 = AXIS2_PLACEMENT_3D ( 'NONE', #992, #76, #93 ) ;
#3651 = CIRCLE ( 'NONE', #657, 8.750000000000007100 ) ;
#3652 = DIRECTION ( 'NONE',  ( -1.460819769243628900E-016, -1.000000000000000000, 0.0000000000000000000 ) ) ;
#3653 = DIRECTION ( 'NONE',  ( 0.0000000000000000000, 0.0000000000000000000, -1.000000000000000000 ) ) ;
#3654 = FACE_BOUND ( 'NONE', #2410, .T. ) ;
#3655 = CYLINDRICAL_SURFACE ( 'NONE', #560, 122.4999999999999700 ) ;
#3656 = ORIENTED_EDGE ( 'NONE', *, *, #1860, .F. ) ;
#3657 = EDGE_CURVE ( 'NONE', #2185, #2874, #2960, .T. ) ;
#3658 = DIRECTION ( 'NONE',  ( -1.000000000000000000, 0.0000000000000000000, 0.0000000000000000000 ) ) ;
#3659 = ORIENTED_EDGE ( 'NONE', *, *, #1906, .T. ) ;
#3660 = DIRECTION ( 'NONE',  ( -0.0000000000000000000, -0.0000000000000000000, -1.000000000000000000 ) ) ;
#3661 = CARTESIAN_POINT ( 'NONE',  ( 178.7500000000000000, -165.0000000000000900, 94.50000000000000000 ) ) ;
#3662 =( NAMED_UNIT ( * ) SI_UNIT ( $, .STERADIAN. ) SOLID_ANGLE_UNIT ( ) );
#3663 = MANIFOLD_SOLID_BREP ( 'Ô²½Ç1', #1445 ) ;
#3664 = PRESENTATION_LAYER_ASSIGNMENT (  '', '', ( #1013 ) ) ;
#3665 = CIRCLE ( 'NONE', #2833, 2.500000000000002200 ) ;
#3666 = CARTESIAN_POINT ( 'NONE',  ( 4.164928747774379500E-015, 178.3847763108503000, 18.38477631085028500 ) ) ;
#3667 = DIRECTION ( 'NONE',  ( 1.000000000000000000, 0.0000000000000000000, 0.0000000000000000000 ) ) ;
#3668 = AXIS2_PLACEMENT_3D ( 'NONE', #3428, #266, #548 ) ;
#3669 = COLOUR_RGB ( '',0.2000000000000000100, 0.2000000000000000100, 0.2000000000000000100 ) ;
#3670 = FACE_OUTER_BOUND ( 'NONE', #3087, .T. ) ;
#3671 = EDGE_CURVE ( 'NONE', #3544, #3684, #2453, .T. ) ;
#3672 = CARTESIAN_POINT ( 'NONE',  ( 3.872040407951127200, 181.9261573798267500, 21.96734981595276200 ) ) ;
#3673 = VERTEX_POINT ( 'NONE', #1208 ) ;
#3674 =( LENGTH_UNIT ( ) NAMED_UNIT ( * ) SI_UNIT ( .MILLI., .METRE. ) );
#3675 = ADVANCED_FACE ( 'NONE', ( #963 ), #3142, .F. ) ;
#3676 = SURFACE_STYLE_USAGE ( .BOTH. , #175 ) ;
#3677 = CYLINDRICAL_SURFACE ( 'NONE', #2688, 4.249999999999996400 ) ;
#3678 = CARTESIAN_POINT ( 'NONE',  ( 190.0000000000000000, 190.0000000000000300, 94.50000000000000000 ) ) ;
#3679 = DIRECTION ( 'NONE',  ( -0.0000000000000000000, -0.0000000000000000000, -1.000000000000000000 ) ) ;
#3680 = COLOUR_RGB ( '',0.2000000000000000100, 0.2000000000000000100, 0.2000000000000000100 ) ;
#3681 = DIRECTION ( 'NONE',  ( -1.000000000000000000, 0.0000000000000000000, 0.0000000000000000000 ) ) ;
#3682 = EDGE_LOOP ( 'NONE', ( #1345, #1701, #1549, #422 ) ) ;
#3683 = CONICAL_SURFACE ( 'NONE', #1418, 2.499999999999994200, 1.029744258676656300 ) ;
#3684 = VERTEX_POINT ( 'NONE', #1852 ) ;
#3685 = EDGE_CURVE ( 'NONE', #2909, #1452, #1110, .T. ) ;
#3686 = FILL_AREA_STYLE ('',( #1653 ) ) ;
#3687 = VERTEX_POINT ( 'NONE', #3035 ) ;
#3688 = ORIENTED_EDGE ( 'NONE', *, *, #717, .T. ) ;
#3689 = DIRECTION ( 'NONE',  ( 1.000000000000000000, 0.0000000000000000000, 0.0000000000000000000 ) ) ;
#3690 = CARTESIAN_POINT ( 'NONE',  ( -2.499999999999952900, 180.0000000000000000, 137.5000000000000000 ) ) ;
#3691 =( GEOMETRIC_REPRESENTATION_CONTEXT ( 3 ) GLOBAL_UNCERTAINTY_ASSIGNED_CONTEXT ( ( #1198 ) ) GLOBAL_UNIT_ASSIGNED_CONTEXT ( ( #3225, #1499, #1785 ) ) REPRESENTATION_CONTEXT ( 'NONE', 'WORKASPACE' ) );
#3692 = CARTESIAN_POINT ( 'NONE',  ( 0.0000000000000000000, 0.0000000000000000000, 0.0000000000000000000 ) ) ;
#3693 = CIRCLE ( 'NONE', #943, 10.00000000000000900 ) ;
#3694 = EDGE_LOOP ( 'NONE', ( #2254, #3170, #641 ) ) ;
#3695 = ORIENTED_EDGE ( 'NONE', *, *, #3374, .T. ) ;
#3696 = FACE_BOUND ( 'NONE', #1366, .T. ) ;
#3697 = DIRECTION ( 'NONE',  ( -0.0000000000000000000, -0.0000000000000000000, -1.000000000000000000 ) ) ;
#3698 = CARTESIAN_POINT ( 'NONE',  ( 2.279419475170940700, 122.4789722992947100, 75.28337506025840800 ) ) ;
#3699 = MECHANICAL_DESIGN_GEOMETRIC_PRESENTATION_REPRESENTATION (  '', ( #1706 ), #129 ) ;
#3700 = UNCERTAINTY_MEASURE_WITH_UNIT (LENGTH_MEASURE( 1.000000000000000100E-005 ), #252, 'distance_accuracy_value', 'NONE');
#3701 = SURFACE_SIDE_STYLE ('',( #1570 ) ) ;
#3702 = CIRCLE ( 'NONE', #787, 2.500000000000002200 ) ;
#3703 = DIRECTION ( 'NONE',  ( 1.000000000000000000, 0.0000000000000000000, 0.0000000000000000000 ) ) ;
#3704 = CARTESIAN_POINT ( 'NONE',  ( 157.0000000000000000, 169.9999999999999400, 94.50000000000000000 ) ) ;
#3705 = CARTESIAN_POINT ( 'NONE',  ( 4.158645492775586900E-014, 180.0000000000000000, 137.5000000000000000 ) ) ;
#3706 = EDGE_CURVE ( 'NONE', #1949, #2011, #3665, .T. ) ;
#3707 = CARTESIAN_POINT ( 'NONE',  ( 158.3845726811991300, -89.99999999999948800, 170.5000000000000000 ) ) ;
#3708 = DIRECTION ( 'NONE',  ( -1.000000000000000000, 0.0000000000000000000, 0.0000000000000000000 ) ) ;
#3709 = FACE_OUTER_BOUND ( 'NONE', #2488, .T. ) ;
#3710 = LINE ( 'NONE', #3328, #675 ) ;
#3711 = FILL_AREA_STYLE_COLOUR ( '', #85 ) ;
#3712 = FILL_AREA_STYLE ('',( #2837 ) ) ;
#3713 = AXIS2_PLACEMENT_3D ( 'NONE', #3722, #1113, #2846 ) ;
#3714 = DIRECTION ( 'NONE',  ( -0.0000000000000000000, -0.0000000000000000000, -1.000000000000000000 ) ) ;
#3715 = ORIENTED_EDGE ( 'NONE', *, *, #515, .F. ) ;
#3716 = PRESENTATION_STYLE_ASSIGNMENT (( #315 ) ) ;
#3717 = FACE_OUTER_BOUND ( 'NONE', #1555, .T. ) ;
#3718 = UNCERTAINTY_MEASURE_WITH_UNIT (LENGTH_MEASURE( 1.000000000000000100E-005 ), #551, 'distance_accuracy_value', 'NONE');
#3719 = AXIS2_PLACEMENT_3D ( 'NONE', #2532, #2279, #1420 ) ;
#3720 = ORIENTED_EDGE ( 'NONE', *, *, #1712, .T. ) ;
#3721 = DIRECTION ( 'NONE',  ( -0.0000000000000000000, -0.0000000000000000000, 1.000000000000000000 ) ) ;
#3722 = CARTESIAN_POINT ( 'NONE',  ( -190.0000000000000000, 190.0000000000000300, 124.5000000000000000 ) ) ;
#3723 = MECHANICAL_DESIGN_GEOMETRIC_PRESENTATION_REPRESENTATION (  '', ( #3531 ), #3300 ) ;
#3724 = ORIENTED_EDGE ( 'NONE', *, *, #762, .F. ) ;
#3725 = CARTESIAN_POINT ( 'NONE',  ( -54.99999999999998600, 0.0000000000000000000, 134.0000000000000300 ) ) ;
#3726 = DIRECTION ( 'NONE',  ( -0.0000000000000000000, -0.0000000000000000000, -1.000000000000000000 ) ) ;
#3727 = ORIENTED_EDGE ( 'NONE', *, *, #2552, .F. ) ;
#3728 = CARTESIAN_POINT ( 'NONE',  ( 158.3845726811991300, -89.99999999999948800, 137.5000000000000000 ) ) ;
#3729 = SURFACE_STYLE_USAGE ( .BOTH. , #3238 ) ;
#3730 = AXIS2_PLACEMENT_3D ( 'NONE', #2061, #2338, #1166 ) ;
#3731 = ORIENTED_EDGE ( 'NONE', *, *, #2104, .T. ) ;
#3732 = DIRECTION ( 'NONE',  ( -0.0000000000000000000, -0.0000000000000000000, 1.000000000000000000 ) ) ;
#3733 = EDGE_LOOP ( 'NONE', ( #273, #2950, #421 ) ) ;
#3734 = DIRECTION ( 'NONE',  ( -1.000000000000000000, 0.0000000000000000000, 0.0000000000000000000 ) ) ;
#3735 = EDGE_LOOP ( 'NONE', ( #2043, #2161, #327, #1580 ) ) ;
#3736 = AXIS2_PLACEMENT_3D ( 'NONE', #481, #2509, #2824 ) ;
#3737 = DIRECTION ( 'NONE',  ( -0.8571673007021116700, 0.0000000000000000000, -0.5150380749100552700 ) ) ;
#3738 = EDGE_LOOP ( 'NONE', ( #585, #3102, #1135, #1552 ) ) ;
#3739 = DIRECTION ( 'NONE',  ( -0.7071067811865462400, 8.659560562354915600E-017, 0.7071067811865489100 ) ) ;
#3740 = ADVANCED_FACE ( 'NONE', ( #819 ), #977, .T. ) ;
#3741 = EDGE_CURVE ( 'NONE', #3461, #1819, #131, .T. ) ;
#3742 = CARTESIAN_POINT ( 'NONE',  ( 4.146918806383180100, 123.4303571428572200, 4.274382170203848200E-016 ) ) ;
#3743 = DIRECTION ( 'NONE',  ( -0.0000000000000000000, -0.0000000000000000000, -1.000000000000000000 ) ) ;
#3744 = AXIS2_PLACEMENT_3D ( 'NONE', #1393, #3395, #1658 ) ;
#3745 = VECTOR ( 'NONE', #502, 1000.000000000000000 ) ;
#3746 = CARTESIAN_POINT ( 'NONE',  ( 189.9999999999999400, 2.326828918379970700E-014, 0.0000000000000000000 ) ) ;
#3747 = CARTESIAN_POINT ( 'NONE',  ( 199.9999999999999400, 2.449293598294705800E-014, 124.5000000000000000 ) ) ;
#3748 = CIRCLE ( 'NONE', #836, 12.99999999999998400 ) ;
#3749 = ORIENTED_EDGE ( 'NONE', *, *, #3018, .T. ) ;
#3750 = EDGE_CURVE ( 'NONE', #3313, #2721, #1148, .T. ) ;
#3751 = DIRECTION ( 'NONE',  ( -0.0000000000000000000, -0.0000000000000000000, 1.000000000000000000 ) ) ;
#3752 = COLOUR_RGB ( '',0.2000000000000000100, 0.2000000000000000100, 0.2000000000000000100 ) ;
#3753 = CARTESIAN_POINT ( 'NONE',  ( -2.010656508821082200, 178.7351528958860500, 18.74581683837987400 ) ) ;
#3754 = LINE ( 'NONE', #935, #1964 ) ;
#3755 = CONICAL_SURFACE ( 'NONE', #1139, 4.249999999999995600, 1.029744258676653200 ) ;
#3756 = DIRECTION ( 'NONE',  ( 1.000000000000000000, 0.0000000000000000000, -0.0000000000000000000 ) ) ;
#3757 = EDGE_CURVE ( 'NONE', #2982, #1256, #3050, .T. ) ;
#3758 = DIRECTION ( 'NONE',  ( -1.000000000000000000, 0.0000000000000000000, 0.0000000000000000000 ) ) ;
#3759 = DIRECTION ( 'NONE',  ( -0.0000000000000000000, -0.0000000000000000000, -1.000000000000000000 ) ) ;
#3760 = FACE_OUTER_BOUND ( 'NONE', #1183, .T. ) ;
#3761 = DIRECTION ( 'NONE',  ( -0.0000000000000000000, -0.0000000000000000000, -1.000000000000000000 ) ) ;
#3762 = ORIENTED_EDGE ( 'NONE', *, *, #895, .F. ) ;
#3763 = DIRECTION ( 'NONE',  ( -0.0000000000000000000, -0.0000000000000000000, 1.000000000000000000 ) ) ;
#3764 = PRESENTATION_LAYER_ASSIGNMENT (  '', '', ( #3273 ) ) ;
#3765 = ADVANCED_FACE ( 'NONE', ( #2769 ), #2544, .T. ) ;
ENDSEC;
END-ISO-10303-21;
